date,Name,open,high,low,close,volume,return,log_return,close_to_SMA,RSI_14,MACD,MACD_hist,BB_width,volatility_20,price_momentum_20,volume_ratio,OBV_change,close_position,return_lag_1,daily_return,price_range
2013-03-11,AEP,47.38,47.58,47.28,47.38,2171036,-0.1772029102836137,-0.1683616177180772,0.5404578449945024,1.100062563752271,0.2085588041555285,0.1692792346436776,-0.0727293708810871,-0.8932492475757822,0.7584643593860011,-0.3977609938128562,-0.0015251517154919,0.963890058036908,0.0979524517769754,-0.0263165508545973,-1.0636274487157806
2013-03-12,AEP,47.39,47.52,47.09,47.29,2003072,-0.1512574059658479,-0.142503905673671,0.4151797398718264,1.0062500193405903,0.1964003915379947,0.1030970951668596,-0.1227701401327851,-0.8824584901371458,0.6730678025105064,-0.5429080480661388,-0.0015328257022287,0.8776720930888288,-0.1777000936666019,-0.1857421367597907,-0.8335195112953077
2013-03-13,AEP,47.3,47.5,47.2025,47.44,1359597,0.1644813438120493,0.1713042031265103,0.4267066235339967,1.2771642890079145,0.1887956481072676,0.0618724496825827,-0.1679833386450069,-0.8828605842500341,0.6633434462021569,-1.0188179782420903,-0.0010228021001674,1.0213687013356203,-0.151747820867393,0.19730395490578,-1.068686764369221
2013-03-14,AEP,47.52,47.69,47.2999,47.68,2229242,0.281968733500981,0.2876683736187993,0.4828105424941743,1.038679047038456,0.1883468999503896,0.0473121419423432,-0.2176302267196359,-0.8829751701017405,0.7314327136620735,-0.3908428120221165,-0.0009086149714177,1.2512832745304925,0.1640732966240991,0.2280665641638148,-0.909460031171714
2013-03-15,AEP,47.44,48.15,47.37,47.9,3268959,0.254268391715224,0.2602525522934705,0.5164298635848731,1.7811977311429064,0.1927316720702991,0.0481052937354107,-0.3035692606032265,-0.9035380525717224,0.8593021432602269,0.3980549533257941,-0.0008054337775904,1.197732621113056,0.2815913356003665,0.7062682125057799,-0.2342076114561763
2013-03-18,AEP,47.72,47.91,47.63,47.69,2019700,-0.3059435978471358,-0.2968266563467257,0.3255232289032261,1.2023684249419595,0.1841233540428833,0.0152958248016973,-0.3919328397424599,-0.8886685576234652,0.6656178157857211,-0.4662899421115771,-0.0014761021211037,0.934864297965793,0.2538837675434587,-0.0738134820116424,-1.1020087253056934
2013-03-19,AEP,47.77,47.99,47.5,47.7,1847099,-0.019941306734102,-0.0117975249671309,0.2703443217422331,1.0079872886815524,0.1739929343494103,-0.01486961383131,-0.4516829122048513,-0.9090161996140812,0.5223653674348149,-0.5565310761673984,-0.0010096624770123,0.9305905015596304,-0.3064743661989906,-0.1370267237922763,-0.7352018646168454
2013-03-20,AEP,47.85,48.19,47.78,48.06,2084652,0.4368759380696458,0.4407611089302006,0.4004686958301215,1.152205551068307,0.1764029278947512,-0.0067231569393981,-0.5092596861761542,-0.8994366128252084,0.6350139061279851,-0.3228351755917919,-0.0010000659060435,1.296884292778187,-0.0203974648114228,0.3052586818245828,-0.8803427855074596
2013-03-21,AEP,47.9,48.03,47.6,47.63,1926199,-0.5900280056898333,-0.5812493580095863,0.0972574084489898,0.6742877248902084,0.1578739319045818,-0.0541025900336234,-0.6656877570961567,-0.8617986731047805,0.5674980812975554,-0.4354375484042266,-0.0014488828094322,0.7508558299000304,0.4365389512755828,-0.4521825632413743,-0.838928990429637
2013-03-22,AEP,47.69,48.085,47.651,47.86,1548771,0.2676411315162815,0.2734894513594637,0.1778433391927848,0.2608421176878319,0.1488296093120143,-0.0675927504585797,-0.7158672519090381,-0.9810153592021306,0.3668106897590219,-0.733805540035287,-0.0010636297983304,1.0058349644016438,-0.5906328839922673,0.2430020374716772,-0.8355793747216331
2013-03-25,AEP,48.0,48.23,47.49,47.66,2029778,-0.2931633539525781,-0.284061853305259,0.0117425278113359,-0.1889912872378273,0.1305893005238921,-0.1020551889605381,-0.8975919732441159,-1.048478094669936,0.4691116677633575,-0.2879686195304408,-0.0014631788536684,0.6757599358600023,0.2672599959312123,-0.561475029074599,-0.2973197905289218
2013-03-26,AEP,47.77,48.14,47.64,48.03,1380241,0.4503332451244315,0.4540429337044943,0.1689555279923379,0.17561448427968,0.1275290919956344,-0.0905518230127992,-0.9757190091159436,-1.116163493269319,0.3714208310162215,-0.7800108067644682,-0.001079852673307,1.1201426805965335,-0.293690788283919,0.3848926629139196,-0.7237321931599431
2013-03-27,AEP,47.74,48.19,47.615,48.15,1819541,0.1225518332720442,0.129722545099683,0.1936003224047124,0.5994843077339764,0.1266702152573432,-0.0756829401223142,-1.0133345384501835,-1.1337877504047924,0.3015105938432226,-0.3631405761437042,-0.0010399190658521,1.300667777329039,0.4499997689783774,0.6225362333052783,-0.5960799932337024
2013-03-28,AEP,48.17,48.68,48.0948,48.63,2807863,0.5876448292082739,0.5894013863049572,0.4065977372962223,0.8541472328180397,0.1415523844258891,-0.0232706526217763,-0.9871070706500104,-1.0937651920427458,0.4100663525685259,0.5293062383677379,-0.0009510789073608,1.371236908713526,0.1221328478070604,0.6951661390730813,-0.588422997783211
2013-04-01,AEP,48.55,48.6,48.39,48.5,1561052,-0.1994271529594771,-0.1905192496473384,0.2849978682498529,0.8295203974950796,0.1448643331850438,-0.0111223707782262,-1.024583462833194,-1.089109280199798,0.3953345175924028,-0.5658631509087175,-0.0013894254444342,1.1619620025498592,0.5873471739465397,-0.1041247745008031,-1.2304665691132148
2013-04-02,AEP,48.62,48.885,48.18,48.34,3029863,-0.2383833832531912,-0.2293778615303826,0.17263225920606,0.7456701152927566,0.1379063374390832,-0.0278384056664095,-1.0064425832190165,-1.2110016058440585,0.1048400240785258,0.8808200426875054,-0.0015433671765343,0.4335868647799911,-0.1999301340472351,-0.4614152724698003,-0.3758645331896499
2013-04-03,AEP,48.42,48.48,47.94,48.1,2125113,-0.3420967670827067,-0.3329504041595583,0.0287298291390507,0.3829586567308882,0.1198688116103391,-0.0697297532801935,-1.0017824458180478,-1.1974549931383989,-0.0318898370802672,0.041296262436469,-0.0014792083088789,-0.0108719480256955,-0.2388965269694572,-0.5256261595152838,-0.6556884729129071
2013-04-04,AEP,48.15,48.72,48.15,48.66,2086687,0.6918376575554492,0.6919150672333769,0.308135709923975,0.5872131821755594,0.1244820047613633,-0.0449402706407094,-0.9506061295192508,-1.1217554003354595,0.1406755789975862,-0.0014094853977238,-0.0009888530052646,1.0261986151875555,-0.3426369668201333,0.773920425922964,-0.6150746230396588
2013-04-05,AEP,48.3,48.83,48.04,48.71,2239763,0.0309764574606184,0.0388096769798977,0.2987879069014992,0.4832879042644512,0.1269462777253414,-0.0306399680977446,-0.9228522833760447,-1.1512699780726583,0.2416018720682926,0.1196807773951176,-0.0009930654674791,1.1187942011887475,0.6915671833890034,0.6150133024744504,-0.2396655379716614
2013-04-08,AEP,48.65,49.24,48.545,49.23,1892056,0.6316350285816567,0.6327033541011651,0.5346262624980251,0.9865189602971788,0.1459851935315535,0.0234631192864383,-0.8328233004761921,-1.1008750052229492,0.3706278336502009,-0.1982735341035466,-0.0010492250955287,1.4274174427164017,0.0305335824529906,0.874403601109894,-0.4147669793536748
2013-04-09,AEP,49.33,49.33,48.97,49.0,1680257,-0.3238623567765218,-0.3147281987665365,0.3638758397873335,0.7498154389734449,0.1486126229460279,0.0245027057388753,-0.8094741734070405,-1.086303462865368,0.3346802942658445,-0.385259885226288,-0.0014033353656604,0.9531555792660916,0.6313488491750259,-0.5317308849911266,-0.9790237079325216
2013-04-10,AEP,49.07,49.76,49.07,49.64,2556140,0.7801701610113602,0.7786912808834083,0.647022878175168,0.8787440126648454,0.1722013139593758,0.0792883014162718,-0.7293392080721318,-1.0272659431723083,0.5623473549625374,0.4458856388203205,-0.0009833393051072,1.2869054249228602,-0.3243977996487024,0.8512974198294856,-0.4328792402655249
2013-04-11,AEP,49.7,50.0,49.47,49.93,2405710,0.3307193250906739,0.3358887674263834,0.7348753819568027,1.416871330109344,0.1983263321790565,0.1296452405253928,-0.6288292843926067,-1.0215057898721414,0.6033811510600571,0.2417081881340796,-0.0010194668157266,1.3566994597144686,0.7799227304097315,0.3233194770509936,-0.7066722785812813
2013-04-12,AEP,49.84,50.04,49.72,49.98,1685439,0.029349277896201,0.0371930616998337,0.6976512576605591,1.3571440248408144,0.2168030683459114,0.1502442454709487,-0.5410574618160746,-1.0239200137899631,0.540976571515799,-0.4219638259143978,-0.0010979499025117,1.3681780434863104,0.3303546449029422,0.1859075647646905,-1.057728961004258
2013-04-15,AEP,49.82,49.96,49.07,49.07,2259252,-1.1665457454067651,-1.1625011747685614,0.1728788744320076,0.685626904591847,0.1917261516728401,0.0546170967768,-0.54368483062312,-0.8327910258872643,0.1912550531359463,0.1839135223429227,-0.001427131824304,0.1783861673618198,0.0289059784013652,-1.1636878649925446,-0.0797411666936365
2013-04-16,AEP,49.18,49.57,48.9,49.54,2412840,0.5633210065576678,0.565445104248678,0.3760938724933538,0.7283442367657291,0.1865036235034457,0.029220232044286,-0.538881729691514,-0.8203781397584514,0.40224661096924,0.3127775821810481,-0.0010317283218668,0.791078450733573,-1.1673010216191828,0.526726203471738,-0.4641867234285531
2013-04-17,AEP,49.42,49.6,48.91,49.37,2681140,-0.2466388846899438,-0.237615808542636,0.2386402766442344,0.5446043737337956,0.1719954785993217,-0.0149982773685994,-0.5595157901763482,-0.8094359694648057,0.3467062304889851,0.5231202676039557,-0.0014605863277782,0.5694663482374042,0.5630170058674456,-0.1027550222836509,-0.4265438127317686
2013-04-18,AEP,49.47,49.56,49.16,49.48,2263115,0.1057194547170611,0.1130219515110621,0.2591035296695935,0.3638668765422175,0.16127161015827,-0.0406324224278231,-0.5570481702457752,-0.8245826716029655,0.2664577218652271,0.1137137014038969,-0.0010431333112739,0.7128624145584525,-0.2471541820436028,-0.0110443080487645,-0.9175901939396948
2013-04-19,AEP,49.61,50.104,49.485,49.94,3047264,0.5457973532568318,0.5481804928061493,0.4431399878601411,0.6840187282475294,0.1672523366668554,-0.0181423986380113,-0.5692546371275327,-0.8532909432594412,0.5448037428625305,0.7865582439783991,-0.0009920103488358,1.2343226037075865,0.1052960781390545,0.4762452129622739,-0.5583244623650304
2013-04-22,AEP,49.95,50.59,49.81,50.37,2396628,0.503066354312911,0.5060609682022994,0.6047391757210029,0.9769365623906394,0.185085338364729,0.0303571726987087,-0.5358689735583241,-0.8389730443021842,0.6027537082694641,0.1395903904862688,-0.0010618734873579,1.2069690946969611,0.5454887811186728,0.6089537147589564,-0.3007566927645012
2013-04-23,AEP,50.33,50.64,50.13,50.64,2659948,0.3007278029799855,0.3062278700056691,0.6671345584339141,1.2613727355815956,0.2057759442335267,0.076512253711487,-0.5236881043064511,-0.8581303306638456,0.7508175858442964,0.3455793994098171,-0.0010542826188364,1.442878752192886,0.5027466348110371,0.4390332087270813,-0.751990600672823
2013-04-24,AEP,50.76,51.14,50.43,50.9,2751439,0.2866542284654841,0.2923045420233577,0.7268524290228616,1.169024292406062,0.2280805520557003,0.1175907317652766,-0.4725849230665116,-0.8663841197156089,0.7101078330819897,0.3546654675039661,-0.0010601933210562,1.2165514985797783,0.3003552988140274,0.1820611071924052,-0.4288089669062365
2013-04-25,AEP,51.0,51.17,50.65,50.76,7200368,-0.2042362247766738,-0.1953149513969118,0.5810202851082441,1.0312386207701136,0.235832654436902,0.1129956157190288,-0.4585282322399692,-0.8524312244548627,0.6286163886644622,3.580698994364725,-0.0016908689533374,1.0209238201955384,0.2862780528839785,-0.3818543633744594,-0.7375562311846354
2013-04-26,AEP,50.19,50.88,50.18,50.54,7131799,-0.3028299329194523,-0.2937165108127818,0.4125062775222492,0.641072267808332,0.2289823075049128,0.0717330697254241,-0.4459380953434174,-0.8589442563209219,0.4093544214578116,3.097456057243813,-0.0017720863626066,0.7945089786359891,-0.2047404604214046,0.5005438756479853,-0.4370183696748393
2013-04-29,AEP,50.73,51.38,50.565,51.31,7913455,0.9155336141288546,0.911434290501655,0.7435872029981118,1.1224160987405372,0.2492874237578114,0.1086207276975904,-0.3856913662172903,-0.7977809049296832,0.6834344759889175,3.0803634662117623,-0.0005168564600624,1.3752355232333004,-0.303359889000209,0.837472832016939,-0.2675507505368134
2013-04-30,AEP,51.27,51.5,51.12,51.43,2640084,0.1126084102679098,0.1198575162225013,0.7227386399586654,0.9403602665203974,0.2653471538222785,0.1272033031089908,-0.3598119569129219,-0.8146719288977914,0.771319864761104,-0.3238202178689375,-0.0010507542820366,1.3775156320746345,0.915321496196784,0.2094604264357273,-0.975544654424041
2013-05-01,AEP,51.48,51.595,51.115,51.23,2669981,-0.2751039081054825,-0.2660287120693173,0.5329206106952431,0.6473256217014709,0.2654474270929757,0.1009899963868555,-0.4184055374336961,-0.8217951897782189,0.788217436823627,-0.3194882548989322,-0.0014242786666032,1.1015774129055396,0.1121868308323768,-0.3932152744388537,-0.8104608801428693
2013-05-02,AEP,51.23,51.355,50.94,51.17,2164566,-0.1059119565772594,-0.0973378053696228,0.4341330127251694,0.5748924763118622,0.2584897083953384,0.0618522011832709,-0.4463163523256479,-0.8487059011313972,0.5900906477189943,-0.64771155086845,-0.0014002128566436,1.0454730831596797,-0.2756266312150799,-0.1148019521746801,-0.915411125581872
2013-05-03,AEP,51.39,51.5,51.02,51.08,2821924,-0.1424981609894017,-0.133776737174199,0.3238850619537602,1.3819057134382384,0.2449143001530403,0.0135081460534253,-0.4995102469649852,-0.8416153578600348,0.547101624675691,-0.2403645707708645,-0.0014603998138357,0.8815825253788245,-0.1063905420755694,-0.4820677359051109,-0.808167821165948
2013-05-06,AEP,50.99,51.1,50.44,50.46,2611696,-0.7886730839506493,-0.7809100574252059,-0.0323043540811948,0.5025128194157523,0.2056880172666269,-0.091192007814466,-0.5422342449065084,-0.7905981395667854,0.1994630443468248,-0.3935349996929829,-0.0014613307639707,0.0428987726020794,-0.1429862908404675,-0.8116165338914519,-0.5012532075853505
2013-05-07,AEP,50.55,51.08,50.48,51.07,2567903,0.7196278743904813,0.7192287754286895,0.2312941183149941,0.9598378329106212,0.1946676924004864,-0.1023504805193115,-0.598595367595392,-0.7621409388387311,0.4529548360619191,-0.4434323522095839,-0.0010093716696757,0.7953109202235711,-0.7893297833897818,0.7508729305191845,-0.612187115267552
2013-05-08,AEP,50.42,50.55,49.9,50.12,3171673,-1.1911150096397114,-1.187393828399378,-0.2758780092760083,0.173643642271474,0.1451765123887863,-0.2103005775668888,-0.6215103628081352,-0.6596800427272079,-0.025463578060908,-0.0856432777601302,-0.0015085569285734,-0.3764784900066252,0.7193646499411596,-0.4758511710081344,-0.5104867382389863
2013-05-09,AEP,50.1,50.25,48.73,48.83,3444769,-1.63540762272381,-1.6392698005630697,-0.9196158759778827,-0.7313650468583928,0.052879925729491,-0.4068410350372545,-0.5254932796585889,-0.4462455407435081,-0.4910340190133828,0.0497599043806182,-0.0015620365122532,-1.765275506455802,-1.191876695309698,-1.941501523984282,1.0029440898089106
2013-05-10,AEP,48.78,48.93,48.41,48.82,2691216,-0.0457459995330756,-0.0374606293143852,-0.8954958133116484,-1.0030614554210282,-0.0221007168594149,-0.5195024590636795,-0.4398792886682405,-0.4474042159506578,-0.508341244256186,-0.432681365096308,-0.0015246196752954,-1.4533861666149348,-1.6362852123388547,0.0356365325078203,-0.7036293718678707
2013-05-13,AEP,48.67,48.77,48.44,48.67,2768944,-0.2242845646573258,-0.2153115563417543,-0.963653291719682,-1.2462636625489854,-0.0881072550060779,-0.5865324079362416,-0.3976356837851355,-0.5478346284053992,-0.287196122472931,-0.3985627109441996,-0.0015655564101049,-1.609941027091032,-0.0462088893579167,-0.0263165508545973,-1.0262430773581932
2013-05-14,AEP,48.74,48.96,48.55,48.87,2485259,0.2228413824612582,0.2291336354191172,-0.8422671585326025,-1.2905032335719069,-0.132713091727043,-0.5850713299693859,-0.346736246524811,-0.5760566946449972,-0.3661040828838072,-0.5687362042836791,-0.0009147912244579,-1.401201213122905,-0.2247940303725452,0.1751962121913764,-0.8921270028263929
2013-05-15,AEP,48.86,49.75,48.79,49.41,2862659,0.6549380729546888,0.6556295554637919,-0.5612717784748981,-0.8712643375045785,-0.1468152431851229,-0.5053865068384407,-0.3491612906965966,-0.5347157079211261,-0.1555777805669613,-0.3491940252083649,-0.0009049084257851,-0.8376037154089512,0.2224485598314348,0.824143576821586,0.027927766866218
2013-05-16,AEP,49.32,49.45,48.99,49.05,2228155,-0.4866065166296809,-0.4775534061112575,-0.7383155083022547,-0.9243596482716622,-0.171874207626512,-0.4698412963354024,-0.3199985664560262,-0.5192053801680582,-0.2951086452037042,-0.7242196718566162,-0.0014771060366183,-1.213335380551587,0.6546579726830586,-0.439921214141847,-0.8097378588308803
2013-05-17,AEP,49.15,49.645,49.08,49.64,2243164,0.7158773947497618,0.7155433071357298,-0.4223136541584573,-1.038819041949286,-0.1682702208226556,-0.3676271848493874,-0.3108816110085858,-0.4989325318596255,-0.2557021170236862,-0.6994799061988569,-0.0009849638310719,-0.597552929345596,-0.4871844150584173,0.7268955494227266,-0.6427424027325993
2013-05-20,AEP,49.59,49.79,49.41,49.47,1751441,-0.2462085002386135,-0.2371863121750808,-0.4879712075992299,-1.1778545153946136,-0.1718199982198043,-0.3042695615646641,-0.2933366804318724,-0.5245478812818164,-0.4298929625480194,-0.9841174518455308,-0.0014268519611203,-0.7749817712185095,0.7156131919015799,-0.2091399874195651,-0.9511474982564
2013-05-21,AEP,49.47,49.67,49.1,49.36,2032294,-0.1714311375502571,-0.1626084410343503,-0.5125341355890004,-1.1472146716259923,-0.1785996953273142,-0.2618972206695305,-0.2799140799496508,-0.5381419338514566,-0.5387009501764545,-0.8024518769723058,-0.001471565172653,-0.8897886689009811,-0.2467236853165912,-0.1943112217187911,-0.6289193250621655
2013-05-22,AEP,49.3,49.88,48.49,48.59,2939658,-1.0042012471421575,-0.9982708981932368,-0.8570334269262891,-1.36573040640791,-0.2135114027846359,-0.3004106583121044,-0.2315602819662076,-0.4891588324813669,-0.833998155751504,-0.2531287543392855,-0.0016034945300545,-1.6934369526782824,-0.1719268152336003,-1.114384856411053,0.79278382301725
2013-05-23,AEP,48.18,48.54,47.87,48.28,2908944,-0.4301969408611161,-0.4210672383087419,-0.9567531624928542,-1.4240129408810325,-0.2521687235563232,-0.3408625526180486,-0.1653462003276199,-0.4838320796462245,-0.8850231042732402,-0.1492621244020434,-0.0016530719941987,-1.5154197166988872,-1.0049141720589354,0.1304949584033335,-0.4347709645469115
2013-05-24,AEP,47.96,48.23,47.62,47.71,2110556,-0.7680225835278763,-0.7601239639796834,-1.1852844953205557,-1.4111065521282438,-0.3034359570446789,-0.4056817663207126,-0.0508629560684244,-0.4571383366436503,-0.9898539805182424,-0.5482987289235527,-0.0015921070373429,-1.8060382976093976,-0.4307601235548209,-0.4201436211239367,-0.5257627141421726
2013-05-28,AEP,47.14,47.23,46.31,46.56,7232588,-1.533661377852896,-1.5354953879586324,-1.6742998412004322,-2.0423111893586743,-0.3865646471166831,-0.5395479780464386,0.1257408273831253,-0.4411256806884653,-1.5270776164857651,3.144060956091403,-0.0026125007303013,-1.7240567333365289,-0.7686738958090955,-0.9558887908434072,0.0554456551630384
2013-05-29,AEP,46.16,46.3,45.571,46.19,4280172,-0.5277441932766628,-0.518779456652291,-1.740149776468344,-1.9461060964781745,-0.4633611173728715,-0.6303419226278373,0.2736980544386058,-0.4560541091859776,-1.6638315963413766,0.9393078717909066,-0.0028433754608488,-1.5397243702966028,-1.534512424620213,0.0227855625512558,-0.2759853764399879
2013-05-30,AEP,46.38,47.53,46.05,46.09,3593219,-0.1677828746138898,-0.1589722081405462,-1.6645120734849674,-1.6840209387564982,-0.523816347305831,-0.66091500700913,0.3856804520557481,-0.4535511467942658,-1.6410054393531184,0.4212076105302058,-0.0044176381531163,-1.5903177594556002,-0.5283328234143527,-0.4987188297794842,1.0848416797618072
2013-05-31,AEP,45.97,46.709,45.77,45.82,2810434,-0.3977100835076846,-0.388559640317815,-1.6743423052140576,-1.7506920658224967,-0.5773938753457493,-0.6676703882384681,0.4757714254205538,-0.4591019190820392,-1.7030063599751633,-0.1368010906379665,0.0160020971372412,-1.7416972526432346,-0.1682776005639508,-0.2728418450479931,0.1165998627397038
2013-06-03,AEP,45.8,46.305,45.02,46.14,4676226,0.4018047426214818,0.4061338454921893,-1.3751695459276376,-1.467621522182181,-0.6020171117378952,-0.5985468449575628,0.4796461996952583,-0.4150574738795867,-1.587828449724654,1.0336714380619536,-0.0052203172015921,-1.268953554668097,-0.3982647912575823,0.5345482298126533,0.7297208345248304
2013-06-04,AEP,46.02,46.27,45.78,46.05,3282753,-0.1544356480554308,-0.1456708131630879,-1.3099033961832347,-1.64159143101088,-0.6196266797678257,-0.5251949487060987,0.5061081206762607,-0.4298514456729561,-1.451022002742628,0.0931297534803691,-0.0076881298201398,-1.3163016328460186,0.4014586066995904,0.0229349388197539,-0.704526482346041
2013-06-05,AEP,45.87,45.93,45.5,45.61,2828725,-0.6278611136135733,-0.6192262954795339,-1.4080565368719704,-2.1812249969530693,-0.64515802630056,-0.4869039532007751,0.4604456286882867,-0.5199525112322723,-1.737646528137366,-0.2101872030885359,0.002957098656517,-1.5266432722132497,-0.1549268920745117,-0.4545586293748081,-0.8056065236144323
2013-06-06,AEP,45.64,45.84,45.22,45.67,4674275,0.0489044667030589,0.0566184966839807,-1.258758692075039,-2.0609577819087224,-0.6571513722850004,-0.4214245764366791,0.4611558900563346,-0.5690595939902908,-1.4714503207546707,0.9150733528355968,-0.004003989640335,-1.468163588435532,-0.6284758615522179,0.0233450081904111,-0.4599174458261945
2013-06-07,AEP,45.75,46.35,45.625,46.15,4548690,0.6213472457443864,0.622579237434206,-0.9234748563356644,-2.162689314089676,-0.6420603503885886,-0.2993263783470604,0.48865383168949,-0.6738999697710432,-0.9735378284585692,0.7866182166425258,-0.5337400063288072,-1.1083963783956976,0.0484662686289137,0.6342455051932259,-0.282068797794046
2013-06-10,AEP,46.36,46.49,45.78,45.91,4701978,-0.3567648187756232,-0.3476125311059077,-0.9781942328590169,-2.175585100884901,-0.6339344955821148,-0.2195760400621947,0.516528408987537,-0.6746724594469241,-1.0428939734402545,0.7941430731198545,-0.0041265497820379,-1.2725534913558223,0.621058382533025,-0.7596708071576979,-0.3024541531056214
2013-06-11,AEP,45.56,45.84,45.31,45.36,3272423,-0.7788448913248015,-0.7710164617633858,-1.1945603013733308,-2.2494170230861315,-0.6434194941762235,-0.2011058029233355,0.5759965577758052,-0.6457515734255932,-1.1662950903684497,-0.0835569061073136,0.0500689560692458,-1.6487468752227694,-0.3573088450116399,-0.3579749580559632,-0.6175440180751817
2013-06-12,AEP,45.73,46.07,45.1,45.2,3535195,-0.2526011135934162,-0.2435660411265203,-1.1856545059552417,-2.1436538781716483,-0.6514202967959783,-0.1825093183241241,0.6107290030925656,-0.6686408256238159,-1.2703956469158464,0.0414238408803233,0.00160158998646,-1.7581849505295155,-0.7794990268538788,-0.9019440631014524,0.1971856893445112
2013-06-13,AEP,45.23,45.95,44.855,45.92,3011302,0.9587249082530924,0.9537296432104352,-0.689463289069435,-1.448687804147403,-0.6239288132678411,-0.0762755970861315,0.5209480757347397,-0.6059848214217056,-1.204838978027142,-0.2715022277387531,-0.0024392278956602,-1.176774757911047,-0.2531179663315918,1.1262532426613148,0.396007128426357
2013-06-14,AEP,45.8,46.18,45.46,45.51,3945945,-0.588871377860441,-0.5800886999128535,-0.8223922372010561,-1.3983381836890902,-0.6129083369340714,-0.0336847090719876,0.4588948761670617,-0.6006752040744827,-1.2274236427796454,0.2220165700938302,0.0015134620486689,-1.44800151021979,0.9585240577633194,-0.5047012167178343,-0.2728132722359134
2013-06-17,AEP,45.75,46.0,45.41,45.57,3556035,0.0490844282714134,0.0567972358620648,-0.6769242549104613,-0.8721165130552625,-0.596631732688244,0.0139171841027443,0.2782754720749425,-0.6860102165219661,-1.3716319968451374,-0.0393171399989286,-0.0024889132963209,-1.408309790369729,-0.589475954429908,-0.3235694760761184,-0.5123002662616171
2013-06-18,AEP,45.61,46.11,45.49,45.9,2853356,0.417852154765514,0.4219805324134169,-0.3913168990349644,-0.3909909450761939,-0.5659176418842624,0.0891605405074424,0.0427799214276254,-0.6383668430494365,-1.2273310386652754,-0.4598430484299526,-0.0030576243344915,-1.1900053311944023,0.0486462771443817,0.4540609474250835,-0.4655868027715071
2013-06-19,AEP,45.81,45.93,44.78,44.79,4245507,-1.5385825707951009,-1.5405106771433703,-0.8939548575143824,-0.9199705702420272,-0.5802684200721687,0.0333590286204623,-0.1927805652672123,-0.4993621365723981,-1.5272324460422046,0.2436190424408005,0.0065609650645359,-1.874784782235016,0.417510205180106,-1.7085435943752194,0.5484838265323412
2013-06-20,AEP,44.55,44.55,43.1,43.19,5733645,-2.256993810359706,-2.2770515493166306,-1.6593095805634837,-1.3684517362411597,-0.6488273854871909,-0.150813121638631,-0.1368614676088472,-0.2473589020210788,-1.799651623494278,0.9345978196250392,0.0015220997724477,-1.8263071348139808,-1.539434901368765,-2.332723460354917,1.2066442822272816
2013-06-21,AEP,43.5,44.04,42.83,43.78,5150106,0.8174842098809515,0.8153114040001139,-1.19839360136218,-1.2055884763227471,-0.6738692321770783,-0.1861385273778648,-0.215297764914392,-0.1486611229091766,-1.536355840196137,0.5565123807279347,-0.0024867677647268,-1.2964930703291673,-2.2580335550257664,0.4599937904082003,0.712066680474513
2013-06-24,AEP,43.46,43.96,42.95,43.57,2795506,-0.3316298455802878,-0.3224898328708906,-1.2050377136125887,-1.2388610903430592,-0.695656799650952,-0.2060223932883968,-0.2369881935834947,-0.1625155634779385,-1.4418914331739805,-0.6445094222304925,-1.8787647531667448e-05,-1.3579210112692992,0.8172465135070428,0.1649097806606272,0.3406078832631554
2013-06-25,AEP,43.83,44.285,43.41,43.91,3179666,0.4528367030928173,0.4565134324899322,-0.9345591977787584,-0.9191509029589988,-0.6932475034827984,-0.1596471755419423,-0.2035536327790424,-0.2418119135134308,-1.0033737758211685,-0.3680052299131324,-0.0022087782283468,-1.117448304305377,-0.3321673147805437,0.1115831254592852,0.0694197078823017
2013-06-26,AEP,44.19,44.71,44.16,44.6,2735235,0.9453242911322935,0.94061009383598,-0.4895471761617371,-0.6099068304182667,-0.6582905103257506,-0.0387697895914462,-0.2155305660667686,-0.1615432472824629,-0.6730325620566973,-0.5726445409255928,-0.0025174989770247,-0.629430163702114,0.4525038800313438,0.6746617681269144,-0.5635778770521901
2013-06-27,AEP,44.71,45.24,44.39,44.48,2815764,-0.200506457846085,-0.1915955215491185,-0.5131637160603589,-0.8791038678520395,-0.6297463330374342,0.0414256415169938,-0.2241442656233445,-0.1613320736972417,-0.6805024373355282,-0.5134788053620329,0.0011845346132814,-0.4673044514573667,0.9451199447833846,-0.4149748059856287,0.001295936933475
2013-06-28,AEP,44.53,45.05,44.34,44.78,3285018,0.3869097854009493,0.391421568103254,-0.3087959845134332,-0.652056926536472,-0.5902107354687623,0.1338737129923096,-0.2363366867958211,-0.1489830212348641,-0.5008250836952822,-0.269702279792927,-0.0027533036479025,-0.1102224579236881,-0.2010097204953423,0.3978457282857015,-0.269930195743076
2013-07-01,AEP,44.98,45.11,44.22,44.47,3251692,-0.4639918363647726,-0.454901831148828,-0.4411859747382785,-0.5663011914125226,-0.5662475257194126,0.1677491119982924,-0.265977314047979,-0.1597651471821821,-0.6990447367876134,-0.253615587612312,0.0020385690082999,-0.3917788176524257,0.3865597637869431,-0.8829508423583674,0.0766177395306703
2013-07-02,AEP,44.35,44.78,44.27,44.48,4815491,-0.0189960346193776,-0.0108576414204458,-0.3900652039807426,-0.500963983948037,-0.5423077070719701,0.194789222909438,-0.3000328077166072,-0.1587767216794048,-0.6681910158104719,0.5532839192330172,-0.0034693773831151,-0.3826963544353716,-0.4645638352341156,0.195143022332793,-0.6357519966734556
2013-07-03,AEP,44.3,44.63,44.17,44.46,1147669,-0.0609897649485396,-0.0526257525506278,-0.3684840714814474,-0.8941973284352174,-0.5198262472316245,0.2126675211739726,-0.3101017522808822,-0.1764039184796008,-0.5377802153583773,-1.410960291097444,0.0014418326790478,-0.4008612808694798,-0.0194519461007299,0.2465567138333368,-0.7290478022501095
2013-07-05,AEP,44.52,44.614,43.75,44.28,1872904,-0.2850528750297529,-0.2759625380375391,-0.4335816007954009,-0.8063818880527446,-0.5049687165012028,0.2073462974996628,-0.3228728608451544,-0.1763003507708251,-0.6144728733058926,-0.9696939500654004,0.000984176104568,-0.5643456187764875,-0.0614566314601343,-0.4336038023935229,0.0348392068952663
2013-07-08,AEP,44.3,44.93,44.17,44.57,4108583,0.3747462982894807,0.3794046670357544,-0.2176562244527878,-0.6720091236743964,-0.477967313540672,0.2343474366284275,-0.4019412267163229,-0.198186161261697,-0.6702883958445706,0.3277909397481256,-0.0039530471174193,-0.3009541854818646,-0.2855781935561586,0.4341570833062864,-0.1702098540058451
2013-07-09,AEP,44.75,44.88,44.5,44.57,4153545,-0.0329960430517004,-0.0247793014886723,-0.178437262580175,-0.8681461758010642,-0.4530422577238059,0.2506038661271639,-0.4681515695354609,-0.2012462511279821,-0.5961412135895031,0.3726813414185801,-0.0012427088046935,-0.1547129717720128,0.3743931035501504,-0.3302119995447558,-0.8807668755448351
2013-07-10,AEP,44.61,45.485,44.52,45.42,3458964,1.1543347147179162,1.144920902654706,0.3191833150981795,0.1478939297178425,-0.396956952525082,0.3438149552233506,-0.464026691780256,-0.1311946871326824,-0.1480502969108325,-0.0368794317013682,-0.098747230333814,0.6887360750417554,-0.0334556067571959,1.3455046995372637,0.1793482519951255
2013-07-11,AEP,45.82,46.29,45.59,46.24,3857209,1.090993185236148,1.0830747788373178,0.7693518771590104,1.7109129087246182,-0.3182647093048748,0.4765736957978576,-0.3669953150056277,-0.0575668623587231,0.1704436586737221,0.1839336593548038,0.0019427758536824,1.3948414467385175,1.1541848935443948,0.6662139984120449,-0.3296759438993614
2013-07-12,AEP,46.27,46.62,45.97,46.55,3189361,0.3843913190711187,0.3889336440602289,0.9320408070385688,1.6450654278787342,-0.2425998932910973,0.5749881427441078,-0.2874661053645933,-0.1066289237153139,0.0340153455082625,-0.2065328165550551,-1.6367611132662757e-05,1.3814822594169034,1.090826839968062,0.4308803336263008,-0.4275954674102834
2013-07-15,AEP,46.45,47.58,46.37,47.5,3097327,1.2375761507968397,1.2261033007919495,1.4273415558202172,2.042104395400683,-0.1452687049717508,0.7094885696373796,-0.0384065306601108,-0.0427937420703769,0.4747167119328685,-0.2377089491440653,-0.0004167359182284,1.3868925368254348,0.3840406404572558,1.681527893031158,0.5316748289267852
2013-07-16,AEP,47.58,47.58,46.92,47.23,2637532,-0.3868838351488864,-0.3777302705657974,1.2183220558989152,1.7215706704796307,-0.0795383285955737,0.7357489652060979,0.1193271776405638,-0.0278721956102918,0.3675169541810319,-0.4852225089534004,-0.0017847469550218,1.1979390599602802,1.237448045066136,-0.5820778960871452,-0.4267046510094553
2013-07-17,AEP,47.56,47.59,46.78,47.09,2041041,-0.2175424171740935,-0.2085860862832266,1.100193057771884,1.4163824365335214,-0.0342575599039636,0.7041203435131257,0.2244581027231375,-0.0304779043707984,0.2132854452070697,-0.8232962274994042,-0.0017639691472519,1.0937000192682549,-0.3874357186229397,-0.7729384815825376,-0.1577690902472916
2013-07-18,AEP,47.16,47.445,47.05,47.22,2457101,0.1388779190382369,0.1459165075252678,1.101851643191444,1.573707428526549,0.0049903422208599,0.6632889514693162,0.3463066012182383,-0.2115697050166161,0.62931508711605,-0.5344542129924269,-0.0004700729244281,1.184486489828656,-0.2180501240450997,0.0698053132172511,-0.8941693156315433
2013-07-19,AEP,47.23,47.43,47.06,47.14,2696652,-0.1384734466918126,-0.1297671738544316,0.9358127315737096,1.405853844262374,0.0308938719522564,0.596275653011824,0.3271538389911184,-0.7057873880880334,1.175701346129797,-0.3070623338341468,-0.0019060094928093,1.1286178925607162,0.1384631926081592,-0.1702856523672382,-0.9371847825483344
2013-07-22,AEP,47.06,47.27,47.05,47.09,1336050,-0.0990312970807334,-0.090487238136844,0.8076184145180493,1.693835801037613,0.0472144261467738,0.5179986001811402,0.3267196730287618,-0.7321681332987466,0.9429040211803906,-1.1278509634959826,-0.0016745510546704,1.0846695347960658,-0.1389605266036017,0.02184650810873,-1.201963332264026
2013-07-23,AEP,47.11,47.39,47.005,47.1,1704064,-0.0197749690447811,-0.0116321344592075,0.7083265971797396,1.693835801037613,0.0581753898510711,0.4415814642580545,0.2753691825043217,-0.7571147665402755,1.022413337175857,-0.8533808232141892,-0.0005904175652606,1.0532019690955592,-0.0995080876007864,-0.0423538646224715,-0.9100875755257142
2013-07-24,AEP,47.02,47.11,46.19,46.38,2502919,-0.9847112659599048,-0.978583778633508,0.2225467309745221,0.9895722336674074,0.0364101256188022,0.2962110081802875,0.1923681706345766,-0.6291318358627657,0.6586623650286708,-0.2744117625940008,-0.002018460831894,0.3954152989883503,-0.0202310837290906,-1.0546692199890269,0.0618367401006199
2013-07-25,AEP,46.08,46.44,45.76,45.81,12944176,-0.7981336319734303,-0.7904350554660726,-0.1388692394417737,0.6796032151634295,-0.0049112384916659,0.1295775788823239,0.1482811667163419,-0.6214832558824063,0.2309697973093707,5.721693558848899,-0.0068110972146178,-0.0980178979757694,-0.9854191064669005,-0.4690027920292201,-0.3542188070669871
2013-07-26,AEP,45.74,46.47,45.58,46.47,11332352,0.8639763374124173,0.8609086378533705,0.1813653493948572,0.8178750300822902,-0.0132276605775305,0.0812249880479042,0.0961817379135031,-0.5715099168596266,0.4895876532884225,3.9916768496264696,-0.0060866169485562,0.4733258037721555,-0.798792799414069,1.1794727619382075,0.0048320009201901
2013-07-29,AEP,46.18,47.02,46.18,46.7,10545727,0.2751457392739597,0.2809165876026392,0.257126789874509,0.8949207591905618,-0.0123208031313188,0.0662834781207247,0.0641543551176345,-0.5761642192279764,0.4622277192289253,3.082228505256845,0.0048048313726322,0.6724304271085584,0.8637507695791062,0.8244181456253651,-0.092259194165188
2013-07-30,AEP,46.88,47.14,46.53,46.55,2368006,-0.2329683262377208,-0.2239749142382057,0.1118046208662123,0.4651230441093763,-0.0189827747402448,0.0348482344855364,-0.0137414547805912,-0.5955763247623252,0.5194585798159816,-0.8807349395593141,-0.0016698633236724,0.5425795858022061,0.2747665614383998,-0.5581443900814644,-0.4992095246209623
2013-07-31,AEP,46.55,46.65,46.0,46.35,3230454,-0.3004849259671792,-0.2913742575676652,-0.0552658616051201,-0.1164845829315774,-0.0334441773838916,-0.0103755616417809,-0.1110170891956563,-0.5817723868338038,0.4499656671777936,-0.4257985241097871,-0.0019314421592697,0.3694451307270801,-0.2334800573118398,-0.3509214280209495,-0.4225739855130944
2013-08-01,AEP,46.48,46.65,45.94,46.55,2983514,0.2356470529507875,0.2418156545903158,-0.0013245987191306,-0.1889912872378273,-0.0382885897377953,-0.0218006310906236,-0.2289283039676598,-0.5827688264818122,0.5229164037133875,-0.5827676491551461,-0.0003966626454961,0.5425795858022061,-0.3010142702989467,0.0874662581220146,-0.3201743815942586
2013-08-02,AEP,46.44,46.6,46.27,46.58,1887080,0.0071272893856245,0.015111121597947,-0.0496395788888135,-0.9769843390058645,-0.0421573287727982,-0.0284293203226882,-0.4070865178408582,-0.596802004252566,0.5953745383671418,-1.1200094148595257,-0.0008326032464396,0.4611760174510923,0.2352575709745899,0.201445075382824,-1.0008884420377553
2013-08-05,AEP,46.5,46.526,46.22,46.39,1623571,-0.2869468185933415,-0.2778537798717936,-0.2082193548829188,-0.9255934878035976,-0.0537771325222826,-0.0536833788518183,-0.5803756552212506,-0.5885519593620097,0.4322430440807054,-1.2243804326337002,-0.0015501213162666,0.1519344658074499,0.0066781927740698,-0.205041203922375,-1.0415868227541818
2013-08-06,AEP,46.38,46.38,45.65,45.79,3404626,-0.8382304146651353,-0.8308212714290698,-0.5803218898869452,-1.1916958534530164,-0.087289213009805,-0.1302369691317111,-0.7734152257976551,-0.514657391979562,0.2345331560168885,-0.3087720732205878,-0.0019676529170588,-0.5061527681317076,-0.2874726311984787,-0.98741084246041,-0.2626751281906568
2013-08-07,AEP,45.18,45.65,45.11,45.47,3127479,-0.4680816949308238,-0.4589977483380181,-0.7618915635442048,-1.4748305400957802,-0.1266774607908811,-0.2066049948132734,-0.7809203514980504,-0.6116785874076943,-0.1513094579489575,-0.4433514171943852,-0.002144095214313,-1.398760304007957,-0.838900042273603,0.458632933353819,-0.6015710072087164
2013-08-08,AEP,45.52,45.65,45.26,45.52,2114427,0.0354645216047527,0.0432683841084073,-0.7139251454730785,-1.3882833122795804,-0.1558250351035954,-0.2413400981402137,-0.7170243032666839,-0.7408918506962097,-0.3961602467112524,-0.9374809283922716,-0.0003401598549495,-1.331740514946611,-0.468654760733824,-0.0263165508545973,-0.8772875385429221
2013-08-09,AEP,45.44,45.63,44.97,45.0,2556146,-0.7442038527894201,-0.7361575002737772,-0.9646877166606432,-1.5728102527950931,-0.1987941896407732,-0.3047046903663494,-0.5866422789179093,-0.7239585619064927,-0.656502766113037,-0.6952119196151437,-0.0020660488058023,-1.8432396378743108,0.0350228174118641,-0.7578919353309762,-0.3689912972595339
2013-08-12,AEP,44.87,44.8881,44.46,44.69,2688370,-0.4618847458196883,-0.4527917249603558,-1.063213526009695,-1.6839060690176184,-0.2439320426048684,-0.3609785565648341,-0.4934636098834404,-0.9438828786505246,-1.0363023001662768,-0.6178137932448126,-0.0024738917161386,-1.63703385438323,-0.7448489514069916,-0.3293992637782566,-0.7929747860592306
2013-08-13,AEP,44.71,44.74,44.25,44.31,2176528,-0.5623774314933994,-0.5535083908049556,-1.1990957109907732,-1.5719995005449834,-0.2929781261125253,-0.4160573676640647,-0.3595089302154537,-0.9327847708849176,-1.0754745062141216,-0.882359538481472,-0.0030342603661609,-1.8215869492476449,-0.462456195006008,-0.7022439510824638,-0.6697030225933044
2013-08-14,AEP,44.2,44.39,43.825,44.37,2791459,0.0513073252605138,0.0590049912590312,-1.0906327797498516,-1.2768960757657362,-0.3274081452276049,-0.4224989184068803,-0.2672051110739746,-0.92333625008255,-1.015797499508713,-0.5687215887655379,0.0052395492606434,-1.3808389902479112,-0.5629750965077028,0.2642672382241243,-0.5300756352043045
2013-08-15,AEP,44.15,44.3,43.7,43.78,2388560,-0.8608581598910313,-0.8536239849666234,-1.3332691263210958,-2.258401124858629,-0.3752841035978182,-0.4622617751771757,-0.1398671223224951,-0.8939170309774536,-1.237399235674142,-0.7805528481675088,-0.0029055206947721,-1.8100066664840868,0.0508697540272794,-0.6594798693002084,-0.4491467511871468
2013-08-16,AEP,43.63,43.69,42.94,43.31,3008068,-0.7013669344252008,-0.6930782216920337,-1.4982567136737772,-2.6431254001793105,-0.4284801787970354,-0.507765949727504,0.013742473865487,-0.8750697198227936,-1.3607201541092215,-0.4592605891882814,-0.0064668218170206,-1.604910163035285,-0.8615336904671879,-0.5804437855864434,-0.1481088356846918
2013-08-19,AEP,43.23,43.47,42.65,42.68,2623655,-0.938619770230286,-0.9320509650356882,-1.7411972791692527,-2.695057675096754,-0.491463354946248,-0.5693611187318771,0.2095412464072324,-0.8352616448313688,-1.5428790175803913,-0.6846301427132632,0.0039212303126253,-1.860263661594908,-0.702000858047541,-0.9875351915730408,0.0098828612273639
2013-08-20,AEP,42.66,43.4575,42.65,42.82,4814803,0.1712243236259236,0.1779886365710254,-1.5436555467389066,-2.5054329513778426,-0.5314382380441152,-0.5594143037001252,0.3173321058107403,-0.8176078848229398,-1.5020508762202422,0.3551503686681623,-0.0045554117007444,-1.7554429052128089,-0.9393155867107024,0.2570469190393428,-0.0196811201983677
2013-08-21,AEP,42.77,42.83,42.28,42.37,3476569,-0.6872724763623143,-0.6789105716595155,-1.6952601468615498,-2.787301159275727,-0.5758863351422906,-0.5629708275068592,0.4906559350289878,-0.8527477135492327,-1.437271334545673,-0.3322863953814788,-0.0135950924363518,-1.8197438678895643,0.1708180354993193,-0.7329032720186948,-0.5094859812610646
2013-08-22,AEP,42.4,42.77,42.325,42.69,3055826,0.4372086300553398,0.4410894969867261,-1.4226163146389306,-2.467625529942272,-0.5933740634200103,-0.4964205213207697,0.6097973788787302,-0.8241935999909579,-1.1677396543018757,-0.3333735722115323,-0.0043890243075076,-1.6008677172760664,-0.6879027231211532,0.4904291495354085,-0.7225798752959817
2013-08-23,AEP,42.81,43.355,42.71,43.16,4324254,0.6524403032666878,0.6531725843747602,-1.0547540149341876,-1.9812512554694168,-0.5837036352672015,-0.3732756492369313,0.6209406569439336,-0.8739088806442651,-1.21358150976682,0.6370445316802739,0.0320603014000644,-1.2793933710624927,0.4368717300516319,0.5913691488922863,-0.3458453496809393
2013-08-26,AEP,43.2,43.215,42.59,42.65,2297938,-0.7686679412044999,-0.7607734535126999,-1.2401512762683171,-1.9613521376412864,-0.5909946441731349,-0.3184181985744501,0.6262760280934425,-0.8839315374112383,-1.4411498736803006,-0.4129965316888793,-0.0026040665149604,-1.6282272361027532,0.6521595513943959,-0.9882027045179966,-0.370033465094838
2013-08-27,AEP,42.28,43.0,42.26,42.77,3319644,0.142173112864594,0.1491845204473236,-1.0621160299083483,-1.773713152996848,-0.5869799458663741,-0.2454315423023905,0.5985532818309377,-0.8609472832031455,-1.360068940675854,0.2735432646445823,0.0026174564382844,-1.4951222421754191,-0.7693194218421096,0.8492836082899267,-0.1493730970275393
2013-08-28,AEP,42.84,43.18,42.53,43.01,2068375,0.3163593228509947,0.32168884187843,-0.8239808126960495,-1.6084703839135162,-0.5694843952947438,-0.1523427356226532,0.5404775086444618,-0.8202637001569805,-1.2257957283807726,-0.5705093262873917,-0.0002367483667396,-1.3133902219052185,0.141759246061602,0.2734921204170996,-0.331813122814971
2013-08-29,AEP,42.86,43.02,42.55,42.69,1719160,-0.4962039481794619,-0.4871690006311667,-0.9028178680628084,-1.547515106245357,-0.5634142975760916,-0.107280609237654,0.4456412120265066,-0.8455703331557652,-1.3853089828126384,-0.7914037066003882,-0.0018563869548626,-1.5519483932910203,0.3159908965264567,-0.3259853207398059,-0.6737740313753044
2013-08-30,AEP,42.71,43.03,42.6,42.8,1940607,0.1274252294908969,0.1345569454841472,-0.7270868375907186,-1.3467278020563775,-0.5496348730656776,-0.0513872336807544,0.2898070910089029,-0.8354930594534552,-1.3593008479380109,-0.6313894093768948,-0.0003533176326353,-1.4605203121556225,-0.4967843503189202,0.1328888030307227,-0.7540208736273053
2013-09-03,AEP,43.03,43.13,42.07,42.16,2556847,-0.963957351441662,-0.9576268207907256,-0.9879583644990276,-1.4384545860278937,-0.5591527581626651,-0.0666394071104652,0.152368356856065,-0.787863908277782,-1.50664712566847,-0.2135161184248244,-0.0021301344294385,-1.8118883215907189,0.1270075153633852,-1.5538567109663637,0.5040582334585085
2013-09-04,AEP,42.16,42.34,41.83,42.21,2316383,0.0408393904143575,0.0486076727215355,-0.853126411916827,-1.446746823381746,-0.5599691332514132,-0.0564436088861721,0.0436617935940513,-0.8058580561875202,-1.3157155886222154,-0.3530893779031431,-6.082303636749452e-05,-1.5506250406872637,-0.9646597778127992,0.0632847123812618,-0.5843625578217106
2013-09-05,AEP,42.19,42.45,42.07,42.14,2250313,-0.1362432030825099,-0.1275454377649822,-0.7973982962886076,-1.2533327929011386,-0.5586276385455199,-0.0427326506022292,-0.0612044459492386,-0.8078169100761169,-1.2430478733124697,-0.3748775579812862,-0.0020479590819936,-1.611539362054011,0.0403990883795982,-0.1158541014121534,-0.839792657169425
2013-09-06,AEP,42.38,43.0,42.36,42.56,3384142,0.5875159585952574,0.5892744873882375,-0.4539143148444083,-0.6811531138964693,-0.5365462974823524,0.0216201235200733,-0.2599294733139911,-0.740400995038206,-1.1224898357912492,0.4090628419103744,0.0004632565494426,-1.2427100162146,-0.1367297011839669,0.2945735229746756,-0.3380778958969292
2013-09-09,AEP,42.64,42.77,42.41,42.67,2010804,0.1279152380771387,0.1350430122464026,-0.3165478376554176,-0.1964129718782872,-0.5105286395834335,0.0832343545909597,-0.4277584934857446,-0.7570187110097144,-0.927913846995832,-0.5721230231257751,-0.0006149399277248,-0.9682154135313176,0.5872182697146603,0.0268390203183432,-0.8881903309152159
2013-09-10,AEP,42.8,42.99,42.56,42.89,2129194,0.2879968852278206,0.2936329999746747,-0.1273176028901862,-0.1380657030011812,-0.4774436856302461,0.1507168378305735,-0.5924537657424047,-0.742672669136086,-0.7590139632061087,-0.4695015655806369,-0.0007006030068227,-0.6704325344973582,0.127497651779635,0.1325540254174251,-0.7557778629514156
2013-09-11,AEP,42.81,42.87,42.16,42.21,4358833,-1.0200668171023737,-1.014301569287705,-0.4799550685948034,-0.2991374106869119,-0.474215132848445,0.1278529617735753,-0.7009916141747032,-0.684421573810981,-0.8635219505820884,1.0557309341261574,-0.0021711406200504,-1.3878695882854848,0.2876210599092072,-1.085206321849275,-0.1894757581110845
2013-09-12,AEP,42.33,42.55,41.86,41.92,3227753,-0.4607342774650558,-0.4516396404190687,-0.5840028545849414,-0.7228112349419581,-0.4792413580024782,0.0883142046239653,-0.8518067716085284,-0.6833605155810863,-0.9784313405159826,0.2338306801189706,-0.0022758394725241,-1.7601787616180953,-1.0207838809179193,-0.7580961850571125,-0.2195397185423049
2013-09-13,AEP,42.1,42.9,42.05,42.62,4836639,1.0066181327356247,1.0005956350523244,-0.1178211287420568,-0.5441387767963225,-0.4521596608785659,0.1393284381221804,-0.972712502586038,-0.5992752619699142,-0.5566134833189705,1.229406339818434,0.001223441543122,-0.4694192290240335,-0.4613054265252491,0.9068646435264982,0.0708002281411756
2013-09-16,AEP,43.22,43.45,42.72,42.82,3007102,0.2591580512635507,0.2650928707151946,0.0205176558839958,-0.0688739020136719,-0.4196843741724767,0.1940228316567064,-1.0226727500353725,-0.6230418313119238,-0.333637403741661,-0.0088658537469886,-0.0004308482742849,0.1253677769870228,1.006429776294809,-0.725546399632661,-0.1705199006424843
2013-09-17,AEP,42.86,43.23,42.78,43.2,2611883,0.5195040561883691,0.5222668401645808,0.2384346827849899,0.0970032466161503,-0.3763501453856813,0.2657290764675551,-0.9837625409433828,-0.6740607217889671,0.0114594549154591,-0.276021932855273,-0.0006971449397948,0.9169329789877,0.258774702671921,0.5730209889158197,-0.723189948344999
2013-09-18,AEP,43.05,45.11,42.92,44.81,6238023,2.2872687803906824,2.240800076995479,1.1656397613109286,0.7254114444989908,-0.2771462618474676,0.4669016018717737,-0.6226142350047349,-0.2560897343729629,0.5150600316392443,2.0805008811237404,-0.000153785378656,1.1388377579146125,0.5191886248390303,3.062444003905628,2.481795526769211
2013-09-19,AEP,44.92,45.12,44.3228,44.67,4187049,-0.2275089921657617,-0.2185282661334992,1.0059385852138605,0.849067329929591,-0.2033878686471131,0.5623433680998253,-0.4319994149177437,-0.29595966192396,0.6297631704708226,0.6925404611610414,-0.0017676437440755,0.9882034659165612,2.287414511121097,-0.4467962100290745,-0.1039871418180624
2013-09-20,AEP,44.56,44.63,43.66,43.73,3950203,-1.343104734537348,-1.3416069418702978,0.3974693758630196,0.2358397493675454,-0.181531659056622,0.5051014539465997,-0.3965602561332647,-0.1558857578817571,0.1903120289489726,0.5009220890863597,-0.0018534740830015,0.0384373123615578,-0.2280192990470455,-1.4335872349477423,0.257307095519912
2013-09-23,AEP,43.82,44.72,43.7,44.33,3713607,0.8212189695059811,0.8189755165466223,0.7277110042699415,0.8084669188325103,-0.1406716417616561,0.5082233965120994,-0.3060101046166973,-0.1399131661439066,0.2306524046999744,0.3720001546530995,-0.0005065069864013,0.6446710273966647,-1.3439060702222236,0.8529945041851008,0.3262866659774665
2013-09-24,AEP,44.33,44.37,44.07,44.21,2433912,-0.2015267107672267,-0.1926129246303281,0.6053825704416644,0.7203941455594172,-0.1134013785369549,0.4757411575300254,-0.2463238512589543,-0.1836803378166132,0.3697098556472963,-0.4640814347772966,-0.0016240575997359,0.5234242843896462,0.820982247430005,-0.2308330006460752,-1.0257899065007443
2013-09-25,AEP,44.3,44.36,43.77,43.79,2153234,-0.6244544404595936,-0.6158057167762646,0.3175265245408901,0.5228058611859011,-0.1087612707509349,0.39150573581462,-0.2274394094535086,-0.1509668956286015,0.1827751080076614,-0.6196142194345571,-0.0016338231436071,0.0990606838650707,-0.2020302395729202,-0.8961000820473645,-0.4684395203638559
2013-09-26,AEP,43.74,43.986,43.45,43.64,1724295,-0.2462571899981877,-0.2372349013155221,0.2066931674544148,0.2960882106957264,-0.1113992944569374,0.3053836132720629,-0.2157620156798294,-0.1512559476644178,0.0476480490444992,-0.8969455717194144,-0.0016072900418174,-0.0524977448937041,-0.6250682996892062,-0.1990458264843896,-0.5677056462519028
2013-09-27,AEP,43.35,43.75,43.22,43.44,1803698,-0.3183216044567358,-0.3091922172586903,0.0619234150754608,0.1521718372347371,-0.1216548516528059,0.2168785151680103,-0.2204720434198477,-0.1618407613569989,0.090543948360574,-0.8457814711697086,-0.0016817550826574,-0.2545756499054089,-0.2467723877780089,0.1305383664335692,-0.5745040234228653
2013-09-30,AEP,43.23,43.6,43.15,43.35,2429324,-0.1619836898028923,-0.1531925854563603,-0.0096293721433389,0.0188841804065004,-0.133481904757842,0.1420294332672685,-0.2249693408062808,-0.160383343312955,0.0212520744714135,-0.4429553832777631,-0.0019451698932281,-0.3455107071606709,-0.3188556018962588,0.1834038798476175,-0.7261938720430434
2013-10-01,AEP,43.52,43.81,43.33,43.72,2163654,0.4983874373283216,0.5014472649163936,0.1673797321940334,0.5274462798180883,-0.128508124300416,0.1253952241165667,-0.2628381286822326,-0.21849890358875,0.3759532506811323,-0.6088666978781095,-0.0004050449129861,0.0283334171109746,-0.1624769029022376,0.32088834418432,-0.676328188989455
2013-10-02,AEP,43.62,43.88,43.44,43.88,2358979,0.1948467291297378,0.2014002482644137,0.2131626117111926,0.7608378661232951,-0.1185984768569009,0.1247926934491475,-0.3007985997047468,-0.2178523952366649,0.4135829340973314,-0.4803819990878326,-0.0005411697606558,0.1784661428589357,0.4980664972233561,0.4240150434077272,-0.7556361579149841
2013-10-03,AEP,43.6,43.65,43.185,43.33,3108262,-0.8133497491642416,-0.8057579067983758,-0.1559667833322179,0.1637827852085105,-0.1325586922593176,0.0628700528602885,-0.3704100004919818,-0.1650905415522,0.2472594984794677,-0.0122493866389904,-0.0019805625446154,-0.3823620306359681,0.194446603450829,-0.4941831103345779,-0.6969435723272758
2013-10-04,AEP,43.39,43.61,43.2,43.34,1707820,-0.0186276983716619,-0.0104914087536062,-0.1734601448737073,0.0779307645351352,-0.1432732817331788,0.0216861256571019,-0.4056410628436245,-0.1855718536887102,0.1016844371364133,-0.8966543101862285,-0.000690479621678,-0.3721651547542375,-0.8140128860789587,-0.1133778382024491,-0.8029124475600553
2013-10-07,AEP,43.08,43.57,43.02,43.14,1767931,-0.3202966314161665,-0.3111654868682795,-0.3084267869091374,-0.2207870656795162,-0.1594933962995756,-0.025432142918138,-0.4309252123772037,-0.1784200475973535,-0.0057080658689515,-0.8514467313397489,-0.0017195022273728,-0.5761026723887495,-0.0190835137640338,0.0789087766669526,-0.5287955592671734
2013-10-08,AEP,43.03,43.93,43.01,43.49,2699602,0.4721108907568854,0.4755305663233218,-0.1151478766421145,-1.093470268397651,-0.1584431885244589,-0.0186732453732285,-0.448282083395891,-0.1688885800111277,0.0379772286737994,-0.2400477635892257,-0.000363626898652,-0.2192120165283572,-0.3208311440868895,0.7813483613884026,0.1716926665541283
2013-10-09,AEP,43.53,44.415,43.46,43.68,3545876,0.2389981423870089,0.2451339571928315,-0.0449564192862661,-0.8595532905114918,-0.1500992109301282,0.0055079106179146,-0.5387317866116054,-0.2475962340713424,0.3439949240601791,0.3578151455483955,-0.0003658117683428,-0.025471374775576,0.4717830958104925,0.2340272987679709,0.2308034019174761
2013-10-10,AEP,43.76,44.2,43.26,44.14,2682253,0.6226517877483443,0.6238631174063084,0.1646158363227217,0.1231605496944386,-0.1256309033842632,0.0663565831319422,-0.6952918537501308,-0.2514439288535239,0.6102935639015334,-0.2104547051867208,-0.000738651411305,0.3817393689050578,0.2386095346195523,0.6297547096796534,0.1834927665816356
2013-10-11,AEP,44.07,44.36,43.96,44.27,1891461,0.150364737981728,0.1573078284103076,0.1925747263161233,-0.2409867366895244,-0.1016477688980685,0.1137866940396405,-0.7557171704223175,-0.3113208014048364,0.4011013399460185,-0.6833012776416026,-0.0009418945046723,0.26556445768201,0.6223632648567639,0.3165551766719336,-0.8383005487311924
2013-10-14,AEP,44.17,44.21,43.37,44.07,2827392,-0.3142611774478106,-0.3051356006945382,0.0348780246057653,-0.3075249746851922,-0.0911574218186657,0.1170005802538606,-0.8185354935846186,-0.3023745791927218,0.261252309930415,-0.0033602603520655,-0.0016483988552433,-0.0487411684543852,0.1499530081525222,-0.1973642872378238,-0.0027983326113862
2013-10-15,AEP,43.86,44.005,43.42,43.48,2292295,-0.8664937086782396,-0.8593044169022408,-0.3268825222897517,-0.4392342266081162,-0.1065316770269232,0.0529966481859761,-0.8397310696994766,-0.2609918958754106,-0.0722863509828892,-0.3801065935004354,-0.0016279318839426,-1.035147484809706,-0.314794115631575,-0.6808919808814741,-0.4700174904331078
2013-10-16,AEP,43.55,43.77,43.29,43.77,2531174,0.3822484572838162,0.3868166907574322,-0.1220750967371124,-0.0879271330704913,-0.1077567392830197,0.0382132816176181,-0.9260716336096596,-0.7162008570511976,-0.5083386211941043,-0.0756288144159263,-0.0007487824324533,-0.6839672551755259,-0.8671707094168922,0.3553457392786716,-0.6773734205499924
2013-10-17,AEP,43.73,44.75,43.5356,44.63,3592336,1.190259891350348,1.1799705006932533,0.3947784579310732,0.598924774490949,-0.0757052246994919,0.1120399243046576,-0.932541545965557,-0.565849352971205,-0.180628102180603,0.7820215039731069,-0.0006476200216949,1.2136248530589262,0.3818972196551788,1.5286024211194131,0.6764139309567542
2013-10-18,AEP,44.62,44.93,44.44,44.82,2688619,0.2320504979460554,0.2382540901716819,0.4752828553901749,0.7629254027240826,-0.0440153567432998,0.1701703662611346,-0.8439063594629873,-0.7381637345097761,0.1985952884529454,0.1242756450662276,-0.0008759643029823,1.2524308516102445,1.190119442085285,0.3123288331008985,-0.6801900071089262
2013-10-21,AEP,44.84,44.88,44.38,44.64,2406815,-0.2830283221624531,-0.2739409370939977,0.3580381179058685,0.4327280013130939,-0.0273656075800996,0.1779617129630133,-0.8125837278244715,-0.7976903386948954,-0.0647738062279714,-0.0510397895376611,-0.0015326930455042,0.9407888324750114,0.2316600777257787,-0.3633004275739155,-0.6578465328485182
2013-10-22,AEP,44.71,45.51,44.5,45.24,3655269,0.8038055362302664,0.8018896257598515,0.6854465035102044,0.6458245400700381,0.0076583959729576,0.2314898048182885,-0.6899622191385898,-0.7360952443231474,0.1746887594907183,0.9089608770094538,-0.0007509188458957,1.083867146149102,-0.2835531125376868,0.869287254447331,0.269292099152203
2013-10-23,AEP,46.0,47.01,45.42,46.52,6079140,1.72850457582939,1.7027352417497323,1.3645724268688924,1.5106550200350803,0.083135899581983,0.3784388910551317,-0.3481027136348794,-0.5319488812862354,0.7481266169706077,2.509905030869745,-0.0005479229619358,1.035666513856185,0.8035642714597817,0.8277471074811562,1.2571706415124084
2013-10-24,AEP,46.52,46.8,46.16,46.72,8961896,0.2346653391433897,0.2408435121234736,1.3867224112562075,1.5520684595539826,0.1474278943837017,0.4672068529288293,-0.0873228892162772,-0.5470764427572752,0.869062292186502,3.875440466033466,-0.0004235313744205,1.201875590728306,1.7285045400677264,0.2984976587776831,-0.4496682932628868
2013-10-25,AEP,46.68,47.3,46.44,47.28,9816752,0.713247557102499,0.7129589246205773,1.5978521759062276,1.8172804958820905,0.2162302095925137,0.5498307095122149,0.1794874604345078,-0.5491041605066878,1.130781571245402,3.689322165304161,-0.0005498901771723,1.4273814023679825,0.2342756010645701,0.9447860861694416,-0.0753945652759023
2013-10-28,AEP,47.23,47.56,47.1299,47.3,12238540,-0.0066601557849622,0.0014066083508281,1.4857256824924434,1.7633248060877875,0.2667723276644388,0.5689283616908448,0.3631410409392581,-0.5581288757667481,1.1707438253146911,4.216417115831814,-0.0005515196957693,1.252925521481883,0.7129826682006912,0.0856594169885727,-0.8335035273196146
2013-10-29,AEP,47.38,47.59,47.15,47.27,3176516,-0.072483170429225,-0.0640623203971241,1.3576619838863242,1.7032462083121616,0.3004866882594749,0.5408921253716065,0.5083480309198454,-0.5566073911578292,1.0250493721102911,-0.4398416357035118,-0.0013863364251301,1.2106215268693934,-0.0071128491686452,-0.201721708466494,-0.815568068974481
2013-10-30,AEP,47.42,47.58,47.04,47.1,3837336,-0.2568984415022716,-0.2478550772139122,1.158935637129969,1.4565502325166435,0.3151857004812599,0.4695179569453739,0.6034399528072405,-0.5377175574953431,0.9102507040942472,-0.1412301051382601,-0.0014256851644322,1.0872348759162864,-0.0729530352599413,-0.5361556746705071,-0.6358236019114011
2013-10-31,AEP,47.16,47.265,46.34,46.84,3948648,-0.3766709846574409,-0.3675162113932543,0.9004513115539676,1.2055336891555617,0.3113174956302285,0.3646269250864568,0.6093424720652003,-0.6011765426652941,1.0222250768132115,-0.1060127515096996,-0.00144428277552,0.8985258803409502,-0.2574164152972534,-0.5389664925710924,0.0544979357088481
2013-11-01,AEP,47.0,47.28,46.87,47.04,2989236,0.2328367387526387,0.239032699204421,0.9049772995238562,1.4225803780883857,0.3108436892618334,0.2894512228603652,0.6025674011348253,-0.606444833974012,1.086335538008856,-0.5994278824353001,-0.0010781602647797,1.04368664616813,-0.3772202038745892,0.0379828407713331,-0.8649261032411224
2013-11-04,AEP,47.21,47.27,46.68,47.19,3914860,0.16553086223713,0.1723446564587276,0.870113099098019,2.001625277170196,0.3110893547416967,0.2311625692314776,0.5540229959741959,-0.6354776172630072,1.2113020384484376,-0.1994025845112938,-0.0010392694744663,1.1525572205385162,0.2324465236413567,-0.0583232380651383,-0.5493423998054188
2013-11-05,AEP,47.19,47.37,46.57,46.57,5176477,-0.850965596963939,-0.8436538949393392,0.4215700643886809,1.3617501876374796,0.281937416742018,0.1088627210404598,0.4705103344685797,-0.5362872078413065,0.8726373872953732,0.3266556766037729,-0.0014933371872273,0.6598152029570085,0.1651230888401957,-1.0189443702970902,-0.1596578618005385
2013-11-06,AEP,46.25,46.79,46.05,46.74,3400873,0.1942718627837819,0.2008306167998563,0.4295058829347045,1.1537565686531257,0.2608220194505445,0.0317087599246095,0.3891088722082498,-0.5365606812193155,0.8613884698411995,-0.4840270461641052,-0.0010617033594965,0.7903257944963222,-0.8516385468375672,0.774123983818494,-0.2718494486797325
2013-11-07,AEP,46.75,46.88,46.17,46.25,3239669,-0.685679790897303,-0.6773098192838652,0.0876431739550386,0.6656465600717488,0.2205649805153597,-0.0792846650429875,0.3156889481275419,-0.4953027028198792,0.534576051730229,-0.5673254120825125,-0.0014045773111172,0.4069710172689444,0.1938715871377671,-0.8343570338542771,-0.3119290874397317
2013-11-08,AEP,46.09,46.28,45.345,46.25,3783588,-0.0329960430517004,-0.0247793014886723,0.0306945305232766,0.8096862225818697,0.1848341938890757,-0.1564289094916463,0.2406098586924317,-0.4936430439579954,0.4893870224198153,-0.3554029666414467,-0.0012427088046935,0.4069710172689444,-0.686309622167513,0.2359591190450544,0.0935129297010084
2013-11-11,AEP,46.82,47.78,46.55,47.1,5700899,1.111205727192445,1.1028168427327385,0.4275414394200974,0.9070727872040392,0.1861278680954422,-0.1228439802291792,0.1549739676408098,-0.4320248709037994,0.8422858149926352,0.422138060676514,-0.0009402236801774,0.9394392320456938,-0.0334556067571959,0.4255095885074637,0.5850934419200571
2013-11-12,AEP,47.76,47.85,47.3,47.37,7700471,0.3238971655388693,0.3291430632802877,0.4680108526107489,0.4386897859259844,0.1938484307189755,-0.0794333366698298,-0.0406470478229712,-0.5294104019978972,1.1464760775719578,1.104921922146094,-0.0008742835595175,1.0929649061463054,1.1110446548307351,-0.6432595201297935,-0.6236761771469264
2013-11-13,AEP,47.17,47.33,46.55,47.32,4503684,-0.0987106699237445,-0.0901680317107156,0.3373885836854542,0.2713850881157809,0.1940660385040096,-0.064017298416166,-0.2596043151244882,-0.5223158059865317,1.0236871076348255,-0.2384589344318557,-0.001432932708263,1.0345215727833448,0.3235307056339364,0.2139371649408319,-0.2175734727058794
2013-11-14,AEP,47.41,47.74,47.27,47.59,3672672,0.3222378987195698,0.3275022806162815,0.4045640239659712,0.0683007490161338,0.2008530656645784,-0.034774895430636,-0.3726005664363832,-0.6115369691861012,0.8065805581134299,-0.572828839649974,-0.0010761697506493,1.193804631231779,-0.0991873768008304,0.2605284465907754,-0.7682475413978389
2013-11-15,AEP,47.46,47.85,47.31,47.84,3113490,0.2940581568777902,0.2996298179520744,0.4583807522372137,0.2319242559426183,0.211931586112457,-0.000334743197082,-0.4800970593091171,-0.610467157592145,0.8221120629017701,-0.8020872589724112,-0.0011095185888005,1.4332989783097687,0.3218710059567307,0.5786071398529208,-0.6506034977815432
2013-11-18,AEP,48.24,48.3984,48.0,48.32,4476672,0.5916665405460756,0.5933614355118785,0.6214321926305695,0.5423867842459141,0.2351947773401985,0.0585805114227086,-0.633523332283327,-0.6171639563312636,1.043242186207669,-0.2939962295565726,-0.0010599735479718,1.376026753286797,0.2936839127812714,0.0989766251992474,-0.9041757543469664
2013-11-19,AEP,48.2,48.39,47.84,48.01,3682681,-0.4324163995202314,-0.4232887368993226,0.3695022978094063,0.424562948473704,0.2370026201522508,0.0504870176421252,-0.773876705041891,-0.617130487409038,0.73176580373105,-0.6048022598589041,-0.001383747286061,1.020034673741757,0.591369934440227,-0.3241347911137192,-0.6365754593956291
2013-11-20,AEP,48.09,48.26,47.46,47.51,3390718,-0.6813821865486653,-0.6729906541664102,0.0633158744913938,0.2392286471474763,0.2145877595298107,-0.0183365990382049,-0.7922321708667485,-0.8308197505838802,0.1450699983343566,-0.6835467646382991,-0.0013795183385113,0.4756936870642024,-0.432980161210766,-0.937525438213155,-0.1879838157716245
2013-11-21,AEP,47.61,47.87,47.36,47.63,2524186,0.1242543147641219,0.1314114466126944,0.1045418091490967,0.1947573205624429,0.197572860010789,-0.0594960854605228,-0.7961970086513117,-0.8345432282432026,0.118583839278779,-0.9621214763136732,-0.0011355814036349,0.6063355238668204,-0.6820108966899535,0.0054212290909946,-0.698948542680021
2013-11-22,AEP,47.54,47.79,47.32,47.7,2622652,0.0585022274689969,0.0661503446133762,0.1316611063899799,0.148687024931652,0.1830372445717005,-0.0860420400565503,-0.7829695963676158,-0.8919997437782917,-0.0370126773418265,-0.8270389996742082,-0.0011355392671045,0.6825432620016784,0.1238357734305855,0.2279595456047103,-0.7701456210440749
2013-11-25,AEP,47.695,47.86,47.42,47.55,2935845,-0.2287760351856016,-0.2197923222042005,0.0413510356441305,0.5365063575405131,0.1620501668822341,-0.1238847565064051,-0.7777720618258663,-0.8861956680606414,-0.0898524807998674,-0.5187437790317794,-0.0013582159729769,0.5192409659984059,0.0580665331914572,-0.256005382980992,-0.8201361369423296
2013-11-26,AEP,47.62,47.78,47.34,47.44,3647503,-0.1770209457823737,-0.1681802313262368,-0.0244744878026888,0.3371531417377176,0.1378039790602048,-0.1625478230431785,-0.7759650529265936,-0.8835040875628857,-0.1146588109754512,-0.1603675219993753,-0.0013924473793323,0.3994859489293444,-0.2292866726041939,-0.3118965871604476,-0.8183479697076002
2013-11-27,AEP,47.42,47.53,47.01,47.07,3276570,-0.5185667402370682,-0.5095799090779711,-0.2290856708683479,0.4468127174610462,0.1011648125477038,-0.2253775900815117,-0.7752616987682949,-0.8610986267655911,-0.1768314398519416,-0.3397337051169776,-0.0013848910504117,-0.0033263812120431,-0.1775180816957373,-0.5839530925282505,-0.6706260699955967
2013-11-29,AEP,47.08,47.51,47.05,47.06,1519179,-0.0462227346808816,-0.037934848737272,-0.2407180830589448,0.437410584109442,0.0692401556941157,-0.2635063370086061,-0.7842965351359522,-0.8756558934628141,-0.0984965719580711,-1.2284332857616933,-0.0013121911779751,-0.0142132009455921,-0.5191529762250885,-0.0584116167681296,-0.7766873655005918
2013-12-02,AEP,47.21,47.21,46.3501,46.63,3557566,-0.60186463898006,-0.5931284868278495,-0.468196144711383,-0.597490442713828,0.0250320207555047,-0.3256267956857813,-0.7619973521095721,-0.8468836291517311,-0.2954847154977251,-0.1481417520400299,-0.0014095987351983,-0.4823464494882886,-0.0466857488730491,-0.9545104799601364,-0.0544419600910945
2013-12-03,AEP,46.44,46.975,46.36,46.87,3170853,0.2874399209126668,0.2930819291061128,-0.3260901659272825,-0.6274449780507848,-0.0022283460773313,-0.3316998992725641,-0.7532327465269283,-0.8389642873425112,-0.2670678767285309,-0.3375060213226176,-0.001084442854558,-0.2210627758830679,-0.6024726051404825,0.6732370154460509,-0.4977751807718746
2013-12-04,AEP,46.73,47.14,46.45,46.86,3559459,-0.0462791745854233,-0.0379909910496517,-0.33963401828167,-0.597228651406808,-0.0256266708898695,-0.3266175524653113,-0.7723847095713667,-0.9189569345875102,-0.0760210905692446,-0.0861756266776129,-0.0014107862090849,-0.2319495956166168,0.2870639502971038,0.1838638914921028,-0.364153756997174
2013-12-05,AEP,46.72,46.82,46.4,46.48,4218720,-0.5378627577222105,-0.5289239658938569,-0.5435793072674515,-1.1424938442384196,-0.0601281710504631,-0.3511310572285118,-0.7518679915799731,-0.8935541253350751,-0.2491736308161788,0.2509367948383036,-0.0014547586745528,-0.6456487454915611,-0.0467422035012377,-0.4144250362679742,-0.8382438451657986
2013-12-06,AEP,46.54,47.2,46.51,47.1,3607605,0.797468312566176,0.7956704334046907,-0.2226599626285692,-0.76276563294169,-0.0640284274244094,-0.2919747863208802,-0.8155333215090091,-0.8695761733397737,0.102438014407981,-0.0912077739501859,-0.0010463748458177,0.0293340779886113,-0.5384540275201223,0.8827723982185313,-0.3704068532523802
2013-12-09,AEP,46.93,46.99,46.39,46.72,4209463,-0.5352901884754819,-0.5263446428037298,-0.4464584475459381,-1.4631140125407762,-0.0828160362837211,-0.2829695586120601,-0.8681533769966794,-0.8348840665581957,-0.018229851904871,0.2216908731386248,-0.0014566614267696,-1.280992893778642,0.797225394585168,-0.3643918733284686,-0.5210217685016948
2013-12-10,AEP,46.84,46.95,46.06,46.16,3488401,-0.7792396432058999,-0.7714138101024944,-0.7316628966758147,-1.568954903487619,-0.1200567054851709,-0.3232632361033336,-0.7849988052874973,-0.9313860122157134,-0.4605843074037441,-0.1094437706357946,-0.0014348227811751,-1.7391465443394851,-0.535880787159547,-1.1231400758144638,0.0155514187794026
2013-12-11,AEP,46.25,46.25,45.72,45.78,2954227,-0.5455188820781214,-0.5366008258899627,-0.8998487627521017,-1.5198756809493423,-0.1643272215106345,-0.3735928828052554,-0.6640048090285531,-0.9325102720794288,-0.6604390298091611,-0.2915719147347417,-0.001417504544728,-1.8068363529592268,-0.7798938817150831,-0.794086043296129,-0.6264777784330593
2013-12-12,AEP,45.83,46.26,45.75,45.89,2805951,0.1165973192209803,0.1238151653412399,-0.7999185264125618,-1.5310727835566116,-0.194536449660888,-0.3776630872356631,-0.5828633110377325,-0.9248710728089848,-0.6113012483440392,-0.336998555849875,-0.0010655268116944,-1.6703145604268672,-0.5461121491521312,0.0725947978171978,-0.6651125628006869
2013-12-13,AEP,45.89,46.09,45.57,45.8,2180027,-0.1550972279475879,-0.1463300540242248,-0.8014918119418312,-1.646849809190914,-0.221166161228675,-0.371705636716721,-0.5177480669278108,-0.9518144318701832,-0.7198813127687549,-0.6873441044397092,-0.0013721057172847,-1.61098679259943,0.1161767803840765,-0.1744895877786018,-0.6450958027379096
2013-12-16,AEP,46.05,46.48,45.73,45.97,3333158,0.1980927424233696,0.2046166041863117,-0.6554810883904139,-1.395034268475043,-0.2345720810823909,-0.3329018640720349,-0.5038966033248353,-0.9617319932946002,-0.7415540316379707,0.0233893028902452,-0.0010351916251623,-1.411188015423207,-0.1555886445549973,-0.157568294890156,-0.2316187783281925
2013-12-17,AEP,46.0,46.02,45.66,45.82,2337127,-0.2361438704344896,-0.2271432997739623,-0.6709304955631006,-1.4128841743317182,-0.2499149890037861,-0.3068446198979881,-0.5494425874107668,-1.0414604422571203,-0.9273356789316448,-0.5452481309632523,-0.0013780916415224,-1.5866058404408765,0.1976934635416736,-0.3219539710477406,-0.9365288453942896
2013-12-18,AEP,45.92,46.53,45.24,46.51,3410653,0.904543151056095,0.9006671959118101,-0.2421392550942701,-0.579983924504967,-0.2339186402414441,-0.2053321173480573,-0.6225992567531706,-0.9009736213131108,-0.6263360265200091,0.1527699717539174,-0.0010350078052292,-0.4833853837423364,-0.2366564299223371,0.9444054274702512,0.7202157333573321
2013-12-19,AEP,46.2,46.59,45.56,46.38,4383511,-0.2070133484659111,-0.1980845233878916,-0.2836196749489544,-0.6506405926615351,-0.2254548866761261,-0.1435108856745242,-0.6512216745639485,-0.939472331440534,-0.5167886936767659,0.7354650371942428,-0.0014910675913551,-0.4404028032403106,0.9043281660089956,0.268041053666714,0.2594972510683255
2013-12-20,AEP,46.45,47.09,46.42,46.72,4407131,0.4234018170068748,0.4274598343411143,-0.0667829162261488,-0.126596747895788,-0.2047028394143004,-0.0624240438991349,-0.7043115043592605,-0.9115536525052564,-0.448072374060759,0.6702577173042564,-0.0009684703149063,-0.0035208480683537,-0.2075183085872188,0.4128434490017343,-0.3961531868337778
2013-12-23,AEP,46.95,47.0,46.36,46.41,2470966,-0.446095178851345,-0.4369818482140298,-0.2050916570258156,-0.502729261552877,-0.1998493388347485,-0.0384771559516323,-0.7759792939542696,-0.9004430914530781,-0.5646603643598163,-0.5187590353593952,-0.0013826400924565,-0.3968400376130798,0.4230613151784823,-0.8952827699526654,-0.4420424962970498
2013-12-24,AEP,46.35,46.69,46.18,46.59,602415,0.2084701657340076,0.2148980928648503,-0.0765287654147191,-0.3661695448349359,-0.1884427798028997,-0.0024521859457977,-0.8443439459350109,-0.8902985805476206,-0.4639877286320457,-1.6585783588207377,-0.0012067825033026,-0.1145133854278075,-0.4466625089660248,0.3648901036980015,-0.6790285948676156
2013-12-26,AEP,46.69,46.77,46.34,46.42,1527076,-0.260166388077635,-0.2511169170783926,-0.1437014306947953,-0.2302960835312313,-0.185649544098575,0.0041972440888698,-0.9114964188942432,-0.8878580607724912,-0.4832501476198528,-1.0326649002305242,-0.0013326153857615,-0.1684057484888464,0.208073594041821,-0.4632191422730299,-0.8193168009196934
2013-12-27,AEP,46.36,46.53,46.15,46.5,1657211,0.0742991529820394,0.0818355899294517,-0.0823892256600889,-0.6616771913442034,-0.1799096870568937,0.0171013407140072,-0.9426189442641408,-0.9077636499360554,-0.3453255417131701,-0.9165342153370588,-0.0011418739376983,-0.0361623723960646,-0.2606852143916305,0.2018381066619222,-0.9102588121377442
2013-12-30,AEP,46.58,46.69,46.42,46.64,1920853,0.1544475107074557,0.1613561533800172,0.0086699649212054,-0.2563377741466961,-0.169592207032428,0.0392073407697856,-0.9734830964633836,-0.9019398546233888,-0.2985511273096205,-0.7459113137714664,-0.0011299299546872,0.4810597286689147,0.0738675796957853,0.0710021934482874,-1.1088618055034225
2013-12-31,AEP,46.77,46.85,46.49,46.74,1454747,0.1004903152214133,0.1078328350749122,0.0620861934531366,0.3731524974044748,-0.1573621337071083,0.0618151230462491,-0.968268925699168,-0.9384824374047716,-0.1328314329421787,-1.0251205968360817,-0.0011606317425721,0.6627136974869935,0.1540368459634026,-0.0747782475579154,-0.9494174086710327
2014-01-02,AEP,46.98,47.06,46.04,46.13,2752002,-0.845520708737038,-0.8381670205423686,-0.2620083251123123,0.1263735692735124,-0.1713970285467122,0.0122957729522277,-0.981189488334276,-0.8754438687765277,-0.3993533449245605,-0.1022455003782029,-0.0013935171567398,-0.3718530054925567,0.1000655745021202,-1.3932603010972353,0.2514611941909987
2014-01-03,AEP,46.25,46.418,45.8,46.11,2419159,-0.0599884720560748,-0.0516295113164859,-0.2522126302925879,0.014848315434459,-0.1828947394272744,-0.0207890392890615,-0.9978027354944414,-0.8755352926090139,-0.4025369612099973,-0.3024459993747108,-0.0013828952209291,-0.4057732252623834,-0.8461922381863617,-0.2550138464754806,-0.4743286485308446
2014-01-06,AEP,46.14,46.36,45.92,46.08,2223614,-0.073502248320781,-0.0650764606674372,-0.2579353811174119,0.0754300155293725,-0.1926626714065102,-0.0428044679675569,-0.9935795369852932,-0.9019324215595604,-0.2938672209550436,-0.3842452601416827,-0.0013784187377649,-0.4566535549171174,-0.0604550773573929,-0.1245633456016363,-0.795534444073232
2014-01-07,AEP,46.12,46.49,46.06,46.38,1789552,0.3723297219130072,0.3770169358529871,-0.0675284989578421,0.1827095155092091,-0.1881246940517962,-0.0235936465554917,-1.0555654072541116,-0.9723865113141787,-0.3919847130505599,-0.6618672853036953,-0.0011278749017064,0.1671117837690094,-0.0739723790014,0.3996041807525709,-0.818650990573713
2014-01-08,AEP,46.33,46.415,45.94,46.1,2552095,-0.4088531042764086,-0.3997078521893251,-0.2087725830612625,0.0550899153165101,-0.1949962353304535,-0.0375928939776636,-1.073976656178059,-0.9856560205225354,-0.3623755092456422,-0.00834929641715,-0.0013999674467455,-0.3360075840601263,0.3719758967541576,-0.4013847698683655,-0.7326057178540862
2014-01-09,AEP,46.2,46.31,46.0,46.28,1924844,0.2100939081358058,0.2165066700390964,-0.1100486232819875,-0.4251146407292889,-0.1928312686775852,-0.0255324760596615,-1.0750910944962726,-1.0504063960848216,-0.129297011623595,-0.4598344269033644,-0.0011169765246701,-0.0125737047413978,-0.4094107189395183,0.1045090511548717,-1.0330770017841775
2014-01-10,AEP,46.59,47.59,46.58,47.2,2991511,1.204631322952891,1.1939861134758318,0.3708467464508548,0.4711330892254812,-0.1548198102339653,0.0763841110605703,-1.0186734525469,-0.9067779201555376,0.2880691471862876,0.4163011121256984,-0.0010557701410764,0.8912060715109399,0.2096977600341642,0.9628783181706588,0.1920292315119052
2014-01-13,AEP,47.04,47.1707,46.46,46.67,2752750,-0.7320799386925173,-0.7239619508118698,0.0483986349949588,-0.2272563366178648,-0.1455720158519922,0.083880204617487,-1.030387915560926,-0.8363281563855179,0.0821527871427752,0.2223730369767339,-0.0014038716949487,0.1414970439175252,1.2044946228062468,-0.6205801671252974,-0.3221927947184055
2014-01-14,AEP,46.7,46.82,46.38,46.51,2191954,-0.2464369258409164,-0.2374142660578682,-0.0622921070684891,-0.1093586169063927,-0.1445696043545807,0.068653605859253,-1.0656569627003178,-0.8317407944051045,0.060196634523411,-0.2398220390077769,-0.0013789509348006,-0.0848302096955858,-0.7327218745082956,-0.3337006874817853,-0.8028917750729001
2014-01-15,AEP,46.51,46.58,46.27,46.45,1742889,-0.1133117224736369,-0.1047060547037204,-0.10980224439478,-0.3042139778291207,-0.1461479608353061,0.0498294745038688,-1.088406962497654,-0.8341166535168357,-0.0141259867195405,-0.5614682558807974,-0.0013566316589186,-0.1697029298004937,-0.2469521705089654,-0.1237817649940908,-1.0351201012933604
2014-01-16,AEP,46.45,46.67,46.34,46.58,1593744,0.1412460425202043,0.1482651146202075,-0.0578508317667776,-0.0558202679265049,-0.142337944233747,0.0486397489745925,-1.135240769230862,-0.8391359666604922,0.0761236097358126,-0.6668016059067654,-0.0011340754225802,0.0141879637601481,-0.1137922383710457,0.1851308564836321,-1.0008884420377553
2014-01-17,AEP,46.68,46.79,46.434,46.77,2179981,0.2209547324899475,0.227264983344119,0.0420698428147414,0.0289622406008128,-0.1320152588043442,0.0644514660009531,-1.124464714321579,-0.931056959482664,-0.0853762643813606,-0.1092162156297777,-0.0010997134028378,0.1001059144082335,0.1408319338695942,0.1193488446990136,-0.9569568705262372
2014-01-21,AEP,46.93,47.355,46.93,47.34,1847802,0.7257613094005028,0.7252554199197064,0.3363311956966596,0.3165200268759358,-0.1019229818483603,0.1279874278855494,-1.0477036773346775,-0.874000579216979,0.1365137259578248,-0.3073524589483015,-0.0011274417037007,0.9786075877456122,0.2205614176840938,0.6337352692134403,-0.843122268259488
2014-01-22,AEP,47.35,47.59,47.23,47.52,2142430,0.2037265329885166,0.2101985247190407,0.4148369496873215,0.3634603631864982,-0.0718584226012003,0.1787448524878634,-0.9620132960373828,-0.8890674127281042,0.0840050625874818,0.0815414305555599,-0.0011143920495681,1.3128828261476488,0.7254996849987476,0.2449358985071774,-0.9599537525464832
2014-01-23,AEP,47.45,47.65,47.15,47.63,3335234,0.1111197844913091,0.1183804915203704,0.441715417195567,1.018553303853593,-0.0448816948986502,0.2114027669297208,-0.8805760061955651,-0.9167257773153008,0.21859481095025,1.1963197106320034,-0.0010517790657912,1.4069416544908122,0.203328723810644,0.2602866383737395,-0.71644609864872
2014-01-24,AEP,47.46,47.69,46.77,46.77,3748234,-1.1571176523058964,-1.152951642113809,-0.0473871316851031,0.2431486704274253,-0.0583715548345315,0.1333687985186211,-0.8795202869990041,-0.7631031066910906,-0.1107356122305503,1.3415699811720476,-0.0014434696289062,-0.1752413612711749,0.1106978167135099,-1.124730620823501,0.0480515648065739
2014-01-27,AEP,46.81,47.39,46.61,47.18,3434554,0.5127767894139136,0.515634964456951,0.1617111337513252,0.4751582378624566,-0.0540002163332524,0.1169160410933332,-0.8643064981244765,-0.7424732023521669,0.0729749596783127,0.9313789062214914,-0.0010444040026429,0.5458773849465027,-1.1578704689834205,0.5708669678246105,-0.2134970619510488
2014-01-28,AEP,47.25,47.52,47.06,47.51,2319288,0.402467127243568,0.4067880250894723,0.3183860323679842,0.4891027955640594,-0.0387974478801827,0.1316337493901124,-0.8222102563726961,-0.7280551035656793,0.1515212226209755,-0.0629737582504745,-0.0011177277751298,1.1262900343412208,0.5124596031023366,0.3894181399754992,-0.7844033503293111
2014-01-29,AEP,47.33,47.97,47.27,47.59,3302976,0.0718375288255236,0.079391630158424,0.3361757674607393,0.7430998200598344,-0.0250085506076484,0.1397686359480862,-0.7776346483892731,-0.7294107820007766,0.1316701781263973,0.6972644780433664,-0.0010723892193665,0.8607640129172494,0.4021211641199373,0.3887154403079337,-0.3654654949983117
2014-01-30,AEP,47.68,48.42,47.67,48.24,2793389,0.8173448767649807,0.8151747023272556,0.6575461120962897,0.9258660974022556,0.0096925403859685,0.2001041718371631,-0.6597744862412918,-0.67004156484122,0.3038500566523561,0.2122773055760554,-0.0011069950901772,1.2144998679411123,0.0714053133680009,0.861036630560323,-0.2956015855333194
2014-01-31,AEP,47.95,48.98,47.82,48.81,4224409,0.7026399721678195,0.7025335900908212,0.8988683847499497,0.7931449801831969,0.0572698040467912,0.2815156473354537,-0.5147572065542065,-0.7257672563948047,0.6857628662236643,1.2707133609525965,-0.0010470389797735,1.2651709341535131,0.8171071440428246,1.3287311079150417,0.3893234401740555
2014-02-03,AEP,48.93,49.39,48.21,48.31,5001647,-0.6707550831928469,-0.6623115289171155,0.5565523980893681,0.8176983868687236,0.0727624135036467,0.2640594801380522,-0.4833940184927698,-0.664726783958937,0.5332475989826191,1.6932417222220135,-0.0014591213734641,0.4082631728159729,0.70237231603355,-0.983645526932489,0.4443253207413873
2014-02-04,AEP,48.57,48.608,48.045,48.5,4266367,0.2118606558663219,0.2182568694466455,0.5931719751290796,1.0249535401956171,0.0897868413953163,0.2540374206616775,-0.457702129177122,-0.6676881072982771,0.6038218748180307,1.0277941805276165,-0.0010424984198317,0.5853362686207645,-0.6713810210098442,-0.1352032084875586,-0.623882584476893
2014-02-05,AEP,48.34,48.37,47.79,47.95,3381563,-0.7390150249943395,-0.7309377197288989,0.2432198399797127,0.6417630743025148,0.0790261227172179,0.1745012841206029,-0.4718314736154487,-0.6068599949416131,0.329674467790244,0.3235360407255188,-0.0013907198700754,0.0553942843908048,0.2114649686614539,-0.6358572255046462,-0.5832384275159782
2014-02-06,AEP,47.43,47.62,47.23,47.6,3647950,-0.4874342729683305,-0.4783826701241929,0.0071763606165946,0.3534883117347983,0.054400470494566,0.0751842746235589,-0.538616008697638,-0.5992167628982606,0.3103934250704424,0.4624745023908012,-0.0014113749056955,-0.3123675463386952,-0.7396587699868585,0.244478378035979,-0.9084891273195
2014-02-07,AEP,47.75,48.06,47.61,48.03,2547613,0.5294190015783123,0.5320398991637609,0.1963519205400087,0.4533054412831885,0.0495401767895868,0.046606359597371,-0.5834824222347825,-0.5819166003862779,0.3878701042433925,-0.3119657227829293,-0.0011172958417618,-0.006123456435894,-0.4880123873363428,0.4167096239083702,-0.8104913635523276
2014-02-10,AEP,47.93,48.28,47.53,48.25,3114446,0.2521750635418269,0.2581802320328212,0.2885311784604417,0.304789930084344,0.052050452803845,0.0427157471522159,-0.5602402180837969,-0.7046509453514671,0.1592365459281772,0.0690848540346572,-0.0010960207128839,0.2282739596658194,0.5291061567704821,0.4780976208823198,-0.2958701290175785
2014-02-11,AEP,48.19,48.79,48.15,48.64,2198874,0.4702295450197116,0.4736745687273727,0.4483805901679413,0.3961111699491658,0.0669209972309095,0.0714183753133902,-0.5446042216837267,-0.7543160242920204,0.4524609665316271,-0.5381747804313579,-0.0011443426310388,0.6437966518461323,0.2517898932772695,0.6791888096395247,-0.4947336460452929
2014-02-12,AEP,48.54,48.98,48.4075,48.98,2707165,0.4021958309104003,0.4065200901669249,0.5659507591546431,0.4886325429248884,0.0893606910777815,0.1138633381489189,-0.5302407336545832,-0.7593278844442447,0.6124795609364708,-0.2060832699934761,-0.0011257497895284,1.0060472040033233,0.4699012592810197,0.6585368787005459,-0.6171989109121987
2014-02-13,AEP,48.81,49.74,48.75,49.7,2801691,0.8821894816313721,0.8787620604125814,0.8691201640204292,1.3176365994342167,0.1322596178447473,0.2004810217558401,-0.4594949154987988,-0.7116893262459979,0.8601072469417353,-0.1751440891494814,-0.0011265607683743,1.4037707341053285,0.4018497970128825,1.351292316033712,0.0687857706855832
2014-02-14,AEP,49.56,50.12,49.41,50.11,2442003,0.4806014493913016,0.4839060361446534,0.9929711972022808,1.3176365994342167,0.1786377701709947,0.2787306353374387,-0.3614331073808621,-0.7032320133565528,0.9455226166190724,-0.4375947433297271,-0.0011455387868192,1.433860354098904,0.8819686651155594,0.8121314281255946,-0.4104815513237119
2014-02-18,AEP,50.16,50.5,50.09,50.39,3077681,0.3148836316559798,0.3202294162602313,1.0426441138022926,1.3049624716561266,0.2221553581864269,0.3339672829101934,-0.2562017495863388,-0.7019273748403696,0.969262611039588,-0.0485322013698707,-0.001124387200939,1.3488787601315309,0.480275869402377,0.3201130860454906,-0.91321807802528
2014-02-19,AEP,50.25,50.76,50.08,50.15,2344902,-0.3295217227432881,-0.3203832028180843,0.8329094476248879,1.1025851740281762,0.2427041270909956,0.3190352559764181,-0.1805516311638935,-0.7067882361514625,0.7042848615785667,-0.5357261213580653,-0.0013291723911601,0.9542641165688092,0.3145148203634587,-0.1766683621192165,-0.461278350250898
2014-02-20,AEP,50.08,50.76,49.8,50.34,3151691,0.2028768806717291,0.2093567273322224,0.8566384497831167,0.961093932976384,0.261753275762648,0.3032296377652566,-0.1020151713152036,-0.7067976252889738,0.7040733373603622,-0.0487623787132919,-0.0011227594797804,1.1064555604517226,-0.3300586419912237,0.3659251452660615,-0.0019868943867331
2014-02-21,AEP,50.37,50.89,50.36,50.56,2979798,0.2390891426790727,0.2452240646639965,0.8933257553845347,0.8361012384004186,0.2805776379811286,0.2900065467354756,-0.0222096435765291,-0.7062016222578967,0.7359786473632891,-0.1470323597598415,-0.0011339999616909,1.1865750355209197,0.202478849842511,0.2586713224924281,-0.7176954296820848
2014-02-24,AEP,50.6,50.866,50.05,50.07,2823039,-0.6363670552016902,-0.6277677821434555,0.537962933416293,0.8440125956273125,0.2713872981659332,0.2073187131392856,-0.0930398763321449,-0.8251792179270372,0.8687773460006941,-0.2202576039083694,-0.0013418166854494,0.8060028501595112,0.2387005586511349,-0.8176692412705897,-0.2331025867501738
2014-02-25,AEP,50.18,50.57,49.93,50.06,2398738,-0.0454302426719426,-0.0371465406973914,0.4535260346598818,0.7606776655577094,0.259028274928543,0.13301230968127,-0.14900088984137,-0.8335795663819924,0.7290313718814615,-0.4683068480457287,-0.0013300394881584,0.7224947636609631,-0.6369840221108004,-0.2069904093491412,-0.5258394821714363
2014-02-26,AEP,50.29,50.555,50.02,50.27,2034192,0.2281743100186508,0.2344153839617831,0.4903795108687289,1.330046139706689,0.2528870778605773,0.0895717644374711,-0.1816897060285558,-0.8402131571316789,0.685709256783021,-0.7015844381430005,-0.0011662439815514,0.8797660327354175,-0.0458930501243454,-0.0563629955396063,-0.7043662760926521
2014-02-27,AEP,50.22,50.38,49.605,49.8,2966862,-0.6150783510750221,-0.6063923311986077,0.1795860508492876,1.2140605233636308,0.2252305315282657,-0.0005608103855346,-0.254107481272031,-0.7789711276171694,0.5145418448980215,-0.075180049550138,-0.0013512421675669,0.4528902615337805,0.2277828786056165,-0.6581713849326052,-0.2943526965583212
2014-02-28,AEP,49.91,50.4301,49.89,50.2,2666645,0.4670685151698189,0.4705560034518929,0.3396461956105894,1.2039732227645368,0.2148816103646954,-0.0281173410037072,-0.2652768336266007,-0.820861915876009,0.4292402363556881,-0.2707374358405305,-0.0011411877474206,0.8161887902160252,-0.6156897643361066,0.4126739860425533,-0.6946625825712893
2014-03-03,AEP,49.97,50.2,49.64,49.72,2023599,-0.6282920191337271,-0.6196589733572474,0.0599296079851796,0.7040439579841713,0.1839724535076054,-0.1030842582368182,-0.2720952523023767,-0.8141131140044324,0.1063349753371133,-0.6478396677229094,-0.001317029949586,0.3802305557973343,0.4667394048037998,-0.4043022680872873,-0.6526496998955712
2014-03-04,AEP,50.1,50.33,49.88,50.05,2507541,0.3802210199919586,0.3848136997600349,0.188535875632362,0.6783232036162242,0.1688218689609158,-0.1224954981740954,-0.3030305662071911,-0.8618372156606873,0.3614941983291984,-0.23694288807244,-0.0011480796868215,0.6799518419601802,-0.6289068794839857,-0.1017175340486857,-0.842005483786778
2014-03-05,AEP,50.11,50.3,49.62,49.68,2044819,-0.4932452713129189,-0.4842045653006243,-0.0391647228863164,0.2389104060368923,0.1389554071239582,-0.1759029049409015,-0.3377882302378673,-0.8289265431795535,0.189845285991083,-0.5096573343709796,-0.0013173313934245,0.343900702929111,0.3798692534596808,-0.6746356013236076,-0.4505875006733721
2014-03-06,AEP,49.77,49.89,49.19,49.25,2104150,-0.5718639199516365,-0.5630244911762431,-0.3012342408302989,-0.4816809033566766,0.0955653423387833,-0.253438351539436,-0.4304890651150757,-0.8560079810262501,0.230698532536192,-0.4267702132957593,-0.0013216183284012,-0.046645215404296,-0.4938249016134789,-0.8156862169877028,-0.4067837680432128
2014-03-07,AEP,49.08,49.38,48.63,49.33,2484030,0.0681337640525852,0.075714261481138,-0.3043525754718578,-0.7361814933723969,0.0619169737953811,-0.2903917503914936,-0.5996924000360923,-0.8923943504813976,0.3662989046301732,-0.0915345452598891,-0.0011468268719685,-0.1004912473339887,-0.5724640597346052,0.3585234306066396,-0.3242319792002575
2014-03-10,AEP,49.32,49.575,48.97,49.21,2497842,-0.1844447456632819,-0.1755808768890756,-0.3985870198477828,-1.0495760364136728,0.028503018878264,-0.3193510928344219,-0.7254934092078217,-0.9116637497566497,0.1933418808439019,-0.0787745051053368,-0.0013359041140608,-0.2192120165283609,0.0677005823828498,-0.1948221544160666,-0.5667106123296703
2014-03-11,AEP,49.31,49.36,48.56,48.7,3522465,-0.6782226052194478,-0.6698154136188454,-0.6793189314894708,-1.180242508416815,-0.0195202748163113,-0.3801227533077964,-0.7886373092257459,-0.859357239161219,-0.0305039490236857,0.7056194364744133,-0.0013786997729354,-1.2140400678797596,-0.1849438182455619,-0.9609462192359944,-0.2222748773067691
2014-03-12,AEP,48.63,49.51,48.57,49.5,2037498,0.9897232587729972,0.9840671783750078,-0.279914201906368,-0.6920366925022564,-0.0274740130270877,-0.325601735653178,-0.8631528386246741,-0.7753128990163038,0.0921947728564717,-0.4486618765982832,-0.0011599945465247,-0.4183950995876035,-0.6788504911112885,1.3253193341877376,-0.0086894014435668
2014-03-13,AEP,49.55,50.1,49.41,49.91,2394997,0.4826765907749049,0.4859528768837849,-0.0883874562197942,-0.5637790996587699,-0.0191173659583618,-0.2400022705970519,-0.9108554052973148,-0.7680792180457874,0.1113815854454935,-0.1572922836005443,-0.0011482954040372,0.044725144169856,0.9895304949157944,0.5225965199379188,-0.4391461217990922
2014-03-14,AEP,49.9,50.38,49.7625,50.11,1993219,0.2164851731317482,0.2228378367447012,0.006064896492173,-0.1645397619078434,-0.0062476574427456,-0.1599061560784718,-0.9085652304571804,-0.8479778216566781,-0.0463203037869234,-0.4486962839562005,-0.0011667190538412,0.3300626151949671,0.4823515521343299,0.291636853628344,-0.564323687919223
2014-03-17,AEP,50.21,50.4,49.83,50.29,2324024,0.1906408906889481,0.1972325881838561,0.0960179654235616,-0.0531848694982484,0.0092331194148888,-0.0891084194997894,-0.9006842898077108,-0.8716502420096104,-0.1147214335823337,-0.1795368710952417,-0.0011564687281806,0.5868663391175633,0.2160906923385541,0.0940607208609468,-0.6467168246044235
2014-03-18,AEP,50.41,50.49,50.06,50.16,2129640,-0.1939335032786895,-0.1850413277677787,0.0337017381856364,-0.2550004457406701,0.0145219746542228,-0.0587040610323396,-0.9131999149165112,-0.8829676963478951,-0.2345122025253016,-0.3027290758331703,-0.0013193539681033,0.4013969829512401,0.1902396678203647,-0.4010030473853951,-0.8768787335284234
2014-03-19,AEP,50.17,50.261,48.875,48.94,4187027,-1.547246556374382,-1.549341310770121,-0.577092671494372,-0.6366788437654325,-0.0306433410357983,-0.1642487416813998,-0.8652824332247925,-0.6568679005537326,-0.5218283937246757,1.2566688330687013,-0.0013976785715621,-1.3391615903019112,-0.1944350512215965,-1.878592726803939,0.7689219280775096
2014-03-20,AEP,48.83,48.945,48.31,48.75,3756512,-0.2747007247993438,-0.2656261759532718,-0.6361428601887894,-0.9728982162803,-0.074749226070407,-0.2459575299313069,-0.8203359994889597,-0.6645897966071606,-0.6313548546425766,0.8827392205015957,-0.0013899671922835,-1.3143881044454644,-1.548101147147921,-0.1500958425367083,-0.5057557839531718
2014-03-21,AEP,48.95,49.605,48.69,48.89,5434862,0.1457962697647314,0.1527775921073063,-0.518854388953578,-0.667566493867642,-0.1046830876839061,-0.2748460162112274,-0.827036686613925,-0.6705691439265299,-0.6525746098321071,1.9991105304384975,-0.0010177196382765,-1.126989290837776,-0.2752233427293042,-0.1189234376702945,-0.0315594041973521
2014-03-24,AEP,48.86,49.29,48.73,48.76,4289450,-0.198542062172488,-0.1896366600401049,-0.5535253013504816,-0.9630986914983916,-0.1336773115077236,-0.2955381937400261,-0.7954807658021394,-0.6962287006063126,-0.551726597586369,1.0630992712339693,-0.0014069648442401,-1.2194082313340726,0.1453833481455348,-0.1809456649775428,-0.6341688297294362
2014-03-25,AEP,48.85,49.47,48.53,49.37,4703029,0.74586783869835,0.74500775778414,-0.212414852800383,-0.3663479335876449,-0.1328136547291041,-0.2352382650843191,-0.807426920350354,-0.6273652284756348,-0.3699084153072581,1.2275848382091883,-0.0010512861703969,-0.3117560459671885,-0.1990448123639607,0.7779194426652414,-0.0045220430390048
2014-03-26,AEP,49.43,49.645,49.19,49.32,2936256,-0.0960485420374948,-0.0875177635316589,-0.2138291627355542,-0.1457525836406756,-0.134245621774725,-0.1929072183650674,-0.838440678945853,-0.636537066884073,-0.4450226438131989,-0.0327562834598262,-0.0013545089565331,-0.3412003298290056,0.7456114595471313,-0.1944471672343599,-0.8224656067165772
2014-03-27,AEP,49.28,49.95,48.99,49.8,4256630,0.5729215968371395,0.5749017338596576,0.0406862645809736,0.0788640584224522,-0.1168390551314909,-0.1105523195726628,-0.838440678945853,-0.627668967217911,-0.1674769497128712,0.8093845447098991,-0.0010738313276403,0.3907295499748416,-0.0965245544373035,0.7709019613906162,0.0152468803413079
2014-03-28,AEP,49.82,50.17,49.65,50.0,2668140,0.2170362360590592,0.2233836876074548,0.1520917306621721,0.2543730849122353,-0.0957653163033921,-0.0352291624638556,-0.8536327954117363,-0.6458713054413505,-0.2259890991883328,-0.2555714151048522,-0.0011429249529822,0.6957003332264508,0.5726201006816665,0.2466525645385095,-0.7245789626629676
2014-03-31,AEP,50.18,50.9534,50.0,50.66,3276657,0.7888100519295267,0.7871724236803961,0.4766282002837536,0.8804459817317315,-0.0541613121232925,0.0778739128186211,-0.7774922056492732,-0.622035757156478,0.1101850886467421,0.1076437231242866,-0.0011244204547512,1.073916482734747,0.2166418990233019,0.696378883123589,-0.0228838053773351
2014-04-01,AEP,50.77,50.81,50.1728,50.4,3006160,-0.3525201202256111,-0.3433691900719939,0.3294376033502335,0.3566399724405193,-0.0327410245556498,0.1164038339390546,-0.7511092178856085,-0.6226158776736066,-0.0647738062279714,-0.0858642537611346,-0.0013467957298804,0.7469560530854155,0.7885648752421266,-0.5769204608284847,-0.5376573215859454
2014-04-02,AEP,50.37,50.56,49.99,50.41,2759505,-0.0206432578337285,-0.0124954837928665,0.3150812186305738,0.1413236009082572,-0.0168733700239492,0.1329353889873274,-0.7146126577118574,-0.6462068024120693,0.0483278238054159,-0.2670182914189214,-0.0011434390919656,0.7595314542257718,-0.3530630391344001,0.0336808961658262,-0.6489654429082824
2014-04-03,AEP,50.5,50.745,50.31,50.57,1963636,0.1646093130239389,0.1714310679552257,0.3641879487989016,0.1176485428619506,0.0002991730130692,0.1495193935754806,-0.6769109441301638,-0.6805026256409495,0.2261523977837669,-0.7767457127883421,-0.0011745089299085,0.9607378724715204,-0.0210995990311358,0.0784086959024902,-0.8744310020999768
2014-04-04,AEP,50.78,51.4,50.61,50.78,2778219,0.2255403990029051,0.2318068063622402,0.4360536254375772,0.1354447381799065,0.020243722763119,0.1699216948063166,-0.6273436449499212,-0.6776491678323568,0.2642176945521539,-0.2593362408824245,-0.0011485316128422,0.775890870893747,0.1642012992197005,-0.0263165508545973,-0.2947646479236544
2014-04-07,AEP,50.9,51.31,50.68,50.69,2785981,-0.1433391579566257,-0.1346146010182287,0.3487979247361863,0.1651122649615904,0.0304606443374645,0.1612047883240987,-0.6033277031875814,-0.6794859684174527,0.2742237876808269,-0.2625093145547526,-0.0013340495380104,0.6790700494148354,0.225148280473613,-0.3380233265657718,-0.5555231233666215
2014-04-08,AEP,50.78,51.5,50.35,51.41,2909048,0.8513161881374159,0.8484955013147748,0.6547268404930375,1.6722950916853945,0.0644545506258399,0.2154328124805939,-0.5612557683844116,-0.6835849518007368,0.6497827873446771,-0.1655712242680067,-0.0011440873683547,1.3490930661835334,-0.1438275072010899,0.911013591939727,0.272943520554144
2014-04-09,AEP,51.43,51.618,50.95,51.54,3132243,0.1244352908291614,0.1315909763989399,0.6678338592659202,1.9461984681683988,0.0937345450497869,0.2466817038149302,-0.4743356728239663,-0.7623195977592442,0.437786909224797,-0.0562041200150092,-0.0011401646641351,1.3644972044539128,0.8510873176130342,0.1352758342834866,-0.5111590956728029
2014-04-10,AEP,51.6,51.9,50.96,50.99,3937176,-0.6973716857412253,-0.6890618966017619,0.3505234973721634,1.2634637561312956,0.0925307778866654,0.1932161393235124,-0.4434921325357236,-0.7195318246964695,0.1503245626054588,0.3956019948409088,-0.0013670121499671,0.6002589195821171,0.1240167967073933,-0.9194674994570526,-0.0549362223595114
2014-04-11,AEP,51.11,51.47,50.86,50.9,3052419,-0.1428847148475868,-0.1341618495230196,0.2823557235947867,1.305159148033022,0.0853547211942955,0.1350711172927589,-0.4210948785090117,-0.7202595493110178,0.0640611488600477,-0.1828986704066306,-0.001343597614352,0.5169228921810486,-0.6980045671110716,-0.3367425904495646,-0.5925434641143515
2014-04-14,AEP,51.26,51.43,50.8,51.28,2863399,0.4317987359160807,0.4357493727894329,0.454814630435888,1.2214450065773308,0.0918676513598909,0.123790316189917,-0.3771236209749874,-0.706072045039264,0.1216398532928369,-0.3122539328459878,-0.0011444972560508,0.868786118985549,-0.1433729455401158,0.0031613208428204,-0.5674404879628219
2014-04-15,AEP,51.32,52.35,51.25,52.32,3915870,1.2296474631597174,1.2183753198916727,0.9399814462967294,1.5859537743664325,0.1347100577822931,0.208277121794708,-0.2353662386181565,-0.5815930489556526,0.4649581970099256,0.262687569691662,-0.001112989125158,1.4181942358257382,0.4314604246170808,1.4458538536752163,0.1608730636734713
2014-04-16,AEP,52.27,52.5,52.02,52.5,2526020,0.1811944529296407,0.1878708774038232,0.93728301154519,1.5108599448370228,0.1720673618862727,0.2617480073348472,-0.1660364775177718,-0.8789095060713402,0.9008539919563568,-0.5191808938227034,-0.0011627667802735,1.442878752192886,1.229517289048516,0.3061286488184057,-0.8293503283622032
2014-04-17,AEP,52.35,52.6,51.625,51.73,2165298,-0.9461139263641866,-0.939614495998332,0.4576525770543888,0.7819205656983826,0.1677397202531835,0.197228383030046,-0.2237812552471633,-0.7606618622372702,0.7302854618697875,-0.7051355276695925,-0.0013093162806993,0.7323043203562803,0.1807907657405379,-0.9211036912460352,-0.0205267271252789
2014-04-21,AEP,51.58,52.16,51.4299,51.65,2344180,-0.1292775624772947,-0.1206068816811896,0.3433524036813871,0.4356221419357156,0.1576481729317141,0.1307764895677334,-0.2991954390557729,-0.7525307166557081,0.6616266843763031,-0.5225534458805557,-0.0013165921482371,0.6669641427161348,-0.946811697867566,0.0762159222208761,-0.41325688423726
2014-04-22,AEP,51.65,51.82,51.22,51.67,2783192,-0.0088883809031724,-0.0008084986756755,0.2773163696081193,0.6556902429820604,0.1470464618036903,0.0763018219420858,-0.4236956574846546,-0.762577369466533,0.7090172893841498,-0.1927930696491734,-0.0011525896361058,0.6832991871261739,-0.1297622434312182,0.0029387386557537,-0.6235570024185055
2014-04-23,AEP,51.75,52.36,51.7,51.9,3055287,0.2441347605997923,0.2502199738876974,0.3295668361558393,0.7551268020894791,0.1443363649019868,0.0530349670090135,-0.4875672528387775,-0.8016515455847828,0.585145498765992,0.0448607964723008,-0.0011468906674498,0.7983006147386602,-0.0093416555706177,0.1926741307699514,-0.5314979434789615
2014-04-24,AEP,52.06,52.76,51.64,52.33,4579184,0.4828219940270861,0.4860962945991128,0.4715833597248357,0.8650086095066848,0.155621467594821,0.0704448858969193,-0.5557350093396903,-0.7947203667067541,0.7288432865037718,1.0021779332109153,-0.0011038918210296,1.0637280728559435,0.243747492837318,0.3655194459438392,0.1923902662718026
2014-04-25,AEP,53.09,53.58,52.64,53.38,4546996,1.2162097542635537,1.2052755699832916,0.9146474550416612,1.1409849082281418,0.2018652877435584,0.174355957937868,-0.4694620266030271,-0.6964807015529076,0.8883031160634139,0.9663763441581008,-0.001111433835028,1.2737092083026866,0.4824969933182932,0.3863792053431093,-0.1237254044987236
2014-04-28,AEP,53.6,54.52,53.6,54.44,4753248,1.20330069258886,1.192688561135936,1.3366121784168146,1.452766960679932,0.2753604926719819,0.327629410871435,-0.2522302472395799,-0.6008170712941264,1.136688647515762,0.9989965562141148,-0.0011116771780096,1.384173559478666,1.2160760746169736,1.1577039628542565,-0.182918490165852
2014-04-29,AEP,54.45,54.64,53.81,53.88,4460619,-0.6734167079893151,-0.6649860100411988,0.9663389531648288,0.9187149139173952,0.3063393894984645,0.3408119280657785,-0.1428082202486853,-0.562884561823877,0.7660147488472617,0.7590724910464871,-0.0013601297179608,0.899571662202286,1.203163645316686,-0.8172167811845873,-0.3074910642050106
2014-04-30,AEP,53.99,54.43,53.755,53.81,3726905,-0.1138806500468848,-0.1052725954417669,0.8411734806854365,0.8384047160090532,0.3227192479812468,0.3137802684413968,-0.0955902946138991,-0.5803757656010526,0.8261963411113545,0.2720101292379542,-0.0013451497228832,0.8495302197031518,-0.6740433401523471,-0.2782024802653139,-0.5458847616391795
2014-05-01,AEP,53.99,54.061,53.173,53.87,3304632,0.036423809204654,0.0442213552355733,0.7810375546227252,1.2205863457385258,0.3325323757350981,0.2752522888893662,-0.0741298710333365,-0.5821349769183662,0.8405663221272016,-0.0074998125340657,-0.0011483934930949,0.8517425434559964,-0.1143613143621341,-0.1942405037950817,-0.2175224702769116
2014-05-02,AEP,53.64,53.64,52.42,52.83,3822881,-1.2349332808189422,-1.231813706565955,0.1993216782706503,0.626872269199438,0.2942909518377343,0.120738316538132,-0.1292763325264726,-0.4180095393668641,0.4888727024811057,0.2469567300245817,-0.0013482291149421,0.0403685930388249,0.0359823552639956,-1.1671992126737791,0.333261529308245
2014-05-05,AEP,52.8,53.39,52.7,53.36,2988112,0.5915877137956675,0.593283819791203,0.3996729687530752,0.6717573516255432,0.2799199494233568,0.0585691926342293,-0.1590075893351629,-0.4006020746330619,0.5787085122272314,-0.2589053633256616,-0.0011569701327552,0.4510483633988542,-1.235706397492609,0.7749902614534216,-0.5136403745114791
2014-05-06,AEP,53.23,53.35,52.84,52.85,2973599,-0.6280410041513017,-0.6194069255574088,0.0892570888584215,0.0479733053569271,0.2439511976549207,-0.0467583415292939,-0.2351934338051504,-0.3620453484981032,0.4583456377721451,-0.2724899957372484,-0.0013254741292044,0.055865942863734,0.5912910871260484,-0.5656680135819744,-0.7870885493023091
2014-05-07,AEP,52.47,53.52,52.36,53.5,3366799,0.7327130274133049,0.7320853909777919,0.361352739857502,0.2283470700232324,0.2366033072259819,-0.0573507644693627,-0.2412040067450755,-0.375064949973206,0.4295837095622046,-0.0516573307686808,-0.0011461188616344,0.4560123582646461,-0.6286557990185299,1.456785006516934,0.2156928605153839
2014-05-08,AEP,53.49,53.57,52.87,53.06,3110450,-0.5450247626661762,-0.5361053394844693,0.1032550939829647,0.3932856380236755,0.2093541299020689,-0.1170502726960845,-0.2672452746553706,-0.3446892453077727,0.2656537306883225,-0.2027846148266366,-0.0013289430985949,0.0751165570993627,0.7324532165270549,-0.6336687217090019,-0.4918402680742115
2014-05-09,AEP,53.07,53.26,52.275,52.32,3482427,-0.9012762494020232,-0.8943755148758774,-0.2988347258074368,0.0781391454436704,0.1551511681804938,-0.2341884563180161,-0.3486106101218099,-0.3177574975748474,0.2156003371942255,0.0312561695570348,-0.0013423519442284,-0.5654809266786192,-0.5456179008377747,-1.094035391449143,-0.0223111640420684
2014-05-12,AEP,52.49,52.51,51.6,51.76,3597737,-0.6993664749936715,-0.6910671765355579,-0.5988656933553926,-0.1555515908691426,0.0874515506742616,-0.3626391628655321,-0.4259400552662781,-0.2791895163412176,0.0806651443101689,0.082876567863554,-0.0013494849891088,-1.0502574008889844,-0.9019623239662816,-1.0770462739855449,-0.1260962741737637
2014-05-13,AEP,51.98,52.27,51.81,52.23,2939902,0.5323300316069459,0.5349089784017874,-0.388301032776124,-0.0699808949799558,0.0500234831170457,-0.3874812796478625,-0.4920406931908756,-0.272357229283412,0.1046022632829045,-0.3080006927265747,-0.0011519650422822,-0.8996000505078211,-0.6999998767501665,0.3370529429914494,-0.8573243723603539
2014-05-14,AEP,52.23,52.88,52.18,52.36,2721298,0.1219636520433723,0.1291390448379305,-0.3246315013604116,-0.1777597416129364,0.0235105472347178,-0.3792596120423573,-0.4933099740674764,-0.3876699351671721,-0.1562487008456388,-0.4085542026946812,-0.0011613720056224,-0.7732422727687767,0.5320179462082405,0.1617311625450063,-0.4771412890767564
2014-05-15,AEP,52.37,52.57,51.95,52.02,2302359,-0.4372690138216866,-0.4281460889564148,-0.4819551761766023,-0.7486443558241108,-0.0124348582396168,-0.3969612923114436,-0.4758373776534114,-0.3792039458318041,-0.3017539738805551,-0.6557453353839875,-0.0013095645696254,-1.1037164607016523,0.1215445131377892,-0.5312454186446316,-0.598026460925899
2014-05-16,AEP,52.13,52.72,51.86,52.7,3116084,0.780834512485269,0.7793434668898475,-0.1676989646444056,-0.9451492984380848,-0.0156754649986682,-0.3269410476341006,-0.5154875401528062,-0.3980303561652085,0.1079135979923354,-0.1912973910720458,-0.001149990588169,-0.4427680848358938,-0.4378340414282523,0.7997820016385534,-0.231302287826168
2014-05-19,AEP,52.59,52.61,51.01,51.02,4099283,-2.017692494619284,-2.0307368311823675,-0.9876991783188174,-1.2556658662849665,-0.0850765585632461,-0.4412208060023261,-0.4504226932380092,-0.1055678702451803,-0.3466158886587459,0.3319936269556668,-0.001360738631862,-1.872145260353068,0.7805872551949997,-2.2818081405472768,1.022266352353385
2014-05-20,AEP,51.1,51.53,50.82,50.96,3391432,-0.1062120808783318,-0.09763663434245,-1.0004779966772892,-1.2532834401465438,-0.1424923397596745,-0.5017946249838305,-0.382117927229826,-0.1057089152729758,-0.3692855457651597,-0.095324277612346,-0.0013446949804445,-1.7594741425161131,-2.0186698120341697,-0.2333077430750641,-0.4301777050500877
2014-05-21,AEP,51.06,51.24,50.8802,51.11,1665019,0.1502595618302937,0.1572035361689011,-0.9067457168996952,-1.2080499707273114,-0.1816931100679048,-0.5033685557072165,-0.3215171678698933,-0.1091309343777942,-0.3910294375642962,-1.068123349530487,-0.0011907286622732,-1.6289434538730845,-0.1066907446709674,0.0476667875320709,-1.0046277300597963
2014-05-22,AEP,51.17,51.72,51.11,51.49,1813392,0.4298889941124527,0.4338641504143057,-0.6970020887096344,-0.7283612045919956,-0.1972274873647431,-0.4437108120824524,-0.2821812447425091,-0.1129446105614466,-0.4032251170242789,-0.9367144696723104,-0.0011871374456564,-1.2982657093107397,0.1498478045634701,0.4461589475106642,-0.6039880253000575
2014-05-23,AEP,51.44,51.71,51.32,51.41,1597689,-0.1297263401945783,-0.1210538909813436,-0.688843964395454,-1.0253081961771289,-0.2119400702333969,-0.3938693324713689,-0.256353788849926,-0.2365294080635855,-0.7094871136531264,-1.022941841564813,-0.0012907088142874,-1.367882076587027,0.4295501846133869,-0.070378633957517,-0.9590940771892166
2014-05-27,AEP,52.13,52.92,52.04,52.7,5163477,1.5292071931507214,1.509683860990913,-0.0009116675812975,-0.2467640088508281,-0.1725383596820683,-0.2147068890762086,-0.3676639528476327,-0.1667363743464247,-0.6368854023563754,1.2351313912980426,-0.0010848501524613,-0.2453181542569647,-0.1302111382224895,0.7997820016385534,-0.199673878308543
2014-05-28,AEP,52.66,52.9885,52.35,52.94,3655161,0.2505320214579454,0.2565536303610345,0.1429021414921316,-0.4168903106172924,-0.132040923006403,-0.0685565541785413,-0.4270487281311771,-0.1803870366386371,-0.4237010875606828,0.3069453312796746,-0.0011369766910023,0.0708481453260375,1.5291551660837517,0.3754020181718306,-0.5861644992391755
2014-05-29,AEP,53.06,53.11,52.4,52.79,3225875,-0.2093977360019614,-0.2004625260224297,0.0935384728728842,-0.3034560896279049,-0.1063203026848462,0.0103284428213256,-0.491239228532155,-0.1793613454584072,-0.4458690795903536,0.0474860059135839,-0.0013325984550416,0.1392580381881306,0.2501464225680771,-0.4107677757571068,-0.4704295999434721
2014-05-30,AEP,52.77,53.4,52.76,53.35,2757068,0.627441558751751,0.6285767971603471,0.3874989728181567,0.2592806575673375,-0.0648460079711015,0.1139861271132673,-0.5394372995134628,-0.1460549877834521,-0.3092442738178836,-0.2406543473364991,-0.0011633109099507,1.1010302962147585,-0.2099033181455892,0.8040801782163237,-0.5915460187236724
2014-06-02,AEP,53.2,53.6,53.0405,53.48,2340164,0.1187105150516652,0.1259116982144541,0.4360458653278081,0.6103499020196614,-0.0282317997256107,0.1844024956420535,-0.5011424058951464,-0.2487247912637898,0.0132207066740544,-0.4757402540678986,-0.0011771912739091,1.299388901655795,0.6271542853820822,0.3713244236741838,-0.719423922239766
2014-06-03,AEP,53.54,54.2,53.36,53.94,4483121,0.5025068972876128,0.5055093268594155,0.6516129056834258,0.6069580100559884,0.0169967465218243,0.2629087481895731,-0.4493716103839452,-0.2557855726040425,-0.0078405419048219,0.8878833725589296,-0.0011200896742303,1.18717248008192,0.1182905274904888,0.5381345896793569,-0.29346847205045
2014-06-04,AEP,53.74,54.04,53.66,53.99,2753580,0.0247144106918849,0.0325880545031653,0.647272208328367,0.5794321283923828,0.052507068301959,0.3006992077442524,-0.3747409283555958,-0.287129673017825,0.1493190096231389,-0.2368600248678006,-0.0011705816088855,1.236346763180186,0.5021870318385087,0.3251524906436815,-1.004742558873181
2014-06-05,AEP,53.54,54.42,53.54,54.17,2778496,0.1745691866157248,0.1813041898133219,0.7200334100529742,0.851202296483945,0.0850566478512282,0.3233106758537866,-0.3179318450621689,-0.3235512710647683,0.0164480629467185,-0.2029156371558764,-0.0011717725304136,1.212032812092713,0.0242699020853556,0.8626939954863875,-0.2374387948232132
2014-06-06,AEP,54.5,54.529,54.03,54.07,1602383,-0.1479268857664461,-0.1391854369446009,0.6440474550296571,0.5436003750308471,0.1040216248573161,0.3064333172489711,-0.255638101538679,-0.3460514184293624,0.1120823230636817,-0.9554060021335746,-0.0012825987882654,1.031501204151335,0.1741637710735496,-0.622413204414269,-0.8221896510992637
2014-06-09,AEP,53.92,53.99,53.3663,53.49,2240435,-0.7008277750505058,-0.6925362028463807,0.3246054964514203,1.4612648899934133,0.0934518456633745,0.2169094763357077,-0.23438399047544,-0.3723849522048592,0.1609493296536888,-0.4893854860301634,-0.0012992959015043,0.5116777229659372,-0.1484164318252088,-0.6288252233138351,-0.6195591969991832
2014-06-10,AEP,53.48,53.79,53.27,53.46,2508473,-0.0679136187659914,-0.0595151132791657,0.2665992622821406,1.4927488967022795,0.0812616768563874,0.1411195486355015,-0.2394677370080194,-0.417014815694836,0.3148865391043404,-0.2701918733008989,-0.0013073845035006,0.484790301525312,-0.7014615580207245,-0.0545707711838625,-0.7806758102704648
2014-06-11,AEP,53.4,53.48,52.5,52.53,2741488,-1.1160483227688314,-1.1113704878534645,-0.2041424815627416,0.6218421428423204,0.0329244713581582,-0.0125542437105914,-0.2451795952455433,-0.3327286351355074,-0.0831199737315931,-0.0986454528725229,-0.0013150788276714,-0.3487197631340343,-0.0683822915240751,-1.2572164214465216,-0.0365163224150674
2014-06-12,AEP,52.46,52.76,51.595,52.59,2368919,0.0381153647136709,0.0459017368862958,-0.1799752743725369,0.4806470769128711,-0.0046641487178616,-0.1078266037434616,-0.2484892552478923,-0.3339371741916741,-0.1029638406750874,-0.3525847367475673,-0.0011784995285403,-0.294944920252784,-1.1167904255673171,0.1609067063101243,0.2548845232803498
2014-06-13,AEP,52.52,52.94,52.17,52.78,1610149,0.1919331663936236,0.1985131631538855,-0.1043035968234494,0.6264794317723591,-0.0283452247368882,-0.1482467127800771,-0.2638733651327165,-0.3459585654983218,0.0470900943843754,-0.8801866832493681,-0.0012000527954288,-0.1246579177955002,0.037674352054166,0.3477021875635683,-0.375475820335538
2014-06-16,AEP,52.74,53.705,52.72,53.09,2415335,0.3326726122070947,0.3378200288806916,0.0401771059091266,0.1004544137401576,-0.036191350971151,-0.1398239118559554,-0.2612267581111941,-0.3849917760505337,-0.0587909096340718,-0.2759230964891468,-0.0011796904264868,0.1531787704242841,0.1915322806448748,0.4750699642414326,-0.0450676116676508
2014-06-17,AEP,52.82,52.9899,52.2901,52.81,1821258,-0.3613488495991077,-0.3521954225245841,-0.1435617543631498,-0.2845107745929855,-0.0544969716210086,-0.1600082296862271,-0.3602487608230141,-0.755138024832073,0.3477900757247877,-0.653473123118805,-0.0012891721094367,-0.097770496354875,0.332308441579225,-0.0406201830318891,-0.4869509907510517
2014-06-18,AEP,52.92,54.14,52.845,54.12,3582763,1.5113711056537975,1.492377377586384,0.4268059062019336,0.5689823504816859,-0.0189263998403288,-0.037479292092165,-0.4451648114149264,-0.5692259763081129,0.7432274552705629,0.6817993210453018,-0.0011497502993912,1.070265770167563,-0.3618940716849789,1.6868758564122912,0.4028818033450917
2014-06-19,AEP,54.26,54.99,54.15,54.9,3078435,0.864292745730471,0.8612188408414604,0.7161441615687791,0.6583062347487696,0.0378287207238445,0.1150725218679403,-0.4761208964969167,-0.5266875755126502,0.9215862996416668,0.2373660736705222,-0.0011654242673085,1.3657714484893202,1.5113144256332465,0.8648213500429492,-0.3161632117231649
2014-06-20,AEP,54.9,54.95,54.44,54.48,2506600,-0.5092870403085876,-0.5002792580428972,0.433661790858313,0.3297426568225725,0.063846080279982,0.1579955053400698,-0.5417278945352776,-0.4923922761183168,0.6853640497013435,-0.2097687567887516,-0.0013039324253444,0.9809352687880668,0.8640672604395458,-0.6043083498964472,-0.8111506568075091
2014-06-23,AEP,54.53,54.57,54.065,54.45,1793971,-0.067279103348266,-0.0588837269681753,0.3428167542666115,0.0972312821248744,0.080658436310048,0.1686403715022593,-0.6635766747097658,-0.4950437875415248,0.7009749183236033,-0.7359567798327709,-0.0012875149222297,0.9141429553684552,-0.509870855473486,-0.1371572406187176,-0.8183737807411469
2014-06-24,AEP,54.25,54.82,54.25,54.65,1959889,0.1956836171818267,0.2022295060299648,0.3921605010378636,0.1711253441498802,0.0990159418492941,0.1811334526694863,-0.6457326154158618,-0.6790751360671891,0.375953250681129,-0.5272827928958808,-0.0011929554766997,1.109971028266389,-0.0677476105784117,0.5307473028631522,-0.722077974394181
2014-06-25,AEP,54.54,55.24,54.45,55.12,2183696,0.5024344715746768,0.5054379125831489,0.5675134872468016,0.3029398836145302,0.1288797582601865,0.2207449637101708,-0.5836718279312746,-0.6647435430888946,0.437295962073723,-0.3050537789566949,-0.0011882502533405,1.3334406768861335,0.1952837098244113,0.7771311094510958,-0.396852223057094
2014-06-26,AEP,55.13,55.13,54.825,55.0,2534765,-0.1685360376059317,-0.1597228701070996,0.4537060938848314,0.2908966612918863,0.1444629535555247,0.2156760996266798,-0.5645374271221864,-0.6670378773164405,0.4473606035269941,0.0024201594583433,-0.0013047060108292,1.224002601579387,0.5021145872316599,-0.2044724019494876,-1.1291609512825032
2014-06-27,AEP,54.98,55.41,54.75,55.33,2644424,0.3405521819397702,0.3456101354038156,0.565085808324456,0.8039376864185931,0.1661882517487992,0.2274306754852373,-0.5002131784160776,-0.6895146147769667,0.3775908674626493,0.095777543376312,-0.001176551586963,1.3731711445925203,-0.1690309600358789,0.4546424307053266,-0.5971983414703717
2014-06-30,AEP,55.43,55.94,55.16,55.77,2343199,0.4620976945115535,0.4656516419629984,0.7217268069906608,0.9704983777072697,0.1967579417397015,0.2595996484063748,-0.4053123181937744,-0.6758799137709669,0.4613973658630394,-0.1481045986993924,-0.0011854523995629,1.3128187150547488,0.3401900668788636,0.4371077131641663,-0.4257174763995097
2014-07-01,AEP,55.83,55.91,55.19,55.21,1806981,-0.6581439899622995,-0.6496410910743062,0.4182656440149616,1.246713365501272,0.1950014926855927,0.2021279013234728,-0.3670386052040569,-0.642051753620799,0.1783131483274053,-0.4992412138262418,-0.0012859701293099,0.88438565154087,0.4617672873926569,-0.865329748051288,-0.5044661079726436
2014-07-02,AEP,55.11,55.19,53.74,54.17,2731363,-1.2057611037023352,-1.2022374619727485,-0.0906316332485874,0.5294232046719969,0.1492628890446606,0.0429411948865371,-0.367497082419417,-0.506489811012829,-0.1185127172012704,0.2922125386979322,-0.0013091364376682,0.0887242478722411,-0.6587666378856234,-1.314987899989812,0.6395095100501335
2014-07-03,AEP,53.81,53.84,53.19,53.76,2020634,-0.5042124981821635,-0.4951938497609627,-0.2796154882445411,0.2419759704066212,0.0940980640087909,-0.1086711018648061,-0.3637496523497452,-0.4914064074226008,-0.2786359916644976,-0.2875796985352417,-0.001293056368392,-0.2249499593432792,-1.206526610142759,-0.0965189158057927,-0.5836684208690955
2014-07-07,AEP,53.54,54.11,53.54,53.77,2562929,-0.0214153069098405,-0.013263151005797,-0.2675257920009661,0.1240646480026238,0.0485176777421297,-0.2052907588663641,-0.3605203389406511,-0.4921563751619524,-0.2489632610778072,0.1387684934724127,-0.0011776691195173,-0.2172993689233846,-0.5047949895360543,0.2982428549524331,-0.7078518927135619
2014-07-08,AEP,53.84,54.59,53.84,54.55,3120943,0.8701333831876654,0.8669446539055456,0.0851293053646234,0.5540161498545989,0.0409243943936351,-0.1848083354896108,-0.3667629889925645,-0.4673601848899445,0.1235632912562973,0.5656373533425386,-0.0011653219324598,0.379446683828083,-0.0218718495140033,0.9700015669747724,-0.445482571525689
2014-07-09,AEP,54.79,54.94,54.3,54.71,2651856,0.1496123162475227,0.1565617262304713,0.1321144015777432,0.1133358768204723,0.0390571967619236,-0.1536835507255709,-0.3735901421269844,-0.4672150121046409,0.1759234786059754,0.1668081218111902,-0.001178737211739,0.5018561305463364,0.8699094215613321,-0.1366312581522333,-0.6163988411431538
2014-07-10,AEP,54.5,54.89,54.5,54.8,2153227,0.069420761460671,0.0769921114405154,0.1202296589762324,-0.247220710207454,0.0389740278977315,-0.124191663578113,-0.458767652940424,-0.5921387535449525,0.4671788166422171,-0.2268813561927125,-0.0011919361359209,0.5707114443253495,0.1492003901318048,0.389564835349821,-0.9982046445148144
2014-07-11,AEP,54.75,54.95,54.13,54.31,1986777,-0.5896828746995658,-0.58090302213359,-0.1580979047819137,-0.2866305652855289,0.0177234128477776,-0.1550827959528553,-0.5663527313968618,-0.5506603777402236,0.3128589539103583,-0.3538790305210135,-0.0012887149523169,0.0056331537761072,0.0689879155338052,-0.6334907147012943,-0.3330012227195938
2014-07-14,AEP,54.39,54.56,53.53,53.6,3134203,-0.8469015231472765,-0.8395584365562706,-0.5201898922819601,-0.620049373627435,-0.0284287807620225,-0.2438919363945999,-0.642806774961421,-0.4829445087568985,0.060696043940771,0.539467661269518,-0.0013165083258315,-0.6882987588664399,-0.5902876629666445,-1.1236857414552823,0.0101888799926049
2014-07-15,AEP,53.58,54.19,53.58,53.93,2701238,0.3503090385626772,0.3552548564343696,-0.3811191950089831,-0.5461317481181996,-0.0531013885848289,-0.2596511646950785,-0.7084760420478309,-0.4819708632572675,0.0648964086485153,0.169642227732982,-0.0011773665341882,-0.3877480842298692,-0.8475734128137924,0.4672094813619876,-0.6486588861780924
2014-07-16,AEP,54.04,54.27,53.745,54.21,2044741,0.2902424234716125,0.2958547275947686,-0.2797331869225183,-0.6552925063785903,-0.062609448449644,-0.2332252619434501,-0.8398164521204093,-0.4899046547899134,0.2218653969199001,-0.3759665077754491,-0.0011943847892872,-0.4152259520964537,0.3499494688021889,0.211355608236447,-0.7842043431927039
2014-07-17,AEP,54.16,54.26,53.48,53.48,2043029,-0.8713721244751021,-0.8642221066776814,-0.6158979363224991,-0.8931644601057324,-0.0994243028989875,-0.282371758926761,-0.7933015885327415,-0.6314237035635919,-0.3411538102401792,-0.3238971898615261,-0.0012901660220645,-1.5307527322102188,0.2898671839532883,-0.974898786990484,-0.375806505880304
2014-07-18,AEP,53.73,54.45,53.54,54.39,1936234,1.026368469358672,1.019912032731788,-0.1654974727775636,-0.5880725947489626,-0.0934061285126743,-0.2114374776445409,-0.800251065659564,-0.6005098471676109,-0.3039093769324263,-0.3740837136287697,-0.0011969498368925,-0.4307508416383344,-0.8720503978606993,0.9017344114739066,-0.1969465894569574
2014-07-21,AEP,54.32,54.36,53.61,54.04,2035871,-0.4336269149859281,-0.4245003985562975,-0.3235780609176697,-0.9331208095612028,-0.1029208844457711,-0.1946715478675072,-0.7909113825254966,-0.6063758075253004,-0.2860907857640784,-0.2703200734347015,-0.001290042059393,-0.8538284918582899,1.026185265247342,-0.4157587424034137,-0.4346687470246776
2014-07-22,AEP,54.24,54.32,53.9432,54.05,1213844,-0.0214753107240621,-0.0133228146593165,-0.3091906365272044,-0.7315046540037281,-0.1104903168745909,-0.1762515748338667,-0.7829322507090496,-0.6062900068966062,-0.275367120646504,-0.9731798107613596,-0.0012139977007661,-0.841740558994865,-0.4341909924672589,-0.2909706655391415,-1.010327861913795
2014-07-23,AEP,54.06,54.23,53.9,53.97,1785357,-0.1251448497100923,-0.1164906056366605,-0.3314981374218549,-0.2993436768356969,-0.1199510161057933,-0.1663836845988566,-0.7750781447047392,-0.6121135428856467,-0.3502190114232371,-0.4628744737173716,-0.001284505531184,-0.9384440219022808,-0.0219318689815996,-0.1520964373592692,-1.0817355425156236
2014-07-24,AEP,53.96,54.05,53.73,54.01,2193420,0.0131466565951983,0.0210933310171936,-0.2856002491833033,-0.040781588934856,-0.1261168068441941,-0.1500083346709595,-0.7938378888284048,-0.6438051248987463,-0.463232936021977,-0.1018526372984691,-0.0011905738056665,-0.8900922904485731,-0.1256284525508549,0.0436906629708897,-1.0975435803784612
2014-07-25,AEP,54.25,54.7201,52.92,53.22,3061618,-0.9436394354582311,-0.937116996087062,-0.6249173788090641,-0.4708216944108198,-0.1619237717892952,-0.2132039268752785,-0.759302107025231,-0.5791065947132137,-0.642787097760981,0.6360402640156708,-0.0013141380131474,-1.5510860762321443,0.0126991302740013,-1.4607559741778091,1.22757652433632
2014-07-28,AEP,53.14,54.66,53.03,54.65,2907880,1.6398523902998052,1.61693574068372,0.0832878551285455,-0.1429536497024655,-0.1341719864069568,-0.1001612714353375,-0.8071321421468179,-0.3406746679205072,-0.3479731303105851,0.4870084165379858,-0.0011730741579716,0.02294690341778,-0.9443365614337544,2.120525669550175,0.8944144432392087
2014-07-29,AEP,54.8,54.89,54.0702,54.09,2073559,-0.6709558051597263,-0.6625132163948928,-0.1471205709946084,-0.4576344427382834,-0.1343649142495826,-0.0816563578669558,-0.9434425814509688,-0.3391633844902088,-0.6098904908785867,-0.2287046316048608,-0.0012911486646723,-0.5805360966851496,1.6398292275769042,-1.0051809206344016,-0.3281914091395535
2014-07-30,AEP,54.11,54.2299,52.57,53.0,2890028,-1.28759506086369,-1.2852407095736025,-0.6229241301129539,-0.8689317800677664,-0.1770704302225935,-0.176279097022014,-0.9462568979551282,-0.2598592084671811,-0.7553645504289092,0.4281599333005474,-0.0013114212880472,-1.3357310062037022,-0.6715817953396644,-1.5761683624997964,1.018817461125877
2014-07-31,AEP,52.76,52.93,51.955,51.99,2509796,-1.2194227953830976,-1.2160866245722348,-1.0624454793968503,-1.0105860494073384,-0.2494842862777344,-0.3284460442998185,-0.7381143436611969,-0.2577306565780318,-0.7585177093581029,0.1129915677628373,-0.0013038959139818,-1.8424559225415948,-1.2883819155736895,-1.1289487451980704,-0.0283822236474802
2014-08-01,AEP,52.0,52.81,51.96,52.31,2605543,0.3502040338774209,0.3551510665652481,-0.8724325509421575,-0.6682936018556538,-0.2926021909332972,-0.3747723275380801,-0.6316536419850175,-0.2504502976858089,-0.56359854200442,0.1677758209379455,-0.0011777554124961,-1.4872846063540832,-1.22019186578996,0.4240883222174388,-0.2370946824577611
2014-08-04,AEP,52.2,52.2,50.48,51.4,5779131,-1.1160550016390949,-1.111377247689129,-1.260673677360777,-1.0649506608836057,-0.360131828942683,-0.4746687355428323,-0.424887728618042,-0.1831457662773959,-0.8148104508932122,2.5515800357230063,-0.0013834816627139,-1.197131193650705,0.3498444367240458,-1.184198315766022,1.197514188825871
2014-08-05,AEP,51.28,51.56,50.7,50.84,2880805,-0.7112937278611124,-0.703058510593689,-1.448170762737348,-1.3186155948176397,-0.4324004036872532,-0.5667838035240262,-0.213547333710481,-0.2484070645234909,-1.166323855543174,0.2575842883919356,-0.0013166314722972,-1.613583466797859,-1.1167971061799178,-0.6745767979413105,-0.1815453996825948
2014-08-06,AEP,50.3,50.33,49.06,49.28,5967337,-1.943352819168587,-1.9544174766866491,-2.0896619863259787,-1.475365192591767,-0.5464653804044273,-0.7480590770774846,0.1604665718047915,-0.0745473778674838,-1.6251257138252595,2.430507518980185,-0.0014000234226173,-1.7571398076201776,-0.7119302411157964,-1.55838058392973,0.5564620410297978
2014-08-07,AEP,49.49,50.15,49.49,49.84,2914023,0.6744816557957874,0.6748505480412875,-1.6989862298808491,-1.6351789949289803,-0.6094938175276505,-0.7617121215798152,0.3359079522314418,-0.018619261589948,-1.4967704827597434,0.110502810446289,-0.0011612713212307,-1.4410885918361702,-1.9443107433696192,0.5079959325999313,-0.487692938173463
2014-08-08,AEP,49.85,50.56,49.85,50.52,2811738,0.8164314348582746,0.8142785041953271,-1.272781633346156,-1.2693411814009543,-0.6271492330225729,-0.655845180589543,0.4174897099213442,0.0522733371652689,-1.192371493526355,0.0039597512662148,-0.0011663699293058,-1.048831937107919,0.6742066539171648,0.9891236910213316,-0.4200647928471017
2014-08-11,AEP,50.52,50.84,50.27,50.34,1942799,-0.2548180293886787,-0.245778642216213,-1.28481849003894,-1.3078425314953497,-0.6425149181725904,-0.5652579013063672,0.5173075091561332,0.0291194928476786,-1.0607260435522343,-0.5979591582592377,-0.0012940438709554,-1.1514653293445654,0.8161934638437918,-0.2955034338491458,-0.6476550517324325
2014-08-12,AEP,50.11,50.68,50.11,50.41,2444764,0.0535765160444496,0.0612586439186948,-1.1657499830024791,-1.2637059733091964,-0.6461847641979777,-0.4626831893123988,0.576217988163298,0.0130270462084311,-1.1260650139546386,-0.2156465120212178,-0.0011768927775515,-1.1115523434747625,-0.2553354604603197,0.4259990657516848,-0.6489654429082824
2014-08-13,AEP,50.53,50.94,50.42,50.77,2732250,0.4116160081184812,0.4158228709134284,-0.9023707866467796,-1.1360512593938146,-0.629366313236928,-0.3278868959722855,0.5740849716823885,0.0219671839961142,-1.0994402469475355,-0.0262909228079143,-0.0011708572666013,-0.9062855590014656,0.0531395367818134,0.3325282628899694,-0.7377243949951453
2014-08-14,AEP,50.78,51.26,50.78,51.14,2182155,0.4207261132310257,0.4248181144892002,-0.659329261069516,-0.8234147146402282,-0.596298369668134,-0.1782239470566238,0.5755342268786012,0.0175815543428456,-0.8100821455415294,-0.4366569486470243,-0.0011867716301472,-0.6953169194039159,0.4112724316908142,0.5093006735993052,-0.8090866589554487
2014-08-15,AEP,51.16,51.62,51.14,51.42,2452903,0.3078770601865122,0.3132996041859798,-0.4448640759540258,-1.3073109618923189,-0.5543778268063828,-0.0357071497381137,0.4993430850229615,-0.0610945349521817,-0.969445180444094,-0.2540569588899139,-0.0011810735856853,-0.5356649759246875,0.4203849133837728,0.3576448279906449,-0.8133462160669997
2014-08-18,AEP,51.44,51.845,51.37,51.47,2580676,0.0275426943059187,0.0353981577071225,-0.3554648099376508,-1.1539401699789855,-0.5149478544215508,0.0718956025833169,0.4313489663084798,-0.0618583074496876,-0.865930544497012,-0.1791522495083627,-0.0011792718217782,-0.5071557003033984,0.3075064210687004,0.0177455322483222,-0.8221980361455913
2014-08-19,AEP,53.09,53.525,53.0,53.36,1714636,2.253145221224837,2.20807433921352,0.6175509986133063,-0.068456381690701,-0.4063294028304159,0.3360677588644357,0.3847889607750857,0.2768457600540251,-0.3549648159044503,-0.8160435345374738,-0.001201502306996,0.5704949181813903,0.0270989235222093,0.3579174290536078,-0.7713473038222602
2014-08-20,AEP,52.13,52.44,51.92,52.38,2067806,-1.1764157722234905,-1.1724999117856636,0.1626231559809542,-0.0579651261337677,-0.356404742976025,0.396328674349994,0.3035765111153085,0.3410680264788288,-0.6001546175683699,-0.5704464773626051,-0.0012916757150101,0.0117131160040945,2.25328205004014,0.3360073756774861,-0.7639614167279211
2014-08-21,AEP,52.46,52.97,52.42,52.8,2431979,0.4662092977158221,0.469708301383942,0.4065876865184642,-0.0262246228512557,-0.2985642029568506,0.4649127460137619,0.2232312962891926,0.3578835460749679,-0.4965035173335337,-0.3181511462179341,-0.001184083678151,0.2511910312229331,-1.177173623259374,0.4633442755761982,-0.723189948344995
2014-08-22,AEP,52.7,52.87,52.06,52.54,2322781,-0.3395697125522735,-0.3304247209403409,0.2922667259240027,0.2196347510322352,-0.2616377646225978,0.465947465636002,0.190607305652896,0.3213408684684807,-0.3551292171399941,-0.373985272853846,-0.0012975432878641,0.1029427979922226,0.4658799632031715,-0.2556957847383827,-0.3064724343139031
2014-08-25,AEP,52.85,53.02,52.575,52.95,1214517,0.4528394227727599,0.4565161163104281,0.5445099457392016,0.5813832570961367,-0.2154500532910127,0.4906135985996758,0.0260553075456314,0.1689836160599822,-0.6243321039887858,-1.1437795205505816,-0.00121345947999,0.3367188580868085,-0.3401092530494138,0.1166385771689998,-0.890914410962524
2014-08-26,AEP,53.02,53.29,52.21,52.26,1549340,-0.8442905826932379,-0.8369274761842459,0.2409849094752808,1.0304945781432784,-0.2053305611593235,0.4175075296505995,-0.120689180742261,0.1816668982183968,-0.6643596566561716,-0.8843880472137744,-0.0012796325552587,0.176257500213548,0.4525066004207773,-1.1092919699786568,0.1309900678079259
2014-08-27,AEP,52.3,53.18,52.3,53.15,2321355,1.0272728695723805,1.020796417894533,0.6901597548376066,1.1061764598393,-0.1621116965535164,0.4442198894467555,-0.1085032289457884,0.1668156642452093,-0.1259112435288896,-0.2879587527794762,-0.0011866404924558,1.1636921729004033,-0.8449617912358951,1.201580531103331,-0.2114564278560288
2014-08-28,AEP,52.95,53.4,52.9,53.32,1744426,0.16613596776219,0.1729445275093756,0.741733910751552,0.986214502838612,-0.1214659338173795,0.4589666573661078,-0.0359269872343296,0.0767754997287486,0.2082320493137271,-0.7052647099301278,-0.0012014095707097,1.290256755512997,1.027089901394644,0.5016184918153502,-0.8098079642356634
2014-08-29,AEP,53.39,53.71,53.23,53.7,1525778,0.4107033989861835,0.4149216960730441,0.8982163357546654,1.182190648441387,-0.0751288356663537,0.4854134710853644,0.0548318289723419,0.0791898266831137,0.2227792886830995,-0.8485758568225543,-0.0012071157190516,1.4357299746930112,0.1657283522209469,0.4123621043195155,-0.8463776706799941
2014-09-02,AEP,53.66,53.73,52.75,52.88,2369623,-0.983677435022546,-0.9775396654517492,0.4435256290627824,0.7241366602640301,-0.0715493321037486,0.3965136096457146,0.0813910452934703,0.0612039036907053,0.2554042426440155,-0.0558805813081464,-0.001297286994493,0.837835003407853,0.4103595844834379,-1.124534821916211,-0.0468072197511882
2014-09-03,AEP,53.09,53.525,53.0,53.36,1714636,0.5321298646509695,0.5347117003039359,0.6211906884113871,0.7542965740552944,-0.050930887230951,0.3692516621076114,0.1090828398204938,0.0330640092211695,0.5604952136667112,-0.5697850382390368,-0.0012024243349354,1.1795067674276365,-0.9843850058309678,0.3579174290536078,-0.7713473038222602
2014-09-04,AEP,53.3,53.41,52.75,53.0,2261386,-0.4530277802984834,-0.4439228698019712,0.3433938573347266,0.4892661845702563,-0.0498798044724131,0.2970760508396347,-0.0487154486069483,-0.2395245764815163,0.9411668045125036,0.0668097939015897,-0.0012950787059673,0.8705550440954775,0.5318177270341107,-0.4515611202381021,-0.5534943311952891
2014-09-05,AEP,53.24,53.87,53.04,53.86,2236226,0.9772287163591952,0.9718407797930256,0.672430392651567,0.6411747032381426,-0.0167045515989116,0.3220226226959408,-0.1232316411818587,-0.2124026465563817,1.017112317215874,0.076520035543556,-0.0011899255415665,1.434609643890792,-0.4535969189416726,0.8535126527421577,-0.3070143345975545
2014-09-08,AEP,53.83,53.86,53.33,53.53,1892014,-0.414450784502329,-0.4053088976911503,0.429637250782539,0.4899351258116068,-0.0050383435658993,0.2866159690314978,-0.1811428363995419,-0.2156137795599105,0.707553019610262,-0.2103440506869304,-0.0012865338718361,1.142287868487983,0.9770326930132798,-0.4473742426276014,-0.7661668765003774
2014-09-09,AEP,53.25,53.4,52.78,52.99,2497520,-0.6610427504911246,-0.6525532629479927,0.0924744005759319,-0.3326238638962373,-0.0185273975243278,0.1935414347721316,-0.3122485659866146,-0.1809768091060806,0.6056528918366365,0.3447797874022247,-0.0013014875040661,0.664878817897838,-0.4150098594490496,-0.3952078962390493,-0.6162091088419814
2014-09-10,AEP,53.02,53.17,52.68,52.99,2187029,-0.0329960430517004,-0.0247793014886723,0.027702625691146,0.0829163329407618,-0.0305614166840439,0.1228270418886601,-0.4714480133003486,-0.1795245528742639,0.5841853743759713,0.0606170123946292,-0.0012427088046935,0.5949715774249488,-0.6616661546227922,-0.0690655805568642,-0.8206686612152676
2014-09-11,AEP,53.02,53.6319,52.96,53.54,2041087,0.6131998547444438,0.6145602867704257,0.2317360261287184,0.1345016673133123,-0.0199193881789756,0.1246232839116018,-0.5998213707665472,-0.1687901664904834,0.6338179521150406,-0.0469726714904902,-0.0011936327791435,1.087869073436893,-0.0334556067571959,0.7146666306513273,-0.5454381440929396
2014-09-12,AEP,53.32,53.38,52.295,52.48,2058694,-1.265598204958562,-1.2629186127751637,-0.3278592815706682,-0.212437511128516,-0.0542729867587996,0.010242307995851,-0.7221572459801211,-0.0508753469188575,0.2173485558517776,-0.0237048370466007,-0.0012913480744379,-0.249653239398716,0.6129088660987831,-1.216554726675961,0.1317102511752786
2014-09-15,AEP,52.52,52.93,52.4175,52.69,1758422,0.216131012487575,0.2224870232832913,-0.2550126662500879,-0.2933599914051862,-0.0740760162268205,-0.0438095583254177,-0.8338087135878441,-0.0534089127659626,0.1952596875545794,-0.2888082414642571,-0.0012004227440257,-0.1261349334799706,-1.26637932128286,0.2182341627265051,-0.7806920831162629
2014-09-16,AEP,52.73,53.785,52.6401,53.63,2175888,1.0776996344708631,1.0700872237087475,0.1567167140800152,0.3428374425514248,-0.0538511442996198,0.015980077743946,-0.954645977799422,0.0111230231885562,0.4488616350863417,0.1498800019122404,-0.0011911689287926,1.033748716815356,0.2157364393034326,1.263207565292254,0.1878472675528618
2014-09-17,AEP,53.82,53.88,53.045,53.32,2060256,-0.3928690921764342,-0.3837170191285388,0.0044040817026559,-0.1175377214197493,-0.0511297804650285,0.0187580580852175,-0.9560545858450038,-0.3167363543959204,-0.1784863571479089,0.015520304710865,-0.0012906199667402,0.4931125986378846,1.0775298212743625,-0.7282097611896964,-0.2861922892273846
2014-09-18,AEP,53.32,53.45,52.525,52.74,1704842,-0.710221507214776,-0.7019804342529532,-0.2912819375144254,-0.4193035655818407,-0.0726579300318237,-0.0414373876908905,-0.9814572969168012,-0.3840387903994009,-0.0665384650507378,-0.3243661590081251,-0.0012830512825766,-0.6393008921392263,-0.39342253704242,-0.8481476722550568,-0.1296194100150096
2014-09-19,AEP,52.86,53.355,52.71,53.28,2386311,0.6044582658074595,0.6059553503761004,-0.0362157511302958,-0.3522487670465997,-0.0693636617730483,-0.0257012681371308,-0.9855959543072584,-0.3721611951420513,-0.0339628631825008,0.3658535182098811,-0.0011854074538371,0.3469947288601934,-0.7108577407560477,0.57398140161225,-0.5824114701711297
2014-09-22,AEP,53.13,53.27,52.75,52.97,1213396,-0.3952331230922304,-0.3860817986447696,-0.1999988201867084,-0.1514839616078883,-0.0797302350863858,-0.0482751435346099,-1.0083052303325284,-0.3689434941443055,-0.0472786951851512,-0.7838070664406934,-0.0012712560895112,-0.3685016065332687,0.6041649967173034,-0.2538393369580321,-0.7731768946099185
2014-09-23,AEP,52.67,52.72,52.22,52.47,2151000,-0.6206686643333532,-0.6120047093271451,-0.4352682595991201,-0.5588507842779027,-0.1080739646932347,-0.1126071346822629,-0.9801072083707696,-0.3599191558809068,-0.3006128093692171,0.1376245068859843,-0.0012938408371872,-1.3637655398992838,-0.3957871846700437,-0.3132039066946244,-0.797147614646928
2014-09-24,AEP,52.67,52.72,52.22,52.47,2151000,-0.0329960430517004,-0.0247793014886723,-0.4403938791314657,-0.4210264529435375,-0.1307257887949439,-0.1494218608141187,-1.0024148393237513,-0.4120335778646058,-0.1084609642775178,0.105171987205015,-0.0012427088046935,-1.3806730356347756,-0.6212815359562058,-0.3132039066946244,-0.797147614646928
2014-09-25,AEP,52.49,52.66,52.0763,52.09,1900133,-0.4838832976630873,-0.4748253054489668,-0.6024426561237971,-1.0234142600387282,-0.1634447129808989,-0.2047861840351975,-0.9342392308401954,-0.4946696085361944,-0.4603789720918145,-0.1255286439840161,-0.0012887252156249,-1.856053970555944,-0.0334556067571959,-0.602058864898947,-0.6574390930068463
2014-09-26,AEP,52.1,52.5,51.58,52.25,1386638,0.1582361704205986,0.1651126101056526,-0.4972294528530978,-0.8092878771879491,-0.182668249076436,-0.2143407459852386,-0.9001644901219528,-0.495017015757507,-0.4621995300696662,-0.6314131599020661,-0.0012085617578865,-0.9129542504294024,-0.4844604856775332,0.1912029841563508,-0.1238867611486196
2014-09-29,AEP,52.04,52.32,51.72,52.18,2202145,-0.1164039401789837,-0.1077853620385214,-0.4947963136014709,-0.614408600933567,-0.2000480444376891,-0.2172386386345119,-0.893145110957807,-0.5182439123079261,-0.5831856139191575,0.1618768679094836,-0.0012962792209787,-1.0141249928733047,0.1578264940355556,0.1769357535740315,-0.633015820285108
2014-09-30,AEP,52.3,52.76,51.96,52.21,2064908,0.0027981525205008,0.0108083513116998,-0.463530855498054,-0.5964733556359125,-0.2118945399063697,-0.2053143340840775,-0.8636581005861186,-0.5886160900960087,-0.353558420539046,0.0401344660071299,-0.0011914881856645,-0.970766103254488,-0.1168852627524895,-0.1563291830619018,-0.3143139897261813
2014-10-01,AEP,52.34,52.93,52.22,52.38,2214088,0.1697211830497779,0.1764986096151083,-0.3551011521248055,-0.8387696542768293,-0.213823827446798,-0.1702481679573274,-0.8621893585039687,-0.6177803384115719,-0.4372074318712976,0.1631874612272286,-0.0011887829880398,-0.7250657287478669,0.0023479265540422,0.0314226812130131,-0.4616558950594029
2014-10-02,AEP,52.37,52.78,52.18,52.28,2363099,-0.1518544575201605,-0.1430988156001131,-0.3870633710490992,-0.3260335571105253,-0.2184661625446258,-0.1491785727646038,-0.8459967701475289,-0.6305043033819724,-0.3669923393959859,0.3058535660726606,-0.0012991668774622,-0.8695953608105857,0.1693145027943881,-0.1561554025720315,-0.6348488502713336
2014-10-03,AEP,52.38,53.01,51.966,52.87,2055451,0.6696099654441101,0.6700598290558042,-0.0692446799939051,-0.0756678717661704,-0.1983352786206775,-0.0685570573098073,-0.9115255577509992,-0.6848869957967372,-0.4374302364406294,0.0090325732076484,-0.0011925811616411,-0.0168705316405617,-0.1523450281763333,0.680448907882133,0.0543703884921408
2014-10-06,AEP,53.05,53.26,52.605,52.8,1448687,-0.1154258260080179,-0.1068113150490994,-0.0858830510074261,-0.8308598714578723,-0.1847032972766975,-0.020787908310701,-0.9498625925152728,-0.6959477717280824,-0.3677605504673755,-0.5810540789986747,-0.0012774120767969,-0.1180412740844639,0.6693336926730299,-0.3823570087267466,-0.557455285403936
2014-10-07,AEP,52.69,53.51,52.61,52.96,2845712,0.1556646766409694,0.1625629984500448,-0.0054986560766811,-0.4788019890997688,-0.1673697582784596,0.026955156569753,-0.9508181781128572,-0.7293482857114555,-0.1757916597628854,0.8051505418513465,-0.0011736766169157,0.1132061372158884,-0.1159068934179495,0.3608343694970282,-0.1750328628875331
2014-10-08,AEP,52.89,54.14,52.885,54.12,2316653,1.3306618779896664,1.3167605928598114,0.5430361886924874,0.7699813889704362,-0.1084265384024053,0.1722522107589685,-0.8430408289770935,-0.5586558279807976,0.1457104621709682,0.2679854052339521,-0.0011878746384285,1.416908583931613,0.15525432942264,1.730701708691213,0.3412847160731571
2014-10-09,AEP,54.12,54.429,53.472,53.56,3677410,-0.6772033785876135,-0.668791170327383,0.2641011482180956,0.0046693852113902,-0.0844751280861845,0.1984215386738679,-0.8413728328728408,-0.5504195269144282,-0.1619907526570823,1.4835942464413252,-0.0013280650252314,0.4289392098841734,1.3305580558114969,-0.8080792945697279,-0.1022051118236538
2014-10-10,AEP,53.88,54.5,53.732,53.89,2693668,0.3505953007595537,0.3555378059340614,0.3924370892264949,0.4443489225944253,-0.0535845550857661,0.2372182862998965,-0.7883871090078313,-0.69450613656268,0.2271121284285168,0.5015040400305394,-0.0011782022278992,0.7484435680011332,-0.6778309985907492,-0.0122943190133845,-0.4036122664915611
2014-10-13,AEP,53.85,54.935,53.75,54.23,2762862,0.3597991462137759,0.3646344531554872,0.5220878192072278,1.0696687836318393,-0.0172202741535934,0.282344914389279,-0.7064784615225064,-0.6877924835273763,0.2617750195079355,0.5069831114003591,-0.0011780481280056,0.7443547629538477,0.3502358056771424,0.5068251085878961,0.2297883656587674
2014-10-14,AEP,54.55,55.615,54.19,54.72,3731889,0.5295420055248002,0.5321611331931954,0.7371274247712023,1.2490607312202942,0.0288541866243941,0.3434400526269021,-0.5957385542335336,-0.7742488153726361,0.1310190222243099,1.283489649744475,-0.0011573580575496,0.7055448052260858,0.3594420521661025,0.2091335587197388,0.5790109747632874
2014-10-15,AEP,54.34,54.9299,52.91,54.37,4726049,-0.4312108296836938,-0.4220820491200837,0.5371210839227504,1.2777799069018674,0.0493292811105616,0.3264238350650973,-0.5302734913379039,-0.7705851986932927,0.1217367973662266,1.935914258000635,-0.0013475717034611,0.4172019209373925,0.5292291928053781,0.0153940408791834,1.5048725578275106
2014-10-16,AEP,53.57,54.06,52.86,53.94,3612461,-0.5253807427829587,-0.5164101855182515,0.2941993654552329,0.8376954912827079,0.0464019869604566,0.2525735155290044,-0.5080098789860835,-0.7968685132836014,0.166687999509892,0.8817868877874044,-0.0013260106222855,0.0629520916684286,-0.4317742768736133,0.4955083606513523,0.2627552815352847
2014-10-17,AEP,54.67,54.79,53.49,54.61,3839478,0.7403240371123322,0.7395622435286662,0.5915841614387515,1.1247286007436914,0.0679706941486248,0.2565455456556071,-0.4349013608976261,-0.7781442600341126,0.199135491341799,0.97766955412693,-0.0011514323554165,0.6149227558782118,-0.5259687563602375,-0.1092341859310264,0.3926189119732567
2014-10-20,AEP,54.59,55.45,54.5,55.36,2164316,0.8220401796901736,0.8197811635583622,0.9005212234315778,1.3152530769645532,0.1115981986086005,0.3165021342008134,-0.297770786863083,-0.7425102981942379,0.4951783900800998,-0.3717500590532437,-0.0011928945589534,1.2328003650682655,0.7400662117329846,1.039352519919567,-0.1611610335545183
2014-10-21,AEP,55.41,55.69,55.01,55.56,2766548,0.1919246126512565,0.1985046869472892,0.9199158029373122,1.3222312919874275,0.1506121336892469,0.352592156875407,-0.1890792962039198,-0.8023735619317017,0.6974256234083802,0.0687601314774272,-0.0011801562604,1.3377343240012782,0.8218036718457585,0.1782091263529633,-0.571313382798886
2014-10-22,AEP,55.56,56.545,55.5045,55.92,3717586,0.3704037679542025,0.3751139048902127,1.0083540141803005,1.471214291746322,0.1917919869654274,0.3870392111649382,-0.0761123497435812,-0.8013638561751077,0.7981909717331879,0.7134963622447894,-0.001160505769483,1.0244268970264094,0.1915237246710673,0.4632198540728535,-0.0406056590361605
2014-10-23,AEP,56.04,56.3,55.06,55.28,4535385,-0.7455343835218377,-0.73749603886769,0.6148013776535914,0.9017683461652484,0.1952923653170439,0.3176105347783992,-0.0818183101967994,-0.7572934941429256,0.731929711133856,1.1649409802644866,-0.0013401099713677,0.5959321973359368,0.3700494403659736,-1.0509303396118617,0.2781165019370011
2014-10-24,AEP,55.53,56.67,55.45,56.47,2816628,1.3072185847216002,1.293941394214669,1.0878751289462267,1.2282197618192494,0.2404319511232279,0.3692461968542888,0.0078354958957131,-0.6300672414616949,1.0186903032516592,-0.0998968124200402,-0.0011800192270446,1.3085683870436926,-0.7461798292389475,1.25260795933524,0.2092046681064177
2014-10-27,AEP,56.61,57.39,56.55,56.76,3010249,0.2867282508138485,0.2923777823158808,1.112303391316557,1.2538377654167714,0.282664016406653,0.4030708187412661,0.076381320499237,-0.6406566077926169,1.1216069290529278,0.0054731987248888,-0.0011771897893743,1.0572002312741422,1.3071086468212807,0.1738736588975736,-0.3579496612434408
2014-10-28,AEP,56.9,56.96,56.24,56.59,3322364,-0.2194630334456044,-0.2105018772945727,0.9197878270744706,0.8859909493337857,0.3042395513541308,0.3769609627603419,0.0843163548940026,-0.6263873335496555,1.0646066911668697,0.1710692310426701,-0.0013133533233484,0.9525864900332278,0.2863520945427747,-0.4379343610434437,-0.5309701501881137
2014-10-29,AEP,58.58,59.835,58.42,59.74,4670033,3.4325070161552653,3.3292123749876765,2.245149845996141,1.756394011692281,0.438557002535005,0.6462688295516543,0.4718678355400296,0.0972165018026384,1.896154292268532,0.9484298133864262,-0.001140814654909,1.402746937977988,-0.2199712413535314,1.4697584028180817,0.3826854031619768
2014-10-30,AEP,57.01,58.3,56.87,58.27,3226747,-1.5649564568935193,-1.5673957729147567,1.389458729149886,1.040082098849057,0.4799233758053996,0.622460648560173,0.5251442132605934,0.293712848916457,1.5152397988498585,-0.0043885261357526,-0.001310618987908,0.7817599180211368,3.4329515086153317,1.6434825949477645,0.4539383044412859
2014-10-31,AEP,58.59,58.6095,58.0,58.34,3034259,0.0417948034370635,0.0495567129712969,1.2855525683562634,0.994756530680184,0.5079104041096457,0.5689759001443977,0.5790351866726674,0.2897037155807443,1.3520128529223168,-0.1549936138021334,-0.001177247924969,0.7555134135377664,-1.5658156677018649,-0.3486914662005184,-0.7206304858975646
2014-11-03,AEP,58.41,58.8,58.22,58.65,2021522,0.2978231483188693,0.3033544812342209,1.2864179947522325,0.9631864831993764,0.5344338111332572,0.522420765431101,0.6050277053330602,0.2805253178263646,1.4597259798759878,-0.796567724835181,-0.0012001016173747,0.8976669706192719,0.0413547506437619,0.2841170810322878,-0.7671517186391852
2014-11-04,AEP,58.67,58.95,58.03,58.13,2155863,-0.5849854633289451,-0.5761894042531792,0.914574578860602,0.8950103856104297,0.5272153246375113,0.3983256045953529,0.555434394712758,0.3210282813950709,1.266236437934793,-0.6994893909844444,-0.0012874604254933,0.6303010430402776,0.2974498864069475,-0.7216968812901481,-0.2723218266793111
2014-11-05,AEP,58.58,59.835,58.42,59.74,4670033,1.6913363218667838,1.6667774755190587,1.5299715832056286,1.3100588051416346,0.5765153375694823,0.444527120509475,0.6899740943792073,0.3689446696652378,1.3576229817925527,0.7666644321297577,-0.0011441789921118,1.3976031613603366,-0.5855890261682463,1.4697584028180817,0.3826854031619768
2014-11-06,AEP,58.55,58.76,57.07,57.87,4770605,-1.981816433449119,-1.9938936390187347,0.5535764977416184,0.5733335298556356,0.5341375787194669,0.2455113268715085,0.606183893426048,0.5784080560294218,1.0143570387868934,0.7812046245791499,-0.0013399096358212,0.5063888997090852,1.6913265899113543,-0.9037753708224816,0.8425114553162045
2014-11-07,AEP,57.91,58.35,57.67,58.32,1754413,0.4511255549154735,0.4548248230323407,0.6568162683374998,0.5200631887539381,0.5106799924799074,0.1349988905569569,0.5410683923331486,0.5801664548205367,1.0398233725407602,-0.9906619508489696,-0.0012056653297853,0.7208522247053765,-1.9827843917684445,0.5085864350855339,-0.6195854853267746
2014-11-10,AEP,58.01,58.56,57.97,58.38,2370961,0.0310554358563069,0.038888141542978,0.5858875573870768,0.4943041751291034,0.4871394442319371,0.0463753987238251,0.4771686584768691,0.5807994522639697,0.9564245900458044,-0.6120719449947535,-0.0011933066560224,0.7494473347048831,0.4507922854616483,0.4555686501344435,-0.7490644442477881
2014-11-11,AEP,58.3,58.44,57.63,57.94,2290399,-0.5022241434178304,-0.4932013512051164,0.3072255726427627,0.2972624530049341,0.4443485989642705,-0.0740733278849219,0.4103592360120898,0.5975410543329991,0.6967534861251444,-0.6302762284658403,-0.0012895976792864,0.5397498613751749,0.0306125814520097,-0.4928455844355438,-0.4262204132396478
2014-11-12,AEP,57.45,57.65,56.55,56.87,3305390,-1.1827388826008678,-1.1789063274141345,-0.2426203935885269,0.1807632506941602,0.3624517631366801,-0.2710904556785821,0.2857720582249906,0.6650584310428208,0.5078288033835284,0.0415733752208515,-0.0013115394015456,0.0298037330506634,-0.5028061160636568,-0.789067384502518,0.0206849825859777
2014-11-13,AEP,56.87,57.25,56.17,56.31,2860601,-0.6460521534649876,-0.6374947878732025,-0.5533837506678511,-0.2281462214871699,0.2706922659752324,-0.4540904784049386,0.1055486785439896,0.6729879683543778,0.4778163828504749,-0.2176623104613458,-0.0013037921740019,-0.403888768608499,-1.1834983831654993,-0.7702764539645475,0.0071155951066
2014-11-14,AEP,56.18,56.38,55.94,56.06,2116000,-0.309403597209837,-0.3002829281202782,-0.7004792595621158,-0.3608651340365056,0.184312516097213,-0.5866431196887589,-0.0079272629755629,0.6601875046267085,0.2224790437241117,-0.6552940550462881,-0.0012889093222932,-0.90928344159257,-0.6466716469546978,-0.1876945184454876,-0.9372037045271254
2014-11-17,AEP,56.05,57.26,55.9,57.19,2906990,1.221937641810826,1.2108597398071963,-0.2248764895312178,-0.0525834723182417,0.1568238965084598,-0.5411004771393936,-0.0945168432497187,0.695796278839088,0.3180068945530799,-0.1588299688297918,-0.0011781634008251,-0.3793927849128967,-0.3099352681820915,1.5103299269854724,0.3905535001419689
2014-11-18,AEP,57.32,57.595,56.95,57.25,2367401,0.0323210097532519,0.0401454680666144,-0.2359043505651879,-0.9323102251947742,0.134157679351251,-0.4922535822569084,-0.1757781211444342,0.6952513378345894,0.2792521483072042,-0.4988961852734589,-0.0011913388956029,-0.3567043418990201,1.2218054564154308,-0.1185814664378654,-0.6523744803867358
2014-11-19,AEP,57.2,57.36,56.84,57.24,2302049,-0.0438708094269988,-0.0355953698003296,-0.2704187249816565,-0.5498475376933529,0.11280450285519,-0.4497963222926159,-0.2362634413197718,0.6913147432643099,0.1792012578016021,-0.5064010869285206,-0.0012917528553912,-0.363665978626647,0.0318784855030089,0.0265168653415343,-0.8342091744939896
2014-11-20,AEP,57.09,57.55,56.77,57.23,2195787,-0.0438727092813654,-0.0355972595650515,-0.3190891721169178,-0.5806695831075315,0.0927234029625471,-0.4125562110422928,-0.37243739850981,0.6609344431693082,0.3505905531953024,-0.5183886882133566,-0.0012903305522926,-0.5319200859000931,-0.044333210065379,0.1589567005460912,-0.4554533732053755
2014-11-21,AEP,57.66,57.79,56.78,57.42,2329333,0.1736967251595502,0.180439390516343,-0.2541248663053886,-0.6293415699575803,0.081649215387129,-0.359580484788028,-0.4118733425706072,0.5870014408242099,0.0795962226339234,-0.4119139467596773,-0.0011913087557019,-0.597247909287067,-0.0443351104153663,-0.3407880811791279,-0.1253840212615026
2014-11-24,AEP,57.42,57.5,56.77,56.8,2094850,-0.7052353890830291,-0.6969673321416465,-0.5369586278605,-0.6594263060865543,0.0462431490889146,-0.3798297407531631,-0.413983104724215,0.6074423862579413,-0.1571270205244694,-0.5525584764234426,-0.0012880940881938,-1.1210071350086326,0.1732910820157412,-0.8420968852240118,-0.5202177856821095
2014-11-25,AEP,56.95,57.0,56.32,56.58,2786313,-0.2741363291377396,-0.2650626906556959,-0.6367750518152681,-1.5305837678071796,0.0077399863009518,-0.4040010185745593,-0.4133469008513162,0.6086239113424052,-0.1700722049732256,-0.041277548652894,-0.0013040783515272,-1.3068571828453148,-0.7058703218807255,-0.5171709935126179,-0.5897016953575754
2014-11-26,AEP,56.74,57.0,56.51,56.66,2048987,0.0550322885122095,0.0627044048953704,-0.5314666268011977,-0.8812543262161404,-0.0210787541131408,-0.3984105043549396,-0.5110088450087513,-0.0902784383200349,-0.924667651361493,-0.4992921909124128,-0.0011965586149649,-1.2392753472683404,-0.2746587998321129,-0.1328400406825496,-0.8705857935067899
2014-11-28,AEP,56.82,57.75,56.82,57.55,1315958,0.9449364203040168,0.940230316904386,-0.1092551948825472,-0.5948472403223657,-0.0104667874511363,-0.2924441317498208,-0.5266560380186118,-0.1518869886643941,-0.3489479580053931,-1.0153221637872898,-0.0012135537522198,-0.4874274264744854,0.0545956890212984,0.944341723822328,-0.2445471995442325
2014-12-01,AEP,57.31,58.35,56.97,58.01,2555810,0.4646355338266033,0.4681555992624028,0.1082038281487618,-0.3709898276113413,0.0141871819172138,-0.1715271604272661,-0.5399834522009356,-0.1338877610229229,-0.2505513641978284,-0.0272548001947777,-0.001186673492992,-0.0988318719068743,0.9447319727700828,0.8964935976767011,0.3912719575778194
2014-12-02,AEP,57.99,58.55,57.55,58.36,2237689,0.3426342469759179,0.3476683973526938,0.2746468559135405,0.0207530681775109,0.0452819787783338,-0.0582150042792,-0.5583046230915719,-0.1316521145657858,-0.2400958646373172,-0.285728514903084,-0.0011946191632038,0.1968386587423953,0.464305788761452,0.4557348460995968,-0.163276277499716
2014-12-03,AEP,58.44,58.62,58.06,58.51,2733491,0.1270229018555376,0.1341578514796089,0.3342950858513258,0.7813120131058348,0.0732872246856929,0.0244822696697031,-0.5388544109311424,-0.1515780237256312,-0.0714699169076189,0.0800441056062841,-0.0011849645818457,0.3235546004492239,0.342272675069555,0.0641801117263903,-0.79366740957401
2014-12-04,AEP,58.52,58.78,58.06,58.44,2159840,-0.1074801077397933,-0.0988992043542715,0.3325248545335029,1.208748300472712,0.0899931648109057,0.0615558702587826,-0.6806295118932236,-0.3763134005610767,-0.487070427681447,-0.2806440491425466,-0.0012874048406909,1.0504406540225883,0.1266050827716103,-0.1295999208620822,-0.5645371322510344
2014-12-05,AEP,57.75,58.3,57.465,57.76,1965322,-0.7574222151775251,-0.7494567024362516,0.0243991203915839,0.8290767948449375,0.0739226400871283,0.0068486944429772,-0.6835708228213584,-0.6558293928016965,-0.1953933217021139,-0.3430717092061343,-0.0012840451808212,0.2655644576820004,-0.1079591023263952,-0.0132339906536528,-0.3865175028507097
2014-12-08,AEP,57.94,58.8,57.79,58.76,3002341,1.044878567380751,1.0380099725236924,0.4710064982309745,0.7767418692450568,0.0977196727173547,0.065701360114878,-0.6490048335109594,-0.5696452663213567,-0.0566730781753233,0.4869165806714991,-0.0011786061611733,1.397027972366094,-0.7580707621088945,1.042935500087506,-0.1588142362649391
2014-12-09,AEP,58.29,59.35,58.29,58.87,3152021,0.0835523593452286,0.0910215333918215,0.509786734126138,0.7972033945113798,0.1178534311864875,0.1033542880235988,-0.6101026307187234,-0.5690449132019988,-0.0442085484797985,0.5705097617843434,-0.0011769297046962,0.9803839295921876,1.0447001920541477,0.7254425054684855,-0.0907071037482627
2014-12-10,AEP,59.01,59.58,58.21,58.23,2368909,-0.7098287931636433,-0.701585580178048,0.2109137884003864,0.3442710005574971,0.1057073085443096,0.0503887720557952,-0.5987700121044406,-0.5466473239534734,-0.0939681585440977,-0.0822766376634951,-0.0012910006455303,0.2234099816637088,0.0831231999706407,-1.024967498578148,0.369469112329403
2014-12-11,AEP,58.49,59.27,58.46,58.86,2156191,0.6405839607969129,0.6415085735582189,0.4520445126448273,0.5996205925140302,0.1178211574042058,0.0704611083018161,-0.5596920614779276,-0.6493803290422959,0.3464360719417369,-0.2153884012178032,-0.0011979749677793,0.7924954079106599,-0.7104649242564239,0.4516140442791644,-0.4444313409517794
2014-12-12,AEP,58.55,59.35,58.45,58.69,3217208,-0.2128102865916002,-0.2038660974038793,0.3194647853495683,0.4274731573872286,0.1176783502421037,0.0549705556916264,-0.5870198366378707,-0.6936782555289758,0.4532651538859593,0.6642780186878187,-0.001308396442045,0.6389326738440216,0.6403001159250398,0.1543367356093795,-0.3133076563096633
2014-12-15,AEP,58.64,58.92,57.51,58.08,2952413,-0.6800807742517836,-0.6716827722105602,-0.0040105741287493,0.4333524861774759,0.0908152386793127,-0.0261994899441386,-0.6877868314579433,-0.6508484679528824,0.3617208745298616,0.3987929518925869,-0.0013044513367634,0.0879134516049129,-0.2133167589775241,-0.7478206383352146,0.4319304297290188
2014-12-16,AEP,58.08,58.77,57.2,57.83,2130698,-0.3009800198878665,-0.2918687627281751,-0.1319977337391983,0.4157724242283203,0.0573301160058978,-0.1081804690561231,-0.7040446819400387,-0.7818280780794965,-0.0031231869617274,-0.2526773255922493,-0.0012882810250871,-0.3415745271090673,-0.6807091448897469,-0.3515222376679154,0.6712586509694068
2014-12-17,AEP,57.93,58.982,57.93,58.82,2412107,1.032808161056768,1.0262089340173324,0.2809399758302784,0.7201862860319223,0.0672832501241054,-0.0619559271369521,-0.6887897357085331,-0.6771023891250372,0.2352808274713117,-0.0179451430789584,-0.0011902563890619,0.6679161851817541,-0.3015094933762683,1.134413447295211,-0.1007665398748331
2014-12-18,AEP,59.03,59.99,58.82,59.98,2622714,1.1948061245503212,1.184404517875886,0.7423332349298497,0.7958468681265833,0.1177699931465508,0.0793565179474105,-0.5763764405067118,-0.5618237012665578,0.535547957349547,0.1443891327670673,-0.0011867345433809,1.4338210368320028,1.0326266368871049,1.1895769931475408,0.0343647511713722
2014-12-19,AEP,60.01,60.48,59.51,59.89,3966739,-0.1264142386981147,-0.1177549168627653,0.6398095351687653,0.6137983574367512,0.1508045730353532,0.1474849065411772,-0.5089910350444032,-0.5588527167824878,0.515140938086985,1.1492028438682178,-0.0013256936927527,0.971420312988304,1.1946668612747335,-0.1773949414437694,-0.2415053412888575
2014-12-22,AEP,59.87,60.15,59.51,60.15,1716853,0.2372843000711965,0.24343690521316,0.693589182824236,0.5854685888342586,0.1834068399466889,0.200874851254293,-0.4312585124588641,-0.5577902107717254,0.5307863763942235,-0.645003481910654,-0.0012056848662866,1.179181659078459,-0.1268981726881856,0.3270240177930008,-0.7045716142822613
2014-12-23,AEP,60.26,60.48,60.06,60.11,1693254,-0.0743978967498431,-0.0659677832288552,0.5991037896070175,0.514628725242908,0.2036267243132768,0.2117147675125559,-0.4286711234847525,-0.6185186022366549,0.6883765521481666,-0.652971133256837,-0.0012787431118005,1.1472183750645892,0.2368952452085604,-0.2143810675169007,-1.009005467319242
2014-12-24,AEP,60.25,61.45,60.22,61.31,1798026,1.2098860896765364,1.1991099867028665,1.0266795434250493,0.8909823095048345,0.2621597310767936,0.3190040180231999,-0.3535740489040122,-0.5408940636704642,1.0602957477376491,-0.5365984383883712,-0.0012039414792594,1.348671178257269,-0.0748682610809511,1.3028932793545052,0.0806587593683468
2014-12-26,AEP,61.46,62.39,61.37,61.99,2818980,0.6575188076909713,0.6581680340443393,1.205409469675406,1.4027468013410764,0.3298113892982137,0.4283066703102822,-0.2440700294213258,-0.5279669889820106,1.2140851564070498,0.2823015908382409,-0.0011827659684548,1.2041583545309489,1.2097507603566304,0.6252038873987253,-0.2200111650220828
2014-12-29,AEP,62.0,63.22,62.0,62.91,2573658,0.8909819291807878,0.8873790091816135,1.4880900666497836,1.388763103651433,0.4131740430394109,0.5561886241491109,-0.0080405598081394,-0.5343613036146332,1.2003754467824366,0.02665563066506,-0.0011891395314362,1.2779993479357374,0.6572393806633434,1.0825886829522977,0.0248873265100855
2014-12-30,AEP,62.8,62.8,61.561,61.72,2001617,-1.2106635779953998,-1.2072068535322944,0.875971304490779,0.7620013612842316,0.4258018282842809,0.4764238533841738,0.0554631113669108,-0.3718633847500582,0.771793843478703,-0.4156682878668194,-0.0012835824069514,0.6145943159530615,0.890763406377109,-1.3256147669900675,0.081704690064465
2014-12-31,AEP,61.82,62.025,60.681,60.72,1949730,-1.041713436094123,-1.0361801451182104,0.3815261919268436,0.609328399120722,0.3902590059578613,0.2886217221222005,0.0539015030268852,-0.2701786363728005,0.4264273831055576,-0.4486362137577152,-0.0012831179941504,0.0624046917931783,-1.21143036335898,-1.370654365097839,0.2533749599991853
2015-01-02,AEP,60.88,61.24,60.39,61.15,2011402,0.4078958562300598,0.412149247426815,0.5113947278918559,0.561539987198485,0.3730179261549065,0.1854883873105644,0.0678083057168905,-0.2632879664901983,0.4951873936202141,-0.3737443136026875,-0.0012004054781192,0.2998462301819278,-1.0424361469280177,0.3087521415456426,-0.4328655125034606
2015-01-05,AEP,61.1,61.28,59.97,60.25,2643394,-0.949304035671824,-0.9428344171363232,0.0757529421446302,0.2838891378167413,0.3185658106640547,0.007201154174271,0.038492262917517,-0.1883146086574417,0.2873939371488032,0.1295324056697481,-0.0012974693283545,-0.1971244315619661,0.4075513093152242,-1.077364298586179,0.2207346156696501
2015-01-06,AEP,60.42,61.84,60.37,60.58,4170274,0.3080023366085673,0.3134235149718792,0.1580411436444022,0.5913076540394709,0.2834360607244631,-0.0856931960329089,-0.0388696347594524,-0.2369171226507905,0.5495602670759112,1.237910502713722,-0.0011545785079858,-0.0149018555892057,-0.9500026393885758,0.1737543797259214,0.430978229790158
2015-01-07,AEP,60.71,61.88,60.36,61.44,2798762,0.8508255523391479,0.8480143882388541,0.4745717559656817,0.8693704815352786,0.2844660359547321,-0.0669341660871876,-0.0331712522622461,-0.2605949278090724,0.5023656763788985,0.1672529638710765,-0.0011853830394741,0.4599812211882936,0.307631730171991,0.8821466869504249,0.4704942311709293
2015-01-08,AEP,61.63,62.19,61.63,61.97,2473982,0.5040605955265265,0.5070413076175384,0.6364377664451066,0.7788072244544251,0.3009751885934366,-0.0120838059493816,-0.0064726999248274,-0.2498976457955331,0.6058932474479161,-0.063117631375683,-0.0011930608780967,0.7526417219930325,0.8505965538211356,0.3904870667757699,-0.8382033373904374
2015-01-09,AEP,62.03,62.166,61.15,61.64,2413969,-0.3645298880497751,-0.3553758696801041,0.4168390996909474,0.3693464538302917,0.2959636287479886,-0.0235974613025594,-0.0596665585986391,-0.2845602723441178,0.6925803035507564,-0.1128987865713168,-0.001290300997833,0.5704191460202717,0.5037411353953367,-0.5013318049668554,-0.217632903829586
2015-01-12,AEP,61.88,61.96,61.1,61.56,2411703,-0.1137981682931998,-0.1051904594044236,0.3224344159020201,0.3733518784512412,0.283875006946812,-0.0510246212302486,-0.0899642290109885,-0.2997296604014847,0.5062179823210943,-0.1244210447499071,-0.0012910859215396,0.5262439760874822,-0.3650759399826772,-0.4170174437335637,-0.4270428898083474
2015-01-13,AEP,62.04,62.88,61.52,61.87,2642000,0.2805190905506179,0.2862339214691016,0.3865661303505537,0.3868977059317744,0.2815532225449479,-0.0478266778389177,-0.1358737454457438,-0.3064191061841046,0.6282842952747356,0.0830013551945549,-0.0011887718911292,0.697422759577043,-0.114278811091187,-0.2333411072259713,0.2406393863708879
2015-01-14,AEP,61.71,62.83,61.41,62.76,2599767,0.862585876678939,0.8595454281068036,0.667178187070095,0.6201261558706861,0.3094761151235679,0.0325809547714353,-0.216567884848018,-0.3259804109899609,1.0159433627153898,0.0638049709210427,-0.0011906459135808,1.1888715250793396,0.2801413144773038,1.2592023993721622,0.2943360757026478
2015-01-15,AEP,62.8,63.39,62.54,63.16,2608999,0.3638047058238753,0.3685929422144957,0.7210021465749166,0.4269246770770522,0.3417122747751723,0.1080093360543467,-0.3564412139545508,-0.3463595011556714,1.186133787495405,0.0511855486652717,-0.0011914231259616,1.302849126989262,0.8623599461119706,0.4067828545238927,-0.4697322217024245
2015-01-16,AEP,63.19,63.6,62.76,63.57,2334483,0.3711489122114049,0.3758501872646872,0.7914420966412405,0.3535874898688931,0.3773494824163909,0.1771062800582099,-0.3883226886813127,-0.3958908464663214,1.0185330844951737,-0.1663952353323466,-0.001197651972885,1.4220156881503592,0.3634486567185379,0.4280224008937617,-0.4900761131244083
2015-01-20,AEP,64.0,64.05,63.02,63.53,2258016,-0.07217052000534,-0.063751188152261,0.6961693934375782,0.0482520189184221,0.3977369967853705,0.19313138729616,-0.3533149162194934,-0.4755912500501872,0.7017669780982096,-0.2146258843340278,-0.00128559354562,1.0621354923977135,0.3707947790111908,-0.5811499731267981,-0.240134146551857
2015-01-21,AEP,63.38,64.25,62.95,64.14,2481311,0.5647908745326353,0.5668930252216207,0.8621027841852692,0.812456648362826,0.4312340460706746,0.2396951902855393,-0.3011532088959524,-0.469447928440054,0.8747310224518797,0.0280075867796077,-0.0011948435641287,1.3657352987923226,-0.0726403032740036,0.8796373261090676,0.0978422520057775
2015-01-22,AEP,64.56,64.63,63.67,64.08,1944667,-0.0912355542758158,-0.0827265054306313,0.7504522462943036,1.4129397120508358,0.4485525864274776,0.2353030292018874,-0.2727825588769492,-0.4637308244372533,0.7920931185677265,-0.4277723102347608,-0.0012795860004428,1.050539729533366,0.5644872572912754,-0.5880398605978738,-0.3427717011448294
2015-01-23,AEP,64.38,64.9,64.12,64.52,2057853,0.3944936026938382,0.3989128101830235,0.8399220958657846,1.415111727887628,0.4724518611940359,0.2487279974208651,-0.2436795066089314,-0.4652657791177249,0.9100090488877192,-0.346418988151066,-0.0012031597182671,1.1866538061019778,-0.0917103110970875,0.1379774833558072,-0.5837933626516465
2015-01-26,AEP,64.42,64.6,64.02,64.57,1803074,0.015251041184647,0.0231845888118243,0.7898923101114835,2.1946203280761214,0.4860608436125467,0.2329809366355968,-0.1672511492451751,-0.5594936520687063,0.6134421732652675,-0.5567748422937572,-0.0012085430949853,1.2203676147981473,0.39414555949297,0.1496034704752669,-0.8427146626749966
2015-01-27,AEP,64.41,64.816,64.2,64.25,2736103,-0.3415382762798976,-0.332392207554197,0.6064769661829814,1.8397742482791557,0.4770569037308153,0.1621780152793158,-0.1136973291395799,-0.5688481290607181,0.3679578286618586,0.2167554333398395,-0.0012939236081224,1.0045992391426557,0.0148040638405626,-0.2139937069743761,-0.7922893571208739
2015-01-28,AEP,64.28,65.38,63.245,63.38,3645712,-0.8760231656005383,-0.8689109550185238,0.2312589789640612,0.8814268918614979,0.4290399725183353,0.0051169101025799,-0.1036117873836959,-0.5592782897278933,-0.0577538806678862,0.9038010469665724,-0.0013122327993964,0.2139761505505629,-0.3420783303221553,-1.0841355714585634,1.2160717187810093
2015-01-29,AEP,63.36,63.9857,62.75,63.72,3007704,0.3009852246907514,0.3064825143801863,0.3312502229203751,0.8122155873175907,0.3980821401486145,-0.0766221472833701,-0.0965690013048319,-0.6996262206862807,0.3084319782955685,0.3399036776114933,-0.00118387788926,0.4228895928297563,-0.876702652317168,0.4029549557389817,0.0248766610428589
2015-01-30,AEP,63.59,64.27,62.76,62.81,3855932,-0.9221174197576996,-0.9153991057703714,-0.0938348076852445,0.4126314524912858,0.3322085777924405,-0.2318858811164023,-0.1712528794915144,-0.7254233847090454,0.3380383416792831,0.9021327347806938,-0.0013165654981306,-0.1362610909175005,0.3006127876791661,-0.9530407594592006,0.412253514302616
2015-02-02,AEP,62.81,63.51,62.28,63.06,3641319,0.2148070038300834,0.2211755102654273,-0.0293502306556653,0.5600956963883809,0.2848623570277435,-0.3084078098674238,-0.2245988704876658,-0.735117130529606,0.291252560998992,0.6549771734781967,-0.0011710559725176,0.0173517342877903,-0.922808931220508,0.2743990404543902,0.0342589869485574
2015-02-03,AEP,62.92,63.14,62.499,62.76,3641297,-0.3291808075549342,-0.3200425357680042,-0.2068795377191961,0.2562215878070188,0.2311724944871455,-0.3859537775960573,-0.3752399775838836,-0.8324321840295001,0.4443610468188233,0.6064523556222401,-0.0013125578289905,-0.2920526478269014,0.2144120852478358,-0.218438064295085,-0.7401210502133223
2015-02-04,AEP,62.75,63.0,62.02,62.22,3356221,-0.5686770540337346,-0.5598275143721387,-0.4656793643855834,-0.4761863690468637,0.1637866805288471,-0.4832436949575909,-0.5022177757910142,-0.7923072186904844,0.2301120435205134,0.4352823161289927,-0.0013087515497938,-0.64963392874701,-0.3297176378673031,-0.6644431824888478,-0.2786584856831547
2015-02-05,AEP,62.56,62.69,61.89,62.45,2203151,0.1971445648665513,0.2036771069779013,-0.3907440761492056,-0.5785537173321978,0.1163968424498653,-0.5096063311564883,-0.5625254479819429,-0.8648363860359565,0.0739523311062043,-0.3986693969557607,-0.0011982990293646,-0.8327875806824635,-0.5692763624494436,-0.1591601628694896,-0.5237068072016403
2015-02-06,AEP,61.8,62.03,58.86,59.15,4139610,-3.32285230798859,-3.38620867737246,-1.708201526890224,-1.7656410337272703,-0.0521287581838232,-0.8424978076258758,-0.2401335801521737,-0.0172491448206635,-0.8358014557919435,0.9553716974505024,-0.0013248383142773,-1.7334480849645897,0.1967450386309354,-3.2659966588682794,2.875126200637316
2015-02-09,AEP,59.09,59.4293,58.02,58.24,3748690,-0.9908120045682876,-0.9847455523254712,-2.0218108540282644,-1.8961657192172008,-0.2206527270336166,-1.10880678861773,0.1149080625600445,0.0217433378637773,-0.9775721535149078,0.6086323030433721,-0.0013193505679035,-1.7819386632064904,-3.3241701063541957,-1.1131166420104552,0.4253703457035026
2015-02-10,AEP,58.26,59.4299,58.26,59.31,3403724,1.1108243574201202,1.1024444081876668,-1.5300693847864388,-1.672949005165946,-0.3102187924117308,-1.1186176891050403,0.2728768838944758,0.1223881162961377,-0.7042660402954912,0.3233871113945935,-0.0011711435191128,-1.2986677059967795,-0.9915214365932415,1.3353273629540856,0.0525889512796744
2015-02-11,AEP,59.07,59.07,58.09,58.28,2820122,-1.114192782615614,-1.1094924822773666,-1.891276945411282,-1.807284000602017,-0.4186075365393258,-1.17491566057088,0.5205998640220575,0.1619719619776602,-1.0196623832160592,-0.0885584494566825,-0.0013005129428347,-1.763872459198651,1.1106631855693354,-1.0367433373244006,-0.1899161774999238
2015-02-12,AEP,58.28,58.52,57.75,57.98,3705159,-0.3534732436277759,-0.344321983333296,-1.9237911981100009,-2.038272819560333,-0.5121059869731641,-1.1816266781064986,0.7587501031011427,0.0899976315563627,-1.2860509888726452,0.4773674325456226,-0.0013202690146153,-1.7810980993240817,-1.114934401353781,-0.4152241614953204,-0.4845204908959133
2015-02-13,AEP,57.81,58.11,57.005,57.83,3856644,-0.1940637495847582,-0.185171195582195,-1.8822238739778303,-2.076709474239074,-0.5870366734870694,-1.1392023874419976,0.9591355530881568,0.0646996313789989,-1.4068580284455288,0.5264612608735697,-0.0013257610965134,-1.5538460964866174,-0.3540164111807223,-0.0001785867790204,0.001130698838982
2015-02-17,AEP,57.54,58.465,57.279,57.87,4017959,0.0100667530738923,0.0180325120701525,-1.7521345629410836,-2.0247420839603296,-0.6391737003315063,-1.046592467305267,1.103306746396422,0.042377379130804,-1.4843454766051265,0.5616447851813273,-0.0011535133836255,-1.537969408546594,-0.1945653315054093,0.4069835725891806,0.1166812673815192
2015-02-18,AEP,58.05,59.3075,57.69,59.12,3712648,1.3117861735237826,1.298388046852371,-1.1303146412573348,-1.3708840836258411,-0.6257806613599944,-0.8038312698605008,1.1367090152566866,0.1920743858660396,-1.1869588224640362,0.3087163174857721,-0.0011628573987476,-1.041822910420848,0.0096184232890364,1.3662831067113452,0.6888493025130537
2015-02-19,AEP,58.92,59.07,58.03,58.41,2956497,-0.7806822173411212,-0.772865894373413,-1.3166587362615283,-1.612597360032815,-0.637457011229814,-0.6741504872223915,1.1568983354597078,0.1647433553918774,-1.4795120095833252,-0.1843622351774274,-0.001304518551331,-1.323634121356272,1.311677427184038,-0.6802780313678376,-0.1074257042729071
2015-02-20,AEP,58.33,58.77,57.64,58.72,3899758,0.2974266863535311,0.3029622764682918,-1.0729615313266376,-1.3488384480901825,-0.6289562803785977,-0.5184704026766389,1.132344469903836,0.1832846465147125,-1.3959398931945328,0.3365799653324035,-0.0011593216990533,-1.2005897898210862,-0.781336832178941,0.4788299640191102,0.0124766948642274
2015-02-23,AEP,58.77,59.15,58.69,59.09,2136372,0.3592974493610137,0.3641386340607691,-0.7996783229866504,-1.3019544599290147,-0.6024097418287139,-0.3474767366753029,1.0294756831447935,0.1805307041483264,-1.403496228767252,-0.7415146046934031,-0.0011983600564543,-1.0537304263758636,0.2970533210153886,0.3850595126361366,-0.9425373819999396
2015-02-24,AEP,58.99,59.64,58.75,59.28,2155262,0.1671905726993534,0.1739899956797614,-0.6051519261674078,-1.1749050018412388,-0.5690305586039578,-0.1930946941024627,0.8763578780154863,0.1873283376262292,-1.370695889654344,-0.7369415342812874,-0.0011986716297664,-0.9783161586607512,0.3589402244341793,0.3451026336942456,-0.3400863029501136
2015-02-25,AEP,59.18,59.29,58.03,58.08,3058519,-1.293280202941956,-1.2910112199391246,-0.99703338134764,-1.2918965712675845,-0.5847594685822753,-0.1959924465719714,0.7530531569998704,0.2419065658551148,-1.5778428723301587,-0.197998318868615,-0.0013042255632669,-1.4546167968614685,0.1667832322760599,-1.430624825212779,0.2166906077276433
2015-02-26,AEP,58.22,58.42,57.3,57.41,3200636,-0.7511931009726279,-0.7431891368352753,-1.1644864479439196,-1.4802869710122533,-0.6181633528701712,-0.2438057281525508,0.6961242974856845,0.2351736869859678,-1.5508581523713234,-0.0992841157186957,-0.0013085432798353,-1.6959905316137938,-1.2940685407520025,-1.077449254049048,0.0345559525660709
2015-02-27,AEP,57.53,57.89,57.26,57.58,2475391,0.1513597551499843,0.158294474670828,-0.9594118521540342,-0.7416629502668619,-0.6323524884830473,-0.2325979211020188,0.5422386198323289,0.2256395842157453,-1.582659216546055,-0.5278618198333098,-0.0011905548481578,-1.6182051411987586,-0.7518400228963125,0.0393463947046462,-0.6794666338027385
2015-03-02,AEP,57.39,57.58,55.77,56.15,2989885,-1.5791751611997884,-1.5818949256623005,-1.450889210269046,-0.8816790708969752,-0.6935770475563635,-0.3447000457520482,0.5231217102753709,0.2913259934093524,-1.7247515842001753,-0.1883365258109449,-0.0013045406616975,-1.718100074109022,0.1509482848938881,-1.6587301002357269,1.0951757455316875
2015-03-03,AEP,56.08,56.745,55.78,56.73,2959493,0.6100967752773376,0.6115058529781697,-1.0581217326201025,-1.093959705075772,-0.7127516681654771,-0.3261459277387261,0.3647722275761321,0.3248195730426315,-1.6417214541704552,-0.1877634688374228,-0.0011801108154986,-1.448302205067142,-1.5800380812841248,0.8493728277885094,-0.1736625360549903
2015-03-04,AEP,56.45,57.55,56.25,56.58,3193999,-0.1976127471727427,-0.1887099847326957,-0.991770870131903,-0.8550677451962354,-0.7271648734070992,-0.2990468321380793,0.1732104174408451,0.3260523689755787,-1.613666816241617,-0.0266546399707849,-0.0013087767722581,-1.5088841067809489,0.6098049771220396,0.1476733883989148,0.323542076804602
2015-03-05,AEP,57.0,57.5,56.8445,57.08,2319865,0.5171810292227575,0.5199768334703357,-0.6546392072388711,-0.5324845413876669,-0.7123937353154076,-0.2022475583148539,-0.0629239398052452,0.3603429016837469,-1.3807341744680943,-0.5547004137151565,-0.0011935521100225,-1.2520140837973457,-0.1981152549310272,0.0797210423530776,-0.6342472830992815
2015-03-06,AEP,56.52,56.52,54.66,55.01,3794848,-2.2907770105018983,-2.3119039278841678,-1.4278223057770896,-1.0509075551197635,-0.7749170356109242,-0.3237626930709294,-0.2690631979350376,0.5371946455266995,-1.9171635536592784,0.3322627806300556,-0.0013217201253974,-1.723437990391416,0.5168649918584145,-2.0447736561679406,1.226600078317165
2015-03-09,AEP,55.1,55.515,54.94,55.18,2303891,0.1594029094070927,0.1662693861044541,-1.2646964599332848,-1.0002338336132277,-0.810134161739844,-0.3506891786362519,-0.1484741329874616,0.0585276989276549,-1.1532014059734224,-0.5592006085139437,-0.0011933345585129,-1.5341994921833215,-2.2918255682925928,0.0833775110843767,-0.722875293053671
2015-03-10,AEP,55.06,55.85,54.93,55.26,2588160,0.0572657003315161,0.0649223916981949,-1.163221793723206,-1.5114491915093924,-0.8270578688963937,-0.3251434215677985,-0.0337684800911285,0.0258812823944051,-0.9189521826224628,-0.344512570230558,-0.0011882119802414,-1.4807989855577406,0.1589935373927445,0.2481178304039149,-0.203817737970281
2015-03-11,AEP,55.27,55.56,54.7,54.77,2108008,-0.5850488547473762,-0.5762530119894108,-1.2877729386842338,-1.468815635714864,-0.8516333285139299,-0.3244022950256412,0.0441472388883134,-0.0825932759470767,-1.2916876193008944,-0.6300708803585799,-0.0012862406389983,-1.807877088639428,0.0568296834774375,-0.7097957001260833,-0.2827035062151289
2015-03-12,AEP,55.04,56.23,54.93,55.97,2256914,1.3310653956609826,1.3171532946881566,-0.686587231024053,-1.0630607808973151,-0.8161706333866695,-0.1692722170125426,0.0597500665080706,0.0193182541229858,-0.7495965342593105,-0.5158913843888688,-0.0011953592547531,-1.006869489255698,-0.5856524341237865,1.2502670283466586,0.3444116184174653
2015-03-13,AEP,55.85,55.85,54.7,55.31,2303544,-0.7671447789648921,-0.7592405502713852,-0.930032727756758,-1.3539939308104667,-0.8064408991527953,-0.1114043529586184,0.114218060871914,0.0398947107931264,-0.8437978744105074,-0.4468044236508611,-0.0012902259447421,-1.4474236689167488,1.3309616787496767,-0.7568082963631697,0.1414909273741018
2015-03-16,AEP,55.5,56.54,55.48,56.16,1875875,0.9237808846971872,0.9195127153079036,-0.5013045790602274,-1.088482037048084,-0.7582334254914093,0.0339309771914555,0.1187735490890027,0.1096546250957552,-0.5915913833222202,-0.6976162836876697,-0.0012033394899148,-0.8800432860199419,-0.767795862250605,0.87213711051315,-0.018294861762162
2015-03-17,AEP,55.88,56.43,55.73,55.9,2370470,-0.3212276981377058,-0.3120957469520746,-0.576470977260612,-0.8811433550108356,-0.723615865670699,0.1152190370307539,0.1255825234489654,0.1108424856063149,-0.6674337935202108,-0.2912782437090787,-0.0012917624119092,-1.053594932553083,0.9235709182552984,0.0007241739701896,-0.5476995436804251
2015-03-18,AEP,55.93,57.94,55.67,57.55,3072507,1.8046741156719852,1.7763589257183514,0.2214235894403898,-0.1487868786299488,-0.6257275517420751,0.3431073167942733,0.0366083073704028,0.2079116140438556,-0.5574952640531043,0.2547989021180394,-0.0011779834797526,0.0477905165995491,-0.3217624536985939,2.1620240885153525,1.6959697625020762
2015-03-19,AEP,57.39,57.95,56.86,57.05,2227224,-0.5738999309628948,-0.5650670482078322,0.0220199646322188,-0.3364508401367357,-0.563034007109154,0.4348272103023623,-0.0147797841118816,0.1942975710649382,-0.5094339321635307,-0.3548842525101839,-0.0012885581277033,-0.2859626498103395,1.8046939504863813,-0.4739138143945883,0.0009905007432137
2015-03-20,AEP,57.32,57.98,57.02,57.7,3453314,0.676341807501778,0.6766796847633199,0.3466725794963797,0.2765473104693882,-0.4838859649756143,0.5505567184175821,-0.0785835085071492,0.2193217449186341,-0.4225907185941246,0.5972307090121057,-0.0011704251966945,0.1479164665225197,-0.5745006018861557,0.4745501337402876,-0.2047168829456808
2015-03-23,AEP,57.71,58.15,57.6,57.95,1905611,0.2367528195937842,0.2429106221461247,0.4894095797328572,0.1901879046145967,-0.4083110478322123,0.6339431626951153,-0.1731571236930705,0.2139953264581467,-0.4508187410634916,-0.5802226277964548,-0.0012038337155755,0.314793049727464,0.6760672908865037,0.2878825210309158,-0.8003407651871873
2015-03-24,AEP,57.85,58.28,57.065,57.25,1919585,-0.785034459773099,-0.7772470352303981,0.2126539044934945,0.0078276457149408,-0.3733586168443384,0.5960907380532822,-0.342690617229644,0.2355096680942734,-0.6704070361202801,-0.5628512677870019,-0.001281328005675,-0.0217714284513215,0.2363636260822437,-0.8099132854489298,0.1773947715781613
2015-03-25,AEP,57.32,57.75,55.88,55.91,5557092,-1.4902147373415742,-1.4912356369414492,-0.3595217659680942,-0.5061300451631083,-0.3955318036393678,0.418768441562154,-0.402913594527818,0.26321551219992,-0.7161996159456329,2.049015258011147,-0.001356086949354,-0.7761892422168654,-0.7856902099934412,-1.8847955647461367,1.1961453656168906
2015-03-26,AEP,55.8,56.23,55.09,55.33,3077175,-0.6788494100553767,-0.6704453120182766,-0.5817777904061788,-0.0884741425977218,-0.4326394213840759,0.2384696361952613,-0.4005497440159381,0.2585850066070719,-0.6995797714886622,0.2274687553815506,-0.0013081646875329,-1.2660537161649466,-1.491054450053617,-0.662684633747444,0.1258020626121485
2015-03-27,AEP,55.4,56.48,55.22,55.9,2545405,0.608375389700686,0.6098113878607626,-0.2772515315519687,0.0279222442171227,-0.4362817219852506,0.1803697421366433,-0.4444506021362049,0.2844091977667353,-0.5959834309704598,-0.1675054485874616,-0.0011872565685836,-0.7426328663466537,-0.6794774594636729,0.6555587664781649,0.287199939042295
2015-03-30,AEP,56.07,56.9,55.86,56.58,1869060,0.7243468102404841,0.7238656009412507,0.0300072797843595,0.1856965373274196,-0.4093834646556911,0.2125006972595043,-0.4418269577153928,0.1887072806710803,-0.0550064903560331,-0.6374117349155358,-0.0012027885368717,-0.1182009753353577,0.6080831424823754,0.6608853473412217,-0.0594311179730839
2015-03-31,AEP,56.47,57.07,56.1,56.25,3366623,-0.3961129107528463,-0.38696188796254,-0.1127425638065627,0.2376902222875485,-0.3981601572561715,0.1978584100761025,-0.4484040403439397,0.1730453201976465,-0.2917417790589556,0.4707171104846915,-0.0013135950889934,-0.4212340989143676,0.7240848168340953,-0.3206567799196466,-0.1541570827449689
2015-04-01,AEP,56.22,56.6299,55.63,56.37,3032624,0.0998211036119326,0.1071687141214745,-0.0518239299952705,-0.060045606613623,-0.3818374844869237,0.1992702590074487,-0.4513268191912289,0.172906946679288,-0.2219869426229363,0.2279888147936299,-0.0011771813710938,-0.3110402357947294,-0.3966672018435024,0.1752623850057797,-0.1130105212984699
2015-04-02,AEP,56.32,56.65,56.16,56.46,2277322,0.0664047618954802,0.0739975068458455,0.004727518973972,0.2063844563564002,-0.3628728098033694,0.2072002055989038,-0.472042919172796,0.154951805969518,-0.3270014889800577,-0.336580319321395,-0.001194636597465,-0.2283948384549957,0.099396188313402,0.1614897332800945,-0.8680327006850505
2015-04-06,AEP,56.64,57.5125,56.64,57.1,1794614,0.6727273717391241,0.673125464286767,0.2541406080376132,0.1423034823946254,-0.3206553889324817,0.2733963312711852,-0.498757846398907,-0.155267798324637,0.3905104797241683,-0.6466803407438255,-0.0012054711401988,0.3471988040973153,0.065971129175772,0.5872749246718202,-0.3178580556413502
2015-04-07,AEP,57.01,57.17,56.35,56.37,1870377,-0.8289394296359784,-0.8214608755986251,-0.1139225317094369,-0.0321609206394533,-0.3140038873583261,0.2348071677928385,-0.5422174598301566,-0.1015491494188706,0.149250015253152,-0.5754126117995547,-0.0012810046883596,-0.3306370959957114,0.6724519122151638,-0.8744684979288103,-0.3789856951196354
2015-04-08,AEP,56.39,56.44,55.655,55.98,2953837,-0.4637328644894463,-0.4546424847599088,-0.3121868759612637,-0.8000694668353198,-0.3220647975350955,0.1660663424317881,-0.5793750994290079,-0.0855854395878677,0.0238787443371674,0.2590695743025523,-0.0013040347123743,-0.6927686042645871,-0.8296066334773463,-0.5756379183983641,-0.4226462554804213
2015-04-09,AEP,56.05,56.08,55.38,55.79,1925964,-0.2443041374555868,-0.2352859147362867,-0.4240733057241159,-0.7003514925892681,-0.3337792371504991,0.1016695602620067,-0.6636103320702049,-0.1054842041299223,0.1060355664220073,-0.5371366922927763,-0.0012835981270412,-0.8691916467545499,-0.4643047958000202,-0.3767797826426806,-0.5456418509241284
2015-04-10,AEP,55.96,56.58,55.79,56.39,1279237,0.6365652134305942,0.6375545189897129,-0.1548371046071674,-0.7243304732245999,-0.3174859954089336,0.1222434241975614,-0.6726601032539573,-0.1988301321997953,-0.057268788238812,-1.0238969217242262,-0.0012151437417429,-0.3120662494178174,-0.2448188257367399,0.5542279026658118,-0.4237537840787994
2015-04-13,AEP,56.21,56.3602,55.64,55.67,1128416,-0.8279204445231725,-0.8204343639882354,-0.4977440553480581,-1.0637064004096777,-0.3307925075007781,0.0625132585271818,-0.7003809286477358,-0.1920077073491105,-0.0718855950463993,-1.122827322101997,-0.0012667848379748,-1.2769061420782466,0.6362803201760556,-0.7521298222770091,-0.5131473799535202
2015-04-14,AEP,55.78,56.28,55.7,56.1,1786047,0.4478905408245133,0.4516322937188921,-0.2965562524859997,-0.6462612093164413,-0.3223948654565983,0.0705952451083418,-0.6986773417184892,-0.2402634348112509,-0.1831677077452846,-0.5831919229817877,-0.0012042679892147,-0.8288189755891331,-0.828587382538841,0.4071106856342953,-0.7296893468917011
2015-04-15,AEP,56.22,56.77,56.1,56.36,2216461,0.2555438811841355,0.2615152073889049,-0.1863992617631498,0.0204690541552836,-0.3037024565318855,0.1035593871033108,-0.7121922644108047,-0.2415626335539277,-0.0466216227283146,-0.2254325286514534,-0.0011956559889933,-0.5578825493399036,0.4475564274428703,0.1618237892817571,-0.6005791209503601
2015-04-16,AEP,56.18,56.22,55.53,55.85,2762002,-0.5963672127513991,-0.587611040456216,-0.3842067670379781,0.0557583257297138,-0.3071158586078136,0.0730307237266673,-0.7443631492231552,-0.4948554149291764,-0.6013107321833971,0.2366078272015513,-0.001300365282337,-1.0893347700595482,0.2551595897531293,-0.4701059617295527,-0.5616875002268807
2015-04-17,AEP,55.62,56.39,55.51,55.73,1980096,-0.1667644315893856,-0.1579571615293512,-0.4096661310003704,-0.2752029045157497,-0.3126359471198929,0.043185218404496,-0.7440446595572688,-0.5130657345866186,-0.5072884372537908,-0.4007855083313156,-0.0012849200203152,-1.2143823514053522,-0.5969737447817713,0.1231026574814627,-0.2753368884806072
2015-04-20,AEP,55.85,57.09,55.84,56.63,2408574,0.9724271356441704,0.9671416029604732,0.0345625303160491,-0.1645600368044669,-0.2800583904779122,0.1173714969370059,-0.8230406746752469,-0.4662503599623936,-0.4398271747496875,-0.0013322771428424,-0.0011905703881272,-0.2765254913118519,-0.1672588918551636,1.028838192657788,0.2482677301219134
2015-04-21,AEP,56.67,57.07,55.77,55.97,1958947,-0.7585885690814018,-0.7506303265913676,-0.2271536960286952,-0.3187073980292838,-0.2786986336089541,0.096366440549666,-0.9711614721252936,-0.4415309100478123,-0.6692779513748925,-0.3845527550843892,-0.0012843321775319,-0.9642871887137516,0.9722298596955083,-0.9595484127273562,0.3444116184174653
2015-04-22,AEP,56.18,56.25,55.67,56.14,2305084,0.1561028737744315,0.1629974741664323,-0.1218464559032245,-0.294712663918092,-0.2695198420392343,0.0996884561578804,-1.0467894613937394,-0.4732150236894472,-0.4522292635182492,-0.1069492191578202,-0.0011929850208473,-0.569125862574941,-0.7592374202830084,-0.0801092067182274,-0.7303032653457033
2015-04-23,AEP,56.84,57.12,56.33,56.9,2776156,0.8098274072318636,0.8077987601478399,0.2099959679697349,-0.0058811356847562,-0.2313644190961487,0.1769314189779351,-1.0150734638113723,-0.5988493395745791,0.0925782107800124,0.4321455833974063,-0.0011838774203705,0.6023994161006088,0.1556926408699011,0.0534355094836826,-0.4342188237559975
2015-04-24,AEP,57.15,58.35,57.04,57.88,4012489,1.039286500860556,1.0325429803414423,0.6065098365450532,0.1207390181213637,-0.1623817574934511,0.3180745708647674,-0.9105970005137868,-0.5631733094968271,0.509383727528556,1.4625901888070063,-0.0011594425625772,0.9437205021615868,0.8095877134049084,0.9387368728924446,0.2949325886348498
2015-04-27,AEP,58.07,58.11,57.65,57.71,3458091,-0.2158548263059899,-0.206902784158201,0.48414735750932,0.3865462922129776,-0.1147760314251789,0.3759652283043427,-0.831335112162578,-0.5792103736643192,0.3080624890741831,0.919572060275346,-0.0013123799799758,0.7265568047305297,1.039106666714806,-0.4946933832597838,-0.927023166251962
2015-04-28,AEP,57.39,58.11,57.18,58.08,3114750,0.366163095303411,0.3709234991774359,0.6204110303487517,0.7156079064394312,-0.0634512800864735,0.431850461280509,-0.7171516666205779,-0.6115401163910805,0.2218801425018801,0.5566114458292735,-0.0011783390742289,1.1406804306072011,-0.2163620929301105,0.8820426016236073,-0.256837000675362
2015-04-29,AEP,57.51,58.03,57.21,57.79,4064971,-0.343857456181652,-0.3347101987170117,0.4491161208061667,0.6601178776794836,-0.0354763679410662,0.4164565635363906,-0.6591282528085102,-0.615707286658715,0.2346081393225825,1.301782192895922,-0.0013248116106556,0.8160970481633223,0.3658076614382028,0.341523822035886,-0.4087749362822789
2015-04-30,AEP,57.54,57.61,56.42,56.87,3815708,-1.0241259011360115,-1.0184035600302597,0.0105809442427916,0.005812600515101,-0.0506257857498688,0.2931401624077077,-0.6578529682636982,-0.5159693532828482,-0.0372077505081485,1.0473056652658137,-0.0013221265461975,-0.2136157513138162,-0.3443981152353189,-0.9060471045131836,0.1525766181953206
2015-05-01,AEP,56.85,57.18,56.5299,57.03,2385705,0.1421628456378141,0.1491743381791953,0.0714732156944523,0.4090857233707947,-0.0573697248516961,0.2161225989994337,-0.6522510284160459,-0.514579188765319,-0.0192067898571502,-0.1154904654878184,-0.0011915914675093,-0.0345352644482233,-1.0248440238569705,0.2128975446402942,-0.6412994803345459
2015-05-04,AEP,57.04,57.72,56.92,57.36,2231042,0.327255620538183,0.3324639721832603,0.2183436957375231,0.3735049386487575,-0.0508371082697974,0.1886821740519275,-0.6408598836189677,-0.545607846095157,-0.1006029939375898,-0.2561369160748886,-0.0011957699126755,0.3348182397120521,0.1417489761563799,0.397536381321953,-0.4289688192745065
2015-05-05,AEP,57.13,57.17,55.83,55.9,4733281,-1.6176671509304406,-1.6211631736263934,-0.4475416919160633,-0.3627538576277005,-0.1036208462062642,0.0140505586718709,-0.6240900533150197,-0.3871957994438542,-0.2899299969653103,1.5455332789265988,-0.001340636041749,-1.299291202936448,0.3268900367634675,-1.6529347155207703,0.4064712937169786
2015-05-06,AEP,55.48,55.69,54.36,54.96,2998738,-1.0799111637791323,-1.0748060524113614,-0.8603890512065567,-0.5076187275797632,-0.1820442780755743,-0.1916508644378467,-0.5455899943907776,-0.3195479852437015,-0.4350775304329006,0.2281265300545768,-0.001307019160765,-1.3814258623259237,-1.6185401125354586,-0.7344443137140806,0.4254763681085912
2015-05-07,AEP,55.24,55.72,55.03,55.26,2180235,0.3068404061763397,0.3122742412074626,-0.7091485609574943,-0.3536538481252996,-0.2314172296185721,-0.2814365666585349,-0.5103209378277476,-0.3108254855870342,-0.3069978539021603,-0.399948663653586,-0.001194842728339,-1.1314874008640845,-1.0806438393686872,0.0010374625995861,-0.5506942777486757
2015-05-08,AEP,55.8,56.272,55.54,55.8,2179267,0.5753886882047662,0.5773315979924832,-0.4449103814780425,-0.4927825053593637,-0.2481294666165175,-0.2691970114377551,-0.4942316394170242,-0.3170453312295109,-0.3211400853011129,-0.4278227503413395,-0.001195675181565,-0.6815981702327705,0.3064694966234905,-0.0263165508545973,-0.4980352080914323
2015-05-11,AEP,55.63,56.17,55.29,55.43,1606891,-0.4458181554974711,-0.4367045045624378,-0.6113139426086327,-0.3940248894571641,-0.2744678631594129,-0.2841829362191996,-0.4799672666660681,-0.3516050278872394,-0.2307924137761315,-0.8627387195806335,-0.0012768112843859,-0.9898556060357062,0.5750878356468094,-0.297939003345955,-0.2682144619501911
2015-05-12,AEP,55.08,55.16,54.57,54.95,2906692,-0.5721239160323485,-0.5632853194227833,-0.8083172479730618,-0.623467925985418,-0.3123277545897723,-0.3258278055465859,-0.414735094162539,-0.352544501334031,-0.4685381252225244,0.0502623924659043,-0.0013051639451793,-1.38975714437465,-0.4463854133442387,-0.2046341265782859,-0.6964902873191792
2015-05-13,AEP,55.05,55.37,54.06,54.28,2949151,-0.7921022327522911,-0.7843623980150263,-1.0733180367270951,-1.1563585882314673,-0.3661753618271953,-0.4002958062735006,-0.2916815845497771,-0.3283739966243383,-0.709492971681433,0.0534582637849979,-0.0013075351015078,-1.7108319371756349,-0.5727241236412737,-1.0830808482853267,0.4200343452410895
2015-05-14,AEP,54.56,55.31,54.55,55.1,2306435,0.907526999483937,0.9035905862303673,-0.674131606923612,-1.2364358486561595,-0.3739636806660508,-0.3413143914100477,-0.2586910913738319,-0.2683948517694113,-0.3647000855903164,-0.3904380237045615,-0.0011907977066386,-1.0754405943544585,-0.7927598267637451,0.7214467186955082,-0.4417948063399771
2015-05-15,AEP,55.32,55.74,55.13,55.6,2144358,0.5319589251749597,0.534543227370364,-0.4380055118056321,-0.9518038728544026,-0.3580271893270699,-0.233062006535014,-0.2544511096283915,-0.244135829659521,-0.2017359024741167,-0.5111198556628019,-0.0011953317623465,-0.68800684873179,0.9073127928423166,0.3560858324594246,-0.6769727453186067
2015-05-18,AEP,55.36,56.04,55.34,55.88,1975041,0.2805336421929453,0.2862483207899706,-0.2900628559982966,-0.9932219776818416,-0.3322440655096596,-0.1211150361414993,-0.2533140102078249,-0.3143496532706498,-0.3619836094118884,-0.621261408934119,-0.0011998050328075,-0.4710439511830947,0.5316467429646077,0.6833461710284349,-0.5473260202898117
2015-05-19,AEP,55.6,56.1,55.43,55.8,1766626,-0.122127091725405,-0.1134850228111557,-0.3234575781106101,-0.9359153020790404,-0.3130467363583711,-0.0485091819253638,-0.2500651526906158,-0.3523128211348554,-0.2120850150714194,-0.7670408814443538,-0.0012805009448345,-0.533033350482726,0.2801558699157617,0.2454524605139941,-0.5906361626235725
2015-05-20,AEP,55.76,56.265,55.719,55.92,1748772,0.100892209633417,0.1082316688746371,-0.2623477928615736,-0.5860250974718567,-0.2914465641642049,0.0157603780758934,-0.2475906057221469,-0.3537684096159171,-0.2250302253458405,-0.7672424639473221,-0.0012047821400223,-0.4400492515332819,-0.122609907314601,0.1904747982428827,-0.7775880412702585
2015-05-21,AEP,55.91,56.05,55.54,55.81,2026474,-0.1554635703200051,-0.1466951042042218,-0.2884179557773912,-0.7025082499179628,-0.2771586191025189,0.0483544793150719,-0.2550912538718998,-0.4143271667141296,-0.4488185837197433,-0.54414325923071,-0.0012860656501869,-0.5252846755702687,0.1004675737575232,-0.1614476278720643,-0.8297428519260921
2015-05-22,AEP,55.61,55.81,55.259,55.65,1617924,-0.2114817266168835,-0.2025410109361314,-0.3114593742514971,-0.92667196833151,-0.2707078091722785,0.0542571093913396,-0.3290494051762347,-0.5277983504314229,-0.7333201671610272,-0.7916404582252682,-0.0012778740030346,-0.576253737216631,-0.1559550824962468,0.0280274773133353,-0.7661520488809587
2015-05-26,AEP,55.6,55.64,54.92,55.33,2031990,-0.3909937429536765,-0.3818411402930162,-0.4061696764879107,-0.4841499897492424,-0.276695859661235,0.0269618008635372,-0.3962428790566636,-0.5232562223686109,-0.7731603296063096,-0.4268961496243907,-0.0012874404174486,-0.8389051179528283,-0.2119878524173865,-0.393204716202208,-0.5068232909600527
2015-05-27,AEP,55.49,56.14,55.29,56.06,2492909,0.7884094760873351,0.7867792336425617,-0.0161027094938663,0.4024411365741032,-0.2515087262034063,0.0853699408515234,-0.5429888362353276,-0.4701678523158876,-0.6782694777267779,-0.0354373961741272,-0.0011869316532951,-0.2066521366639682,-0.391546698591692,0.7497605358541422,-0.3276826160083819
2015-05-28,AEP,56.01,56.33,55.62,56.1,2135839,0.0114263882708621,0.0193837409632676,0.0426605970978903,0.2851434625516336,-0.2290295459165251,0.1251262279962653,-0.6828300239205984,-0.4722996695842739,-0.5969676693182594,-0.254329333349815,-0.0011958623635548,-0.028480288970184,0.7881641949005149,0.0950842822902439,-0.5365643615038039
2015-05-29,AEP,56.24,56.45,55.79,56.29,3676853,0.177860055428335,0.1845660487500453,0.1458887415648747,0.1074646292116404,-0.2030920843612057,0.1658328141640374,-0.7219789052410944,-0.541607894322558,-0.3172606444664756,1.0459837934311864,-0.0011634012223125,0.1440865121538778,0.0109784131781135,0.0408525326806673,-0.6141526945239929
2015-06-01,AEP,56.07,56.405,55.75,56.01,2128497,-0.3426824971217333,-0.3335358310587706,0.0381802308346077,0.1685227515304933,-0.1930270794392825,0.1575426529621272,-0.7945160029505621,-0.5393353036160258,-0.4301506391518919,-0.2457137648941224,-0.001287343743516,-0.110222457923691,0.1774554983849663,-0.1071638329952853,-0.6167075304225486
2015-06-02,AEP,55.63,55.67,54.82,55.17,2221417,-0.9666998727036462,-0.9603957664600136,-0.3065490550384885,-0.0628804046506927,-0.217300455474099,0.0625241225399678,-0.9389476039133648,-0.4936805465045467,-0.7282081813231495,-0.1668215004668606,-0.0012900537404668,-0.6948585709212584,-0.3432228496603101,-0.6510481915847122,-0.3072976107490533
2015-06-03,AEP,55.1,55.26,54.1,54.38,2656220,-0.9244923204466028,-0.9177952468459464,-0.644513927160366,-0.1329759107689467,-0.2662551450972442,-0.0770199780948003,-0.8731969783057391,-0.6370584753413744,-0.5668249867053129,0.3025646537494288,-0.0013003032030451,-1.4362240856757171,-0.9674030145245216,-1.0135631083053842,0.1864509563835725
2015-06-04,AEP,54.15,54.66,54.12,54.29,3265477,-0.1360343544689932,-0.1273373899106634,-0.6715704349767254,-0.7158325962517542,-0.3067541647086207,-0.1668905095534286,-0.8159983499073513,-0.7344240531555404,-0.3465160359080694,0.8241248729050333,-0.0013150141503962,-1.5614024699308788,-0.925184451456869,0.1690158576858615,-0.7623671112554758
2015-06-05,AEP,53.77,53.79,53.12,53.44,3394342,-1.0077488865549542,-1.0018550949828555,-1.032277880975779,-1.4931394456165623,-0.3697362656536096,-0.2966579990354543,-0.6498309673546754,-0.6681471491498627,-0.6511816207838025,0.8606757070445342,-0.0013198780379444,-1.561861916786666,-0.1365207980874867,-0.4899968391743951,-0.5464441144700128
2015-06-08,AEP,53.51,53.59,53.2,53.46,2791667,-0.0096958793172027,-0.0016112627178418,-0.9691280806640852,-1.7323482788994329,-0.4157663656480941,-0.356837831996651,-0.5335632026333792,-0.7190883266077043,-0.783364510159406,0.3143209167242081,-0.0011774259395728,-1.5418968625077287,-1.008462736955054,-0.096912500359798,-0.9833378319738028
2015-06-09,AEP,53.4,53.92,53.25,53.46,2862144,-0.0329960430517004,-0.0247793014886723,-0.9237687471852134,-1.7076248989769378,-0.4487685665383508,-0.3714481103415962,-0.4355560813703343,-0.7264025125982744,-0.6894416358238341,0.3120430841300514,-0.0012427088046935,-1.5418968625077287,-0.0101493646391785,0.0585730953931249,-0.5468350159973657
2015-06-10,AEP,54.52,54.81,53.87,53.89,3022428,0.4677700647744949,0.47124814215659,-0.6944619906114182,-1.4222304354015456,-0.4544575631933504,-0.3128326155023032,-0.3893507374062508,-0.7124547819975191,-0.450784365353289,0.4381460312135553,-0.0011736539877961,-1.112648195510651,-0.0334556067571959,-0.8993470837066943,-0.1376143492234927
2015-06-11,AEP,54.36,54.51,54.12,54.31,2495940,0.4522215436880065,0.4559063810783985,-0.4950967725587513,-1.045505473942208,-0.4390715652232182,-0.2116935462637031,-0.3908112865644578,-0.7407521392903917,-0.159359844231107,0.0247853700303072,-0.0011870673770358,-0.693382055653038,0.4674411374238229,-0.0958086269771744,-0.9928533568374288
2015-06-12,AEP,54.08,54.23,53.86,53.93,1884309,-0.4686074267648247,-0.4595242786332228,-0.6488025551825263,-1.1309658485561316,-0.4384748649776343,-0.1688496886237403,-0.3517312055449995,-0.8256010344954414,-0.4793329013727335,-0.4685867696879837,-0.0012838896496412,-1.072718086952784,0.4518885601480559,-0.2358721679786802,-1.0195434806328156
2015-06-15,AEP,53.8,54.0,53.57,53.65,1814880,-0.3562345095750064,-0.3470823756090749,-0.7369204642721056,-1.1159513598599156,-0.4455813080263963,-0.1544023607447684,-0.3093352996914618,-0.8683348200404691,-0.6825627691510711,-0.516227852141292,-0.0012829697138569,-1.3522288468578594,-0.4691806297170635,-0.2369627920083223,-0.9233542903002482
2015-06-16,AEP,53.55,53.84,53.34,53.73,2673237,0.0598398003758205,0.0674786152157551,-0.6483864403164314,-1.652772206059356,-0.4446354242080391,-0.122117947703335,-0.2971313994028516,-0.8850525857126524,-0.7325464104221063,0.1741857973078187,-0.0011825333254482,-1.2723686297421255,-0.3567783974676732,0.2276390295167301,-0.815771514067559
2015-06-17,AEP,53.67,54.15,53.45,54.06,2032513,0.3493816300272389,0.3543381712203167,-0.4493193910116874,-1.3959539291287213,-0.4276647332658168,-0.0550428395942486,-0.3087750727840769,-0.8565591367411054,-0.6254446228654227,-0.3666830832524106,-0.0011979272241346,-0.9429452341397117,0.0594044550349324,0.5226902725585452,-0.5121784780078078
2015-06-18,AEP,54.11,54.99,54.11,54.83,2069796,0.8537721566135865,0.8509037458466956,-0.0539944167288848,-0.9626885626522304,-0.3812132535414289,0.0745002897178784,-0.348405692790614,-0.7578863302348667,-0.4537491059180071,-0.3470364809742594,-0.0011978299405306,-0.1742906444007615,0.3490218183309075,0.9789927323747198,-0.2537357885764869
2015-06-19,AEP,54.86,54.94,54.45,54.47,2629427,-0.4417666704361301,-0.4326484770638692,-0.1946879723197451,-0.9935071658699416,-0.3561587119526087,0.1230594427466866,-0.3851749534982972,-0.7457955660106753,-0.5201015036382661,0.0857962331257077,-0.0012988147233593,-0.5336616214215707,0.8535439267850592,-0.5634145496257122,-0.8416080728012062
2015-06-22,AEP,54.58,54.58,54.1,54.24,1568221,-0.2958810921552967,-0.2867760876896961,-0.2715167603457732,-0.7337547437198658,-0.3430957477456726,0.1310406514191541,-0.4143438274280566,-0.7432172319005541,-0.5395889860266179,-0.7725899024051702,-0.0012768614699179,-0.763259745629307,-0.4423328713598515,-0.4969579388091511,-0.8537941707216362
2015-06-23,AEP,54.21,54.3,53.275,53.34,2565843,-1.066038700660855,-1.060775298483937,-0.6576017486187714,-0.7851518231042847,-0.3656445390247818,0.0457615727787167,-0.3915262562567432,-0.6608988226557252,-0.6956937135208855,0.0143149502408736,-0.0012992838616231,-1.6616871881813295,-0.2964092354711448,-1.2388244477298742,0.0101830499709514
2015-06-24,AEP,53.37,53.56,52.92,52.96,2866038,-0.4765291185946314,-0.4674585437005827,-0.7678866863327634,-0.910671527939462,-0.3956056027345687,-0.0415407517707792,-0.4137048788689422,-0.7462142977371272,-0.9796122245408312,0.2382534639132314,-0.0013072179928095,-1.843635005788504,-1.0667677572993948,-0.6067218706183685,-0.5841836060997966
2015-06-25,AEP,52.98,53.2,52.62,52.62,1959851,-0.4326888819776235,-0.4235614752920898,-0.8504609940531995,-0.6800594209483386,-0.4294762804387468,-0.1214458905294385,-0.4427467010791347,-0.7469755567285161,-1.0785142460377355,-0.4779931855103727,-0.0012878711691716,-1.881302785249608,-0.4771043881023508,-0.5396922144591496,-0.6727055339941481
2015-06-26,AEP,52.59,53.04,52.32,52.91,2194192,0.3101212293653985,0.3155192721484638,-0.629488067657887,-0.5012311410422018,-0.4415125614205688,-0.1291686402437601,-0.5700712053422232,-0.7339223123864123,-1.0493482833776573,-0.2377630364722908,-0.0011913099223897,-1.401188438348492,-0.4332527147514731,0.4334014801655566,-0.4572203526342245
2015-06-29,AEP,52.93,53.66,52.77,52.8,2368278,-0.1624306324458308,-0.153638001261101,-0.6063713194812924,-0.5559025720479476,-0.4518678090493947,-0.1310198891029479,-0.703396868895244,-0.7351940977729106,-1.009180644657932,-0.1039153515729471,-0.0012971768858321,-1.4050021470488956,0.3097511756907239,-0.2118773305799195,-0.1865253254882587
2015-06-30,AEP,52.95,53.25,52.7621,52.97,3239338,0.1674559716217501,0.1742530924888433,-0.470487695093551,-0.7268278146350555,-0.4498940019102437,-0.1007661134574599,-0.7676511836973504,-0.7869751857821459,-0.7531287340222614,0.5560870521695981,-0.001166715745477,-1.1463646902368128,-0.1629239621404423,0.0022204784789078,-0.823681738416481
2015-07-01,AEP,53.0,53.37,52.76,53.29,2664470,0.3431144345685596,0.3481430855190425,-0.2875805630538136,-0.7973590966119855,-0.4324471024605062,-0.0367356196969506,-0.785405233475853,-0.8336645990891841,-0.4618561143872213,0.0942726998823125,-0.0011818677806179,-0.6736413278266816,0.1670487004338685,0.3870800094574073,-0.6373377075896204
2015-07-02,AEP,53.52,54.33,53.51,54.23,2125320,1.0651941473904776,1.057867105041473,0.1738973005031891,-0.0282780798416613,-0.3789538123073254,0.1072715644573726,-0.7890762958439613,-0.6974610222504819,-0.1837081703999313,-0.2989367192188811,-0.0011952199085242,0.4966697752429571,0.3427529879301726,0.9759586259752469,-0.3311449473379021
2015-07-06,AEP,54.09,54.55,54.02,54.53,3266742,0.3114150070971793,0.3167988886140175,0.2936202746740448,0.2807260580504898,-0.3227292234141034,0.2295076277194403,-0.75539866162932,-0.7939300566725652,0.1320802915856167,0.6453596657287451,-0.0011709435750006,0.8701733187758266,1.065021071850096,0.5882662827672671,-0.7812990426581631
2015-07-07,AEP,54.8,56.5,54.74,56.08,4447474,1.7366712616025468,1.7106331592024413,0.98465284106049,0.8015753344099878,-0.2163715475282289,0.456338181226378,-0.539290981971834,-0.5245060832861502,0.5522903480434312,1.4980160984321866,-0.0011474675469758,1.1088700809666054,0.3110452909341776,1.7383966791709822,1.0242237487598769
2015-07-08,AEP,55.8,56.37,55.75,56.03,2974982,-0.0885042790525695,-0.0800077262481468,0.8951752727962244,0.6760497471076661,-0.1341992786032114,0.5755498028571577,-0.3930557626706389,-0.5227594321720481,0.53855433091068,0.3199756688407464,-0.0013043033301401,1.06910714391586,1.736673356308668,0.2850976173695677,-0.6691155688858016
2015-07-09,AEP,56.1,56.33,55.23,55.52,3339561,-0.5996853010255501,-0.590941153491115,0.6062935078396934,0.1262059334693881,-0.0898094077778084,0.5736678578628205,-0.3240076103600695,-0.4937996203807409,0.276744162086998,0.5932600375443028,-0.0013134210175472,0.663525185998237,-0.088978323357891,-0.8074223510876188,0.0598818843791018
2015-07-10,AEP,55.45,55.99,55.21,55.56,2806444,0.0118584508233533,0.0198131260006439,0.5945364213061047,0.3349215340454947,-0.0541280750624937,0.5497466746861162,-0.2630003853775175,-0.5075368817629207,0.1705489552388043,0.1588540106391847,-0.0011817312027959,0.6953355356388341,-0.6002926986555512,0.1235607506359645,-0.4213118365805084
2015-07-13,AEP,55.67,55.9,54.88,55.34,2215520,-0.2795181497775284,-0.2704360391807446,0.4528281508149733,0.3405919942146873,-0.0357921505988184,0.4859629458995626,-0.2253208227302982,-0.5214328839904572,0.2165029282930657,-0.3161420007158363,-0.0012898120452575,0.5203786126155459,0.0114105884440573,-0.4741715733614231,-0.0552256632474156
2015-07-14,AEP,55.39,55.67,54.99,55.19,1930054,-0.2017474999506359,-0.1928330992907533,0.3421654430929403,0.8260657489235629,-0.0285313905277629,0.4064286803784102,-0.2088478111994794,-0.5305237056609843,0.2540940895833889,-0.5421412997499294,-0.0012844513433148,0.4010898014632987,-0.2800420244435757,-0.2991159195510087,-0.5644751169846908
2015-07-15,AEP,55.2,55.68,54.99,55.68,2418804,0.5197569624620398,0.5225161464327827,0.5309332412568111,1.273459797097128,-0.0051299319472404,0.3843471480689415,-0.1686449820298244,-0.5127106868782831,0.3655357352073589,-0.1524987470670882,-0.0011895969046246,0.7907665845606261,-0.2022510863542651,0.630655494019051,-0.5585438546186609
2015-07-16,AEP,55.72,56.445,55.62,56.36,2497283,0.7273391850200162,0.7268057279563064,0.8019052244611319,1.704405434491366,0.0380430450826448,0.4175734703509434,-0.0788796550319367,-0.4834404768345663,0.4573669994581053,-0.1085281120270143,-0.0011889033682628,1.3315425284507925,0.5194415970891183,0.8414713619720516,-0.3713769712478381
2015-07-17,AEP,56.11,56.36,55.71,55.72,2824472,-0.7399716285572074,-0.7318999966043456,0.4714724949157288,1.1528901932093758,0.0448571123225873,0.350567320281875,-0.0464435361391192,-0.4825265032089567,0.0709149720694205,0.113851836006123,-0.0013024063440785,0.8225769342012236,0.7270779722434012,-0.5514492582611803,-0.6191135883741474
2015-07-20,AEP,55.58,55.7,55.0535,55.54,2747529,-0.2341167672036041,-0.2251207475473426,0.3585406665013095,1.104784372730253,0.0410044823597674,0.2695065052497983,-0.0239798944609419,-0.49549919986995,0.1210232886683362,0.0503862671849047,-0.0013020566879952,0.6794303608185328,-0.7406156231017639,-0.0806899118912785,-0.621214689404182
2015-07-21,AEP,55.5,55.58,54.65,54.89,2201339,-0.7616190962399609,-0.7536798479775502,0.0300570697602563,0.6528397991230522,0.0105523054116909,0.1361910771850538,-0.0247560703207672,-0.4521214035957744,0.0085233671551455,-0.3858118901381347,-0.0012912977814349,0.1625121791588159,-0.2346287978749587,-0.8567055409066098,-0.1792816499822844
2015-07-22,AEP,54.97,55.55,54.89,55.21,3186522,0.329958447739791,0.3351364535798325,0.1385328786038764,0.6528397991230522,-0.0026530197917739,0.0739318342259712,-0.0572693311189341,-0.5515005838866319,0.3474058324261743,0.3289389163415436,-0.0011711210718377,0.4169949762836004,-0.7622687380242666,0.3035438900861514,-0.5950375903985801
2015-07-23,AEP,55.33,55.33,54.22,54.59,3534325,-0.7321444445934195,-0.7240268314964674,-0.1981090477913127,-0.0232557921105268,-0.0387680715800133,-0.0348448019883755,-0.1319688348820321,-0.5207990123432478,0.2845448726982871,0.5559492957230039,-0.001320113571717,-0.0760654431456671,0.3295935690597052,-1.0367687651822215,0.1032786597509585
2015-07-24,AEP,54.51,54.78,54.17,54.6,3025694,-0.0215913833157501,-0.0134382294004393,-0.2405523081955662,-0.1552353762462696,-0.0679092778311296,-0.1039155525993659,-0.2547088407169549,-0.5428066526715748,0.3851526216728029,0.1393925932853043,-0.0011745422806199,-0.0681128557355192,-0.7327863972370454,0.0984249766530628,-0.6602263872276685
2015-07-27,AEP,54.66,56.03,54.62,55.74,2789884,1.2668970475779535,1.2546735925667163,0.2362859765904386,-0.3647419877236932,-0.0472894908358318,-0.0310882130882416,-0.3516012952003839,-0.4312406474168082,0.6180633099148654,-0.051978802929819,-0.0011813617025265,0.7673766215896007,-0.0220479718534924,1.4664739353017888,0.5168679095413989
2015-07-28,AEP,55.64,56.03,55.52,55.89,2687061,0.1345444238443603,0.141618495227572,0.2331463074245925,-0.2601114997062466,-0.0264362159673432,0.0277746522868469,-0.4920958301612038,-0.4388204693922791,0.6920199823263729,-0.1361503677716684,-0.0011849005298624,0.9006994105244588,1.2667765908774375,0.3131504924616771,-0.8308329661435303
2015-07-29,AEP,55.75,56.0,55.38,55.94,2497194,0.0227008951291623,0.0305874042418324,0.1854470487993633,0.0427487309176922,-0.0095283664927773,0.0647094875419409,-0.6566929725827523,-0.4376428280235087,0.6559901461804878,-0.2475500123506807,-0.0011900814570146,0.9451403401694096,0.1341285669224084,0.2311693537281674,-0.6676318586688221
2015-07-30,AEP,55.66,56.61,55.57,56.32,1994096,0.3899223382400353,0.3943974553963887,0.292768904845174,0.2052465102480762,0.0169350096746826,0.1188531169588099,-0.8055621173544617,-0.4358998315834202,0.6675811294871954,-0.5921919208851872,-0.0012014661218797,1.131906930948267,0.0222558612507958,0.8695544194276613,-0.0523591697740641
2015-07-31,AEP,56.79,57.22,56.48,56.57,2414566,0.2433624330605946,0.2494552813363469,0.3547204097115424,0.4456992253337262,0.0455254053386757,0.1676429320605592,-0.8309059341682352,-0.5101755486797437,0.4662410269221412,-0.2951332909807158,-0.0011935010564409,0.7676543773998803,0.3895731025197136,-0.3189982331103348,-0.501130584048521
2015-08-03,AEP,56.78,57.249,56.65,57.06,2458627,0.5062727986365378,0.5092225233078161,0.52494606357875,0.7217168880071253,0.0847941647869814,0.2341607086988553,-0.7925031837326554,-0.4999382077380307,0.5139272366322862,-0.2370433271866627,-0.0011934760446419,1.238828635084529,0.2429749638187212,0.3462530131632205,-0.7164347525293516
2015-08-04,AEP,57.03,57.14,56.28,56.39,2201019,-0.764031534184675,-0.7561075135686993,0.2018060960479718,0.1467952696813999,0.0868493818063319,0.1915879124141762,-0.7776081737178531,-0.7045134513712134,-0.0862923856849547,-0.3574900949751666,-0.0012860148582272,0.5154763680866479,0.5059539156094011,-0.8741710573020964,-0.3202982044454411
2015-08-05,AEP,56.59,56.85,56.24,56.65,2305185,0.2540599908129972,0.2600462459389404,0.3094561974056192,-0.041924410704903,0.0959089022100201,0.1755586317213305,-0.7444036830408856,-0.6984184670970062,-0.0049629268434957,-0.2549413443380692,-0.0011966342824397,0.796180232891793,-0.764681805308895,0.0537878334823497,-0.6939201188288184
2015-08-06,AEP,56.03,56.32,55.34,56.26,2205516,-0.4616038916738659,-0.4525104742906627,0.1082435117012967,0.0971707187373631,0.0850632456510504,0.1114996243251355,-0.7364763627911555,-0.713534266232776,0.0282731699480064,-0.2941938857870946,-0.0012860713160833,0.3751244356840715,0.2536753122750642,0.2838192797166658,-0.1395990144434092
2015-08-07,AEP,56.15,57.08,55.78,56.77,2038412,0.5313764973726723,0.5339692001703176,0.3192823803639923,0.4263029108578587,0.09376238217406,0.1105603793451009,-0.7012952439672719,-0.687414477652699,0.1523705109997264,-0.4020284521572186,-0.0012019955899929,0.925735862801866,-0.4621752675929231,0.8079150929475715,0.3171333303709432
2015-08-10,AEP,56.81,57.07,56.54,56.71,2511489,-0.0987963292929375,-0.0902533113536164,0.2584171126787231,0.8227943769355295,0.0954981893284485,0.0918854934372786,-0.6852782482215098,-0.6957805188745475,0.1961040557104455,-0.0327704368682739,-0.0012921455559037,0.8609580478468295,0.5310641632226345,-0.1593068433391443,-0.8124373636358985
2015-08-11,AEP,56.7,57.38,56.46,56.85,2383282,0.1207003993711643,0.127885827016674,0.2845763308367248,0.7547802822370628,0.0995400419325513,0.0828813060009003,-0.6767727464852629,-0.701921423409522,0.2742638040549366,-0.1524405611582565,-0.0011949448818691,0.8940263488145292,-0.0992730585162398,0.1735558966598717,-0.2426239788320324
2015-08-12,AEP,56.85,57.77,56.6,57.57,2458391,0.7554962524448124,0.7544643290951089,0.5766193905778567,1.4930581822533495,0.1279087016192291,0.1382947387057212,-0.5954805766910317,-0.6749636510283389,0.3310427807049347,-0.0943368360696947,-0.0011942732031706,1.258202000112745,0.120280930917072,0.9305398311249692,0.1024194609558961
2015-08-13,AEP,57.33,57.74,56.88,57.55,1887311,-0.0546246820993257,-0.0462930553161819,0.538715722622838,1.4729410199660038,0.1462222573314423,0.1567438203340527,-0.5282137372661944,-0.7196015007202607,0.1426187551633733,-0.5291590257726584,-0.0012792550764077,1.239734324904728,0.7552423850867339,0.263608318067491,-0.3459174886063539
2015-08-14,AEP,57.57,58.21,57.09,58.2,1933531,0.6701790112328507,0.6706194359715684,0.7826214658586613,1.340157584822751,0.1825169604024252,0.2177862493996573,-0.4145766837124133,-0.7503585239161532,0.4861957495958956,-0.4640958876794877,-0.0012047678957284,1.4346505800705052,-0.0550898881326881,0.8004617130171471,0.012486449452256
2015-08-17,AEP,58.19,58.67,57.99,58.35,2194270,0.1274628164807175,0.134594230244393,0.7847935136686288,1.340157584822751,0.2130322754870374,0.2517441474651634,-0.321800141838797,-0.7632240661887838,0.5755767799691022,-0.2307277886479362,-0.001200232215306,1.2064925095303087,0.6699028869104504,0.1814216451528865,-0.6200850937646959
2015-08-18,AEP,58.2,58.37,57.96,58.27,1954814,-0.1183541064602031,-0.109727464897858,0.6665779038717321,1.25023984678166,0.2297231865029813,0.243326687826613,-0.3091923764753773,-0.8459990833016908,0.7368870031381167,-0.4204463161998676,-0.0012799795741053,1.1473959488646654,0.1270451121586364,0.0645532938401264,-1.004920049094122
2015-08-19,AEP,58.01,58.96,57.82,58.8,2580615,0.5332775089346772,0.5358427729774231,0.8261753873146467,1.2961903854476204,0.2591261532125289,0.2693133326379609,-0.2505055999541112,-0.8333203475894951,0.7875078858394239,0.1264079377065255,-0.0011928366627206,1.3318413730716314,-0.1188359377794292,1.0025734728787463,0.0244682687321403
2015-08-20,AEP,58.42,59.18,58.12,58.37,1856103,-0.4882844125140908,-0.4792343696742323,0.5377348186855554,0.850917701796196,0.260802783202096,0.2187355350680286,-0.3257157553558744,-0.8777836897308852,0.8494704248855327,-0.4265064418072433,-0.0012779460424762,0.9054362281752356,0.5329656707072209,-0.0909791536964978,-0.0778527539681053
2015-08-21,AEP,57.97,58.36,57.22,57.29,3934308,-1.1849350613567302,-1.181131595330721,-0.0222650846884755,-0.0698921616630475,0.2154477562659437,0.0572146217171595,-0.4900967387518009,-0.6873518215069293,0.5560911492676396,1.318902048673783,-0.0013183603135869,0.0650929833844843,-0.4888627486605534,-0.91255449995102,0.0670559135284769
2015-08-24,AEP,55.29,56.77,52.3,54.83,5660377,-2.706320746254751,-2.7422113797937606,-1.1333055828295662,-0.8034829625761161,0.0800695875180958,-0.30372012627309,-0.395433207839448,-0.1985048225238726,-0.4072465955989471,2.517463391360578,-0.0013546003766173,-0.6588930047656674,-1.1856951348450933,-0.6548899126526855,5.20301569953872
2015-08-25,AEP,55.02,55.65,53.0,53.02,4974583,-2.088203919623405,-2.1032130223726617,-1.9046956943295332,-1.3734280482804564,-0.0990071249911531,-0.7049472240535181,-0.045543311864642,0.04928900978763,-0.9216440121146804,1.7899152463946744,-0.0013451750824705,-1.533423322028879,-2.707477708184743,-2.7726555243358786,2.574147180984112
2015-08-26,AEP,53.53,54.21,52.8,54.01,4407813,1.1294984330628297,1.1206783330014525,-1.4056235208153016,-0.8774045587946206,-0.2013398548070306,-0.8283912119432573,0.1027173457460444,0.1481075157376151,-0.6741812859730988,1.233659772311266,-0.0011484361968957,-1.0550890601003835,-2.089199631564981,0.6511513526952886,0.584395623399234
2015-08-27,AEP,54.58,54.93,54.11,54.91,2909107,1.004445796398787,0.9984706596795216,-0.9581664209969892,-0.7359294481369634,-0.2458809896972285,-0.7783918317764211,0.1658182638595949,0.2064532020623677,-0.5351622270718936,0.0833254740860382,-0.0011825339988211,-0.6202397310744765,1.1293421327741044,0.4304824433365897,-0.3467508786041057
2015-08-28,AEP,54.85,55.3775,54.07,54.9,2105724,-0.0443342396458693,-0.0360563405677702,-0.9253431992232672,-0.7238959945694396,-0.2800417094992162,-0.7116733179007506,0.2261300270680492,0.1994804560395651,-0.6010378069804803,-0.4955687530327658,-0.0012853412795241,-0.6250713902858746,1.0042568732540826,0.0425547209416339,0.393524431617436
2015-08-31,AEP,54.55,54.69,53.823,54.29,3588890,-0.7247520152581245,-0.7165918941566993,-1.146339990733,-0.9114823345360544,-0.3290246094865168,-0.6964505434390807,0.3176149735681044,0.193758638296957,-0.8804412358292957,0.542042069381392,-0.0013165030371591,-0.9198026021812116,-0.0447967611806791,-0.3864167184388699,-0.2603877242816361
2015-09-01,AEP,53.74,53.93,52.65,52.99,3281771,-1.5237945095860863,-1.52544108270699,-1.6759325692377578,-1.4135423139497054,-0.4159080409995999,-0.7818276395740409,0.5152061959832118,0.2749048724513345,-1.052993324289172,0.2760159365665512,-0.0013120313729725,-1.5479182996630765,-0.7253920394165623,-1.0807236753494345,0.4218163108993604
2015-09-02,AEP,53.38,53.41,52.46,53.01,2460878,-0.0094980104045746,-0.0014145529500511,-1.5865542499366048,-1.4028475451574631,-0.4801380806090223,-0.7918198756914123,0.6762366345884891,0.2647269148664794,-1.1111493282964424,-0.3090885740736494,-0.0011893946805957,-1.5382549812402806,-1.5246429823539185,-0.5499988384037593,-0.0977601143073328
2015-09-03,AEP,53.05,53.5332,53.0,53.35,2340639,0.3663197982898739,0.3710783497267558,-1.3628352349438233,-1.5232660483000078,-0.5134374873281657,-0.7201987479846758,0.7869927551316361,0.2797377797960699,-0.9271260627304814,-0.3977486633633165,-0.0011929553984322,-1.3739785680527137,-0.0099514441078943,0.4009319985919877,-0.7583839521750246
2015-09-04,AEP,52.96,53.07,52.29,52.54,2595285,-0.9782445973881312,-0.9720530834253774,-1.6490969509133435,-1.6945880454742832,-0.5668672150896538,-0.7147169456465502,0.9376943291837936,0.2789917216841935,-1.2617891650128572,-0.2361449631857935,-0.001296903486674,-1.7606866191595318,0.3659644053042432,-0.6254810102087808,-0.3540595255275952
2015-09-08,AEP,53.23,54.09,53.23,54.08,3149629,1.7918493651670024,1.7639689512791856,-0.864534510226505,-1.151224559372069,-0.5440279128540161,-0.5140163335054552,0.9661547338441536,0.4914925635027622,-0.8485847831326463,0.1261834827680268,-0.0011756284043609,-1.0176910360446645,-0.9789507509159228,1.1801275105092888,-0.2660069812576582
2015-09-09,AEP,54.36,54.48,53.27,53.37,2602816,-0.8503630294420605,-0.8430466570209212,-1.120406199778789,-1.4187376205420943,-0.5492349994656851,-0.4256467658777532,1.0155706456855162,0.5080242502572464,-1.066495284344795,-0.2573134960336685,-0.0012968349869213,-1.3602409477404809,1.7918658543503116,-1.402259658081704,0.2981728142802994
2015-09-10,AEP,53.41,53.87,53.18,53.39,2172487,-0.0096653188626139,-0.0015808812500286,-1.0154585402803509,-1.353524290037043,-0.5479542052239567,-0.3382514181453194,1.0142743863679695,0.4606934782659904,-1.2338270797573934,-0.5454698520979565,-0.0011966328002961,-1.350591654453273,-0.8510358221220939,-0.0546078016167973,-0.5142459280922467
2015-09-11,AEP,53.29,53.81,53.04,53.78,1805288,0.4217826537912638,0.4258612494686964,-0.7429082328073814,-1.0573283901717812,-0.5272092700713495,-0.2182347763224674,0.9749633090066168,0.4815057512064372,-1.1295671614269198,-0.797047583796256,-0.0012050459659911,-1.162430435352754,-0.0101187962121923,0.6683799161866951,-0.3980836313572506
2015-09-14,AEP,53.87,54.24,53.6,53.68,2063775,-0.1487603373964016,-0.1400158560492775,-0.685196962544358,-0.5437944414370455,-0.5105155567045555,-0.1326492380006445,0.8659700013467827,0.4383886030427603,-1.3080818263949838,-0.6216390249099396,-0.0012851878563577,-1.2106769017887853,0.4214417295669123,-0.2927884123821477,-0.5976921942053948
2015-09-15,AEP,53.78,54.02,53.3899,53.85,2423821,0.1641698730205473,0.1709954192632334,-0.4977815178724166,0.1201767666026718,-0.4866811932565221,-0.0458008969576199,0.6981263668568444,0.4399777512726715,-1.3001157300476112,-0.3799692781764447,-0.0011920433666129,-1.1286579088475328,-0.1492501008801879,0.072021585278406,-0.6161507252057715
2015-09-16,AEP,53.98,54.72,53.84,54.63,4547183,0.8687916867327166,0.8656293814657603,-0.0353912591800564,0.0482520189184221,-0.4337905687544989,0.0984680916374148,0.4827683236871423,0.50258836882383,-1.0849137138583884,0.9462943492240936,-0.001149362583904,-0.7523354706464952,0.1637617445782787,0.8834400322188737,-0.2488388890395866
2015-09-17,AEP,54.67,56.44,54.54,55.87,5244380,1.3801463054424734,1.3649000790988997,0.6348878495953971,0.1628187190025401,-0.3408405281987247,0.3169955298283631,0.1676453891648671,0.5991601433049293,-0.8993067131267747,1.2615419870611404,-0.0011385535153052,-0.1540792868397206,0.8685673750940093,1.6320361506739145,1.2428918224430223
2015-09-18,AEP,55.5,56.33,55.34,55.48,3832682,-0.4675876776399501,-0.4585029848332613,0.5179429261673145,0.0139679889275616,-0.2809827922692053,0.4066384579444336,-0.1821458243262124,0.598567360564611,-0.8946335045870183,0.2994437868191998,-0.0013160738987566,-0.1343276444849378,1.3800553924151469,-0.0535424193808971,-0.1041672552644499
2015-09-21,AEP,55.73,55.94,55.35,55.6,2823745,0.1016644562242476,0.1089980272386524,0.6181864708192378,0.2977420710174854,-0.2278915770902687,0.4609358925083415,-0.4025707969516947,0.5492606341620464,-0.6007160610062103,-0.2880116560439648,-0.0011871890828176,0.57473312745902,-0.4681606145671794,-0.2025543414675664,-0.7069514716059961
2015-09-22,AEP,55.38,55.65,54.6,54.72,3559842,-1.0183750538205691,-1.0125920033874358,0.1938110174589396,0.4897420320584579,-0.2196139284535295,0.3890244913281578,-0.4072714755125092,0.2313563340290014,-0.1969411198207942,0.2437492081571715,-0.0013113287248216,0.0651456812528648,0.1012400218066356,-0.926717024056304,0.0078702190140347
2015-09-23,AEP,54.81,55.11,54.51,55.02,1878489,0.3083309169185855,0.31374851225535,0.2901253368675429,0.5712502650790888,-0.2006305388549968,0.3590517633244555,-0.4223085793610304,-0.0345294705153691,0.3865234093342993,-0.7743727924978143,-0.0012055808343705,0.3054479610679885,-1.0190916763007594,0.2631538903732583,-0.682481377139132
2015-09-24,AEP,54.85,55.6,54.74,55.46,3829202,0.4648872084818172,0.468403908357574,0.4673811720346567,0.5989583417577462,-0.1680287967305851,0.3701269858884071,-0.3765691148180921,-0.0981066784224352,0.2268110858656102,0.5695987409049359,-0.0011680245027077,0.6578913047968297,0.3079603961997392,0.8139129650594717,-0.2989845749078696
2015-09-25,AEP,55.59,56.545,55.185,55.99,2718034,0.5619689745149465,0.5641132298698852,0.6968664673453906,1.1467656599116596,-0.1216272930188594,0.4145075127077284,-0.3031970608461199,-0.1425561202382921,0.1213861622850843,-0.1828823246934333,-0.0011910857924135,1.0092898560047354,0.4645575290717872,0.5173192481054298,0.4330298865801001
2015-09-28,AEP,55.94,56.52,55.46,55.86,2413753,-0.1775494432091421,-0.1687070511624889,0.6101866607021558,0.6569131753473756,-0.0906215103304955,0.4103836132804662,-0.2480944682408136,-0.1399856527870875,0.0893370309357041,-0.3998394633652432,-0.0012877155074602,0.9077284929336348,0.5616646211160747,-0.1343634370333152,-0.0098468003479747
2015-09-29,AEP,55.99,56.39,55.74,56.13,2659832,0.2679289502282158,0.2737743152929484,0.6947658422668411,1.2228295971798937,-0.0564683911649261,0.4151856836507967,-0.1715459246685255,-0.1785037929076088,0.3302804846902685,-0.2033711828025985,-0.0011922961871641,1.118663631619765,-0.1780467169932128,0.1625966465461143,-0.6262150711208243
2015-09-30,AEP,56.35,56.97,56.01,56.86,2785199,0.776702288926963,0.775286800233368,0.949608706301399,1.3912310533885786,-0.0023413381030838,0.4704399019524805,-0.1022147224396891,-0.3510436415357802,0.905120646738865,-0.1000752759335413,-0.0011908618591631,1.3647462801589816,0.2675478897272763,0.6574706795240997,-0.1842323614564679
2015-10-01,AEP,56.92,57.0,55.79,56.14,4215622,-0.8213496659672169,-0.8138154605623831,0.5266956437011254,0.8335858853122963,0.0104026326650508,0.4081239351636638,-0.1267874889595219,-0.2784049878810136,0.6996971682347927,0.8118555623097137,-0.001319744165212,0.8359156689231318,0.7764539536511541,-1.0616361647893606,0.2049432829215877
2015-10-02,AEP,56.73,56.76,55.69,56.32,5169239,0.166620037278617,0.1734244053909399,0.5399959071351609,0.9416074392119552,0.0255951501466505,0.3645736788222797,-0.1346793084528229,-0.2820256036221061,0.6501247760504129,1.2994070651102656,-0.0011455503658795,0.9629544537935452,-0.8220148898441978,-0.5723456697650939,-0.0079659564862803
2015-10-05,AEP,56.67,57.59,56.44,57.46,3007276,1.2271986080203776,1.2159882600769936,0.9622332443534988,1.16598142310226,0.0798837585510287,0.4303661387602414,-0.1554176021933081,-0.3055601150138605,1.2078147067438303,-0.1117626724393264,-0.0011880974048148,1.3479021368373845,0.1662125480180389,1.026902264687511,0.0766536166782443
2015-10-06,AEP,57.23,57.44,56.43,56.62,3101543,-0.943137906936246,-0.9366108163898584,0.500906792333362,0.5522670587171025,0.0871484098829225,0.3619612507053641,-0.1459099746098175,-0.4096202853389774,0.5223129130198356,-0.0496622680746875,-0.0012979451429748,0.734207083771076,1.2270677950689992,-0.8316037943962135,-0.1046713419846062
2015-10-07,AEP,56.76,56.8,55.95,56.04,4484195,-0.6707505776538765,-0.6623070017131834,0.1616711794038493,-0.1199030808399334,0.0676039962146061,0.2382312684586607,-0.2387309544971889,-0.4355068550515503,0.5672633016262528,0.7556963244324749,-0.0013241909542128,0.3104652614157709,-0.9438349020765212,-0.9846901469704952,-0.3272316376782441
2015-10-08,AEP,56.01,56.96,55.94,56.87,3398340,0.8890983738615815,0.885533150885037,0.4703412099920343,0.343584556084106,0.0821371156584541,0.2269622662603881,-0.3168445706656325,-0.3923354891235394,0.7898032960976706,0.0382556608908172,-0.0011790898407195,0.9168544209931908,-0.6713765142955004,1.1337358547516194,-0.0965520268445515
2015-10-09,AEP,56.9,57.04,56.5101,56.74,2042989,-0.1753126401119232,-0.1664773789304487,0.3379409737942198,0.2472302756946277,0.0858526894910469,0.1901028883182846,-0.3921314157015911,-0.3895148319243617,0.6408567537882045,-0.7967910539882765,-0.0012800977041836,0.7701437442582845,0.8888793596891836,-0.238764452887549,-0.8129960644098077
2015-10-12,AEP,56.8,57.74,56.8,57.56,2270673,0.8667500046894723,0.8636278556815379,0.6299430780094466,0.9062706235510652,0.1180124122162373,0.2338301355590686,-0.4522620015274093,-0.3579472209322037,0.8940694759793996,-0.6620882985040508,-0.0012005855544637,1.3053295747625633,-0.1758093303744685,0.9845876167855018,-0.2303022234529484
2015-10-13,AEP,57.46,57.8559,57.26,57.65,2143503,0.0643497417792838,0.0719569817135791,0.5806649527636832,0.8539501865107435,0.1436887369028472,0.2521237784095925,-0.5292040837936055,-0.3568227075295433,0.8688998036704852,-0.733964627699695,-0.0012035392006581,1.272443985749646,0.8665251604310537,0.2235066162266615,-0.7298699868473414
2015-10-14,AEP,57.67,58.395,57.6,58.15,3887512,0.5069695900669279,0.5099095385242355,0.7294420651321438,0.8691982558980431,0.1799447931968993,0.2939907397215586,-0.4980687553530313,-0.3862608172274402,0.778828272775841,0.3560442445264117,-0.0011726584772546,1.2332456822640765,0.0639155729603212,0.6025174508278266,-0.4519260816453344
2015-10-15,AEP,58.35,58.81,57.89,58.72,2754864,0.5772719083531079,0.5791863370702265,0.9259876167738011,0.8792286370886259,0.2268001379015225,0.3547666946772698,-0.3509952177035695,-0.4974732417049267,0.5817026838520174,-0.2760486312709655,-0.0011942901492567,1.3733028595487384,0.5066508888138591,0.4527607500772573,-0.285574742577449
2015-10-16,AEP,59.0,59.04,58.265,58.54,3034276,-0.2238415258470703,-0.2148695910097819,0.7688111999614294,0.8527469172562421,0.2522454543787971,0.3482784145500414,-0.2791207309232864,-0.5177278759626716,0.642559847801943,-0.0717037781097106,-0.0012951238682827,1.0759712977290348,0.5769715470764334,-0.6153643673599581,-0.4879900093802142
2015-10-19,AEP,58.46,58.67,57.83,58.59,2892086,0.0201795953994257,0.0280821231279968,0.7204725402060699,0.7958138287359733,0.2695751977594341,0.3221984450039826,-0.2230865412966502,-0.5166629162432418,0.6223213067590344,-0.1662029103399733,-0.0011917882731862,1.112662043175423,-0.224350875985428,0.141691182139951,-0.3964728708626238
2015-10-20,AEP,58.51,59.23,58.22,58.66,3125162,0.0413863195511303,0.0491509555248924,0.6590580306320573,0.6025812268029984,0.2811272388628268,0.2864627631664299,-0.2624122624477321,-0.6429885997630795,0.8899975587348896,-0.0005798540583746,-0.0011886759257807,1.0414415750017372,0.019733903782045,0.1673728658958795,-0.1563721809277094
2015-10-21,AEP,58.96,59.52,58.72,58.94,3321562,0.2641783602828088,0.2700621265749903,0.6949526423899374,1.1288912441258483,0.2961914409493435,0.2669144596064489,-0.2836763896088812,-0.643850346692185,0.8788929905251259,0.0782996352328856,-0.0011863769847997,1.039526180704044,0.0409461601954135,-0.0519447005019793,-0.4601279815232027
2015-10-22,AEP,58.51,59.27,58.19,59.17,4104622,0.2099518467459435,0.2163659371247233,0.7126812941332519,1.1417955727383646,0.3118903076300204,0.2529094324983261,-0.2769563928379267,-0.6517436941456681,0.8149806542006371,0.5673156026518226,-0.0011744815818577,1.1744903927684625,0.2637963213542336,0.8259168828475137,-0.070145465357555
2015-10-23,AEP,58.97,59.01,57.405,57.48,4884535,-1.8111958634437564,-1.81897299391749,-0.0948395993543263,-0.1804011741116975,0.2532058182464051,0.0502439327831953,-0.3278803514472154,-0.3488389169056215,0.2233599637060832,0.9610455839227136,-0.0013219516830356,-0.2273996557831496,0.2095556615843215,-1.93528992526702,0.735782554232818
2015-10-26,AEP,57.73,57.89,57.27,57.82,2861653,0.3352665308786536,0.3403846048884089,0.0155319433751437,0.3669349018684142,0.2158940204066706,-0.0568755268776219,-0.3960322376973949,-0.3477771946728052,0.3478405772464449,-0.2954811638072485,-0.0011949190391603,-0.0326065255231037,-1.812119311463812,0.0914672818916794,-0.6976654289251388
2015-10-27,AEP,57.87,58.04,57.43,57.67,2129533,-0.194509457523972,-0.1856156103692025,-0.0880812535924123,0.6208984847164424,0.1766879191744226,-0.1474469989289016,-0.4548154945079382,-0.345604029923784,0.2354677546919805,-0.7323596819813136,-0.0012776700998783,-0.1627964029686306,0.334903036934119,-0.2874251914644762,-0.7097923548929786
2015-10-28,AEP,57.79,57.98,56.4,57.07,2053776,-0.6807300902018127,-0.6723353126257051,-0.3662093433859416,-0.0856085222461392,0.1189362602978784,-0.2676401226917039,-0.4628072819181115,-0.3522327402795123,-0.1132353844850915,-0.7647661521924105,-0.0012768565421034,-0.6835559127507455,-0.1950111557177885,-0.96760890793261,0.7159926850908293
2015-10-29,AEP,56.78,57.0,55.52,56.21,3446642,-0.9711756864506406,-0.9649149709907276,-0.7595506444521627,-0.4318523549204764,0.0371968900200113,-0.4255385779097284,-0.4687473380283699,-0.3318571476558109,-0.149164543829654,0.1287149970184783,-0.001300729354322,-1.3078814700407797,-0.6813586302287732,-0.7847617347480096,0.6030271336369448
2015-10-30,AEP,56.44,56.925,56.21,56.65,2763774,0.4543467162326705,0.4580035179494076,-0.5665028154566846,-0.6321701318757462,-0.0118254951533239,-0.4676443856353942,-0.4912639099283686,-0.3173366258205965,-0.081422948628845,-0.2338788870620608,-0.0011951901792733,-0.9422215009221072,-0.9718799958904576,0.2547939183817381,-0.5394489766701719
2015-11-02,AEP,56.65,57.0,56.26,56.89,2726858,0.230762633023474,0.2369787049643912,-0.4443865613629241,-0.5501639791281382,-0.0424376817893319,-0.4539414977053307,-0.475814666664735,-0.4385845297957116,-0.313166703027422,-0.2499060753437733,-0.0011966141263942,-0.7427706086755559,0.4540142870928486,0.2937616210520745,-0.5072628016644691
2015-11-03,AEP,56.71,57.04,56.35,56.75,2139692,-0.1862061898226771,-0.1773369570739031,-0.5110925101172173,-0.8953221644926722,-0.0730617775295596,-0.4430098411905309,-0.4830141392156391,-0.5058142442324276,-0.1337565075125124,-0.6138752029566727,-0.0012782871367563,-0.8591169624860436,0.2303718768340165,0.0269733699075034,-0.5780165355955373
2015-11-04,AEP,56.77,57.15,56.58,56.71,2573716,-0.0768783602313157,-0.0684363333644481,-0.5443309144393885,-1.3042985739701742,-0.0994554978902452,-0.423375602576034,-0.5346513494558639,-0.5441578647734306,0.0081117044143274,-0.2676026654170559,-0.001286059739244,-0.8923587778604678,-0.1867057219181722,-0.1061669491217873,-0.7536534743190743
2015-11-05,AEP,56.71,56.97,56.42,56.49,2383693,-0.2745190240019234,-0.2654447676775301,-0.6360194865171138,-1.3179890525909654,-0.1292373224424882,-0.4163891335485951,-0.5119423476579783,-0.6145887734516817,-0.2656110945514381,-0.3697597577224736,-0.0012834961591061,-1.075188762419804,-0.0773493716483635,-0.3194111150461566,-0.779897582808552
2015-11-06,AEP,55.2,55.28,53.3,53.96,5150929,-2.821327338350041,-2.861834279430818,-1.7289196444101425,-1.931248344003859,-0.2512097284975561,-0.6480969280895251,-0.1871073914480348,-0.0501500292143313,-0.8870505778585628,1.3887132491309362,-0.0013321609607026,-1.5285761269357725,-0.2750415945310525,-1.7234943334448694,1.4667728593335172
2015-11-09,AEP,53.74,54.57,53.53,54.43,3673338,0.5092811553236113,0.5121886171666512,-1.4464916851788263,-1.703366649761859,-0.3272998237876574,-0.7153628856595715,0.0067821327824896,-0.0917399517205814,-0.9661027313738464,0.3486024349578299,-0.001176792212641,-1.2773919914698617,-2.822514302394268,0.9437380036806494,0.0010790689658859
2015-11-10,AEP,54.48,55.14,54.48,55.1,2383226,0.7333623094018662,0.7327232634810109,-1.0835282897037115,-1.5015446283851794,-0.3587936894499408,-0.6543857243605401,0.0991485551025442,-0.040296661987811,-0.8170988278007836,-0.4977572463720904,-0.0012009349431088,-0.9193209898482418,0.5089630570954964,0.8334871716030345,-0.5930486340694336
2015-11-11,AEP,55.15,55.69,55.02,55.56,2711527,0.4867625277168374,0.4899828923109513,-0.8146182239984137,-1.3908597365225377,-0.3631590827060367,-0.5357757743540034,0.1302921893635243,-0.042044357873753,-0.8216156126965638,-0.2508669654549756,-0.0011958851836239,-0.6734811976901149,0.7331026678957537,0.5353558320246954,-0.5863135374207312
2015-11-12,AEP,55.38,56.0,55.031,55.32,2637085,-0.3019292503889736,-0.2928168754600878,-0.8489810321759585,-1.0490241268173168,-0.3734552200296774,-0.4561534474831572,0.130697535784607,-0.080007575603162,-1.0178561793170533,-0.2967340287217388,-0.0012874913790758,-0.8017454370769646,0.4864385549868739,-0.1081711393274824,-0.1315029923932621
2015-11-13,AEP,55.38,55.85,54.95,55.06,2247643,-0.3256043176292555,-0.3164687619950216,-0.8910062525819269,-1.2999323110419363,-0.3890587594760037,-0.406116747685387,0.1374471256498653,-0.0792057712322851,-1.0405413898192044,-0.5353433708300029,-0.0012815039408079,-0.9406983630793828,-0.3024589715059801,-0.4628743560433015,-0.2290505013149257
2015-11-16,AEP,55.05,56.25,54.96,56.21,2208484,1.2673443696501732,1.2551093612653377,-0.3042721747008973,-0.7060293703272613,-0.35378364388871,-0.2351266056471042,0.0731863782969129,0.0534199212249065,-0.7640631906012547,-0.5446056781913798,-0.0012040491519631,-0.3260988826840676,-0.3261402149319825,1.565692001118982,0.3213199067200904
2015-11-17,AEP,56.06,56.55,54.91,55.05,2422528,-1.317808772074134,-1.3159142784853228,-0.760446508995726,-0.8592329291940681,-0.3689238077348212,-0.2281025533984237,0.028927575325291,0.127410574114994,-1.0713031304358347,-0.3796155412419078,-0.0012845327054264,-0.9460427063871708,1.2672240296439063,-1.387488563199855,0.8914918865572924
2015-11-18,AEP,55.09,55.5,54.31,55.41,4675712,0.374140986911761,0.3788065895331362,-0.5121364080104831,-0.4702713638261896,-0.3642517420346063,-0.171486973807145,-0.093160772306875,0.134469394611551,-1.0470751818089332,1.0963379835287417,-0.0011607495175871,-0.7064245534232002,-1.3186035087254964,0.4125393440691619,0.1985267129852065
2015-11-19,AEP,55.59,56.52,55.53,56.32,3749924,0.9894694708213612,0.9838188609551608,-0.0208105923401376,-0.2988573781696704,-0.3227115938657461,-0.0312967005296839,-0.3075712841358627,0.2070130410741356,-0.8748737069761866,0.4894415340363141,-0.0011788628915502,-0.1231542312957828,0.373787634263038,0.9658187822474515,-0.1263478585870298
2015-11-20,AEP,56.54,56.98,56.11,56.54,4264654,0.2101994159271213,0.2166111909759095,0.104270289176563,-0.3057798581089578,-0.2796055098801873,0.0848862099274848,-0.35398196431564,0.0451316677605075,-0.4076536467768933,0.867392749396327,-0.0011717319728112,0.39092256945792,0.9892766407577348,-0.0263165508545973,-0.3089300626539064
2015-11-23,AEP,56.57,56.84,55.91,55.99,2302246,-0.6386189759172468,-0.6300293105889941,-0.1103637041972072,-0.4313365999780795,-0.2657222831710517,0.1026134067239509,-0.4467850128049302,0.0510899373541455,-0.6323054799543625,-0.4574148178043792,-0.0012800697001739,0.005205302455101,0.2098032953496134,-0.800932697099471,-0.2070231479606932
2015-11-24,AEP,55.69,55.975,55.27,55.79,2254789,-0.2553858894477683,-0.2463454097898357,-0.1601368522903795,-0.4773632125657032,-0.2612751742158656,0.0925067595015943,-0.5419504898297638,0.0518189258006207,-0.6462477680669568,-0.4934365820179701,-0.0012797988735343,-0.1126677364821256,-0.6392365302916607,0.1093483533660367,-0.5381726934515553
2015-11-25,AEP,55.58,55.8,55.3,55.61,2346144,-0.2338644199963874,-0.2248689715033816,-0.2105141679948758,-0.4660040806129888,-0.2634935716492071,0.067264543023767,-0.5912085586520839,0.0329939671933792,-0.5431973333956666,-0.4385924013965788,-0.001281824370934,0.1132061372158899,-0.2559034686587641,0.0144634699229158,-0.8419905120907671
2015-11-27,AEP,55.66,56.13,55.48,55.94,1423616,0.3364546380223966,0.3415592365778712,-0.0489403333259988,0.6257977390863172,-0.2510663130558455,0.0847684363349052,-0.596360220335467,-0.0070823343538279,-0.2380225531633596,-1.0353898436283269,-0.0012186345740085,0.3981359832823876,-0.23437638483717,0.3537499213863602,-0.6229370826164701
2015-11-30,AEP,55.95,56.59,55.95,56.01,4405974,0.0449099745546712,0.052651004314487,-0.000887262716041,0.4996663913976233,-0.2374220134716519,0.101904193543325,-0.6216971719930501,-0.0229257382851077,-0.3333973679253669,0.9906662136211992,-0.001168841807765,0.4585756475995243,0.3360914540229321,0.0547041302826293,-0.639026989201052
2015-12-01,AEP,56.36,56.88,55.96,56.73,3523161,0.7673215252214057,0.76607657528293,0.3418550353571777,0.5162431250512762,-0.1976900456905518,0.1827620081597274,-0.6341112154849111,0.0145556300958029,-0.2087820634927018,0.3500823361517726,-0.001185173691122,1.0802407662900677,0.0444707344253919,0.469676360951182,-0.2397710969319754
2015-12-02,AEP,56.45,56.6,55.27,55.33,2574681,-1.5694186148480953,-1.5719455765120554,-0.2840156956252438,-0.2764330968533779,-0.2204549301888039,0.0865824379450632,-0.6684231288741035,0.1506320956342069,-0.5349641799515237,-0.3072002158000899,-0.0012839007692985,-0.1285525200526563,0.7670707427576646,-1.5253067967310687,0.4119897225614887
2015-12-03,AEP,55.04,55.32,54.5,54.7,3463399,-0.7418802581990717,-0.7338199904118728,-0.534357632826008,-0.4134106308991421,-0.2619666634652751,-0.0386152842620149,-0.6791645446749475,0.1730532193393306,-0.6880194383720902,0.2581900618307835,-0.0012989540614074,-0.6166685047008278,-1.570278989712955,-0.4930245260464495,-0.3419728103430319
2015-12-04,AEP,54.96,55.89,54.92,55.84,2328806,1.2645206433903322,1.2523585143962497,0.0194124955617394,0.0657979440000001,-0.248827404645003,0.0018972508335373,-0.7104627099682539,0.2769854906447637,-0.3364671636785508,-0.494672266421073,-0.0012041069013779,0.4131051237460323,-0.742524750653561,1.1833917996041696,-0.1436048192442716
2015-12-07,AEP,56.23,56.3,55.755,56.25,2687814,0.4241277996133525,0.4281765768550943,0.1584638678812643,-0.1747574282896972,-0.2214223594281013,0.0710271675148797,-0.8124254651588283,-0.2182206717838266,0.4558032281410891,-0.1802139821113058,-0.0011987672346488,0.7395012094876647,1.2643995667501362,0.0005558607265805,-0.7838435735635528
2015-12-08,AEP,56.12,56.22,55.56,55.88,2301307,-0.442515578597899,-0.4333982048676424,-0.0502804408230074,0.137513292986254,-0.2135002882207802,0.0761822611511948,-0.8920300465726256,-0.2122080947756372,0.2237686281227651,-0.4097836807844864,-0.0012797451843123,0.073365759239054,0.4237874871742175,-0.3494175565301574,-0.6069830418208979
2015-12-09,AEP,55.72,56.91,55.38,56.25,2797997,0.3792350570641505,0.3838396018902992,0.0966585476263652,0.1410064986156391,-0.1921416567099317,0.1148918109763103,-0.9032831909934208,-0.2383809161789055,0.1390481309784443,-0.0714000363519586,-0.0011970698254232,0.5340201295962514,-0.4430819748915363,0.6923203144549722,0.675547469863032
2015-12-10,AEP,56.28,56.33,54.81,54.88,3724171,-1.5493251341281815,-1.5514600564094814,-0.5320932741622376,-0.7220099650341629,-0.2281976207425586,-0.0019247297223306,-0.8633407565263242,-0.0918481571574068,-0.3472259358984637,0.5360534510439756,-0.0013024720949228,-1.1716460525371637,0.3788830333207699,-1.905714191662308,0.7169506255104094
2015-12-11,AEP,54.65,55.1,54.4,54.56,2962561,-0.396016669865567,-0.3868656134672926,-0.665208338924079,-0.9127989086374412,-0.2679731458568915,-0.1049520484747418,-0.8038920059868124,-0.0883208408642591,-0.3692444412880478,-0.0030136758466824,-0.0012912965217898,-1.5700498323055536,-1.5501802671465266,-0.1507385209267296,-0.5220680071415583
2015-12-14,AEP,54.56,54.96,54.08,54.54,4001355,-0.0558179043048518,-0.0474801570656558,-0.6626353098068275,-0.7563608441145171,-0.2985374346756608,-0.1636643398197789,-0.7609913379010258,-0.0928919475475767,-0.3061802869728988,0.6326965096070367,-0.0013095027256095,-1.3540188172414869,-0.3965709358495745,-0.0540114867638649,-0.2466235672441231
2015-12-15,AEP,55.1,56.38,54.79,56.04,4354137,1.6792712148850035,1.6551008114559074,0.0482897775623338,-0.1055708794727341,-0.2623977893174483,-0.0389393946068201,-0.7674509910766363,-0.0109997925370196,-0.2118945518854018,0.7688106619338639,-0.0011682335287544,0.365385426263252,-0.0562834216176658,1.2625886769283732,0.7732722116866472
2015-12-16,AEP,56.19,57.19,56.11,57.01,3424188,1.0446323718951382,1.037769293700065,0.4582756614200234,0.2398000145468195,-0.1950298553296998,0.1412216389129988,-0.7187372087952641,-0.059712356079498,0.3554229059809958,0.1331472092925216,-0.0011856704624998,1.2504823931126137,1.6792583354689692,1.0762366406667672,-0.0125109203211021
2015-12-17,AEP,56.97,58.03,56.85,57.42,4305359,0.4147463771275159,0.4189139191482892,0.6025955156626787,0.2605638702208703,-0.125751033834182,0.290269057278659,-0.6285984975619722,-0.0580500051315246,0.3652782304326684,0.7095107108299986,-0.0011724366253385,0.9295241350182236,1.044453932342781,0.5704590033355331,0.121358334074933
2015-12-18,AEP,57.21,57.28,56.03,56.28,5469487,-1.2690490341415508,-1.2664199330240729,0.0681290166458783,-0.1151258855097828,-0.1160706371095591,0.2561016725748558,-0.6298079050614204,-0.009233744099214,-0.1779077377230565,1.36142787100236,-0.0013297772760597,-0.0298599036360659,0.4144036173285906,-1.2544787637411057,0.2597079765597602
2015-12-21,AEP,56.61,56.93,56.18,56.55,3552390,0.265683241323138,0.2715516262999329,0.1947041370000794,-0.2403821384400903,-0.098335422881069,0.2495007264061829,-0.6293237008287091,-0.0073494979487928,-0.1648793993912699,0.1922585003653693,-0.001184326894176,0.1973626318346832,-1.2698310506939965,-0.1063926347554695,-0.4860074636762868
2015-12-22,AEP,56.7,57.33,56.215,57.21,2861976,0.6936229622367469,0.69367012216398,0.4753881933227512,0.3892183733315457,-0.0593177829134545,0.2990005669549803,-0.5702459495101729,-0.0038244291696678,0.1525371673147307,-0.257979625353739,-0.0011966425989631,0.7527954963187485,0.2653015949773884,0.6532497706946016,0.0329560867128028
2015-12-23,AEP,57.34,58.42,57.17,58.25,3181201,1.0987704138355812,1.0906717255290863,0.9033584040701436,0.8580308597125142,0.0107141874196293,0.4184307918549718,-0.4136219390138502,0.0552555359396242,0.4801106433166593,-0.0867423863927038,-0.0011923404222223,1.3126688763022805,0.693352953808082,1.1727089897109326,0.197106555253702
2015-12-24,AEP,58.14,58.545,58.05,58.4,1337101,0.1273250835540785,0.1344576046914595,0.905721611889055,0.6490983276281125,0.0696197007635292,0.4853356630224816,-0.2823181919004751,0.0476520883291598,0.5693594674094057,-1.2086353926785365,-0.0012219156774821,1.3349266081997908,1.0986060974364202,0.3115483294639795,-0.8849244922196188
2015-12-28,AEP,58.16,58.7425,58.05,58.6,2432134,0.1802164141352196,0.1869015299663797,0.9345132139630844,0.5987289272466129,0.1210819732642858,0.5197007861587658,-0.1541574024642188,0.0450070013078257,0.5308823945628827,-0.5476531217000774,-0.0012051681897204,1.3412817829520176,0.1269073433011962,0.5452581649398867,-0.6064511170128689
2015-12-29,AEP,58.8,59.07,58.66,58.89,3159377,0.275106872896901,0.280878124745677,0.9996678978655495,0.8292280577463115,0.1696278241672083,0.539686065680044,-0.0241251982850813,0.0460426599820626,0.5876964588359698,-0.0625490788469869,-0.0011945938460223,1.3229683961328365,0.1798124718022063,0.0893239366359223,-1.0110937693480366
2015-12-30,AEP,58.94,59.14,58.73,58.9,1754815,-0.0224241229466607,-0.0142662557222441,0.9518380240229404,0.7460965362348837,0.2044415029789982,0.5203279147285506,0.0864043240279812,0.0201196088958187,0.3943036329558904,-0.9124869057727738,-0.0012164397050021,1.2852100626699208,0.2747276849221528,-0.0775902428535579,-1.0111922804053772
2015-12-31,AEP,58.82,59.44,57.69,58.27,2457811,-0.6989139314066067,-0.6906122473070118,0.5896312288051759,1.1235351043090618,0.203199055108769,0.4120335445801866,0.0981011815548962,-0.1216327184171068,0.6129035958125393,-0.4561391174758829,-0.0012791565703397,0.7172644986839869,-0.0228809287236853,-0.7327681291996894,0.9116193565308248
2016-01-04,AEP,57.82,58.36,57.53,58.33,4087757,0.0311103967958095,0.0389427448485136,0.5313433680192443,1.322295948752892,0.2005675860660753,0.3218227318750369,0.0486072343529812,-0.1758864115278409,0.8071514735334859,0.5709325555248027,-0.0011812832819415,0.7544754860434147,-0.6995472151067004,0.6400862584127769,-0.4054347656675646
2016-01-05,AEP,58.25,58.975,57.31,58.81,3434514,0.4793279411642729,0.4826498624351263,0.6821091506531818,1.4219133972261095,0.2132188368102774,0.2889915393562461,0.0834357898042812,-0.2570544320986396,0.6136665329065979,0.1152261130260947,-0.0011922169118712,1.0521633849188643,0.0306675567293373,0.7000182077696672,0.7681818054568409
2016-01-06,AEP,58.43,59.345,58.21,59.03,3528292,0.1999025838771726,0.2064098373827797,0.7173225133169112,1.160130047948483,0.2275836999568505,0.267137394165738,0.1329204883356227,-0.2631650386377226,0.5583649642602225,0.1455603785400975,-0.0011917650909979,1.1886036719034438,0.4790020289514416,0.7495018831053913,0.0111134238476318
2016-01-07,AEP,58.47,58.98,58.17,58.35,3847230,-0.7501816351071537,-0.7421714872119299,0.3476718995496022,0.4437311158122577,0.2081110148065452,0.1625568111975415,0.1153844044608033,-0.2311655316519653,0.4816958725902939,0.2881422691974689,-0.0012972562627552,0.7668791484965605,0.1995037771342388,-0.1813740883824956,-0.4344070872478076
2016-01-08,AEP,58.35,58.93,58.13,58.26,2795574,-0.1290238643862737,-0.1203541847201623,0.2597941592551638,0.2290802320022019,0.1853045495838192,0.0703112523063149,0.1032064797449624,-0.2334848004739121,0.3573224197424957,-0.3493590071382129,-0.0012831401597248,0.7110626674574116,-0.7508282931667076,-0.1428488672974862,-0.4469248709399442
2016-01-11,AEP,58.38,59.0,58.21,58.77,2763497,0.5120022254734514,0.5148713380477918,0.4022105475496044,1.197881665056135,0.1834903311260151,0.050548486992791,-0.0084469803143908,-0.441495622724911,0.8735339399799943,-0.344312062972615,-0.0012021504995331,1.0273560600125775,-0.1295084791572162,0.4783973274013697,-0.4710366983029274
2016-01-12,AEP,58.89,58.97,57.46,58.17,4252276,-0.6686064309902227,-0.6601525824446183,0.0462019433291025,0.6603293995355156,0.154956786537699,-0.0340368107550466,-0.2240462682625544,-0.4097075969835952,0.8042687203972658,0.5211329871630674,-0.0013042181850745,0.6552461864182676,0.5116848370990588,-0.9500266088532108,0.5720712758434986
2016-01-13,AEP,58.23,58.54,57.82,57.95,3531494,-0.2684570753653857,-0.2593928828633697,-0.1310678573392107,0.2319242559426128,0.1205991762295836,-0.1166960938570294,-0.5253079470275231,-0.398438692017733,0.7507689956032455,0.1013379563920794,-0.0012949498706225,0.3777109047113161,-0.6692318082818826,-0.3896086656567812,-0.5558550698736734
2016-01-14,AEP,58.28,59.56,57.9,59.14,4091592,1.2454692653746755,1.2337956511791632,0.3362614300428143,0.3029981750537558,0.1369291491438072,-0.0523545536915585,-0.6197755682758367,-0.4934144155232544,0.6449481663980414,0.4514751572563691,-0.001181021070857,1.0473670678512847,-0.2689780644958126,1.0885519329821254,0.7479697463220305
2016-01-15,AEP,58.36,59.09,57.88,58.69,3577308,-0.5067213875623595,-0.4977080592414305,0.0948514308634007,-0.0372224501763194,0.1289778208620772,-0.0633809728443085,-0.6582655569668142,-0.5395606607877276,0.2653138447234029,0.132752886751447,-0.0012954700767316,0.6236045489138538,1.2453432187444196,0.4008953940212591,0.1268979377347785
2016-01-19,AEP,59.0,59.72,58.7,59.57,3620723,0.900503241302519,0.8967089219969707,0.4420918770742,0.2639431879119635,0.153839781822106,0.0122587334736291,-0.626033442181819,-0.4898104308652998,0.3824373913604838,0.1821212866510408,-0.0011882723117756,1.307749421402542,-0.5073045334177394,0.7035905261194358,-0.1643023046630285
2016-01-20,AEP,59.21,59.46,57.1731,57.92,4403294,-1.7574506657250977,-1.763975470614931,-0.3370285661753595,-0.5616140431954778,0.1056917858334278,-0.115155873819674,-0.7806147341064388,-0.3624641168887735,0.2604893120156016,0.7079551151960817,-0.0013076374612673,-0.2473830465066848,0.900287202352059,-1.6723527416501776,1.6992874742491009
2016-01-21,AEP,57.38,58.3841,57.1,57.64,3990496,-0.3339672188045,-0.324825634770074,-0.487004664585725,-0.6565574195868784,0.0541937243582656,-0.2257105705464378,-0.9129448895398428,-0.3549717558901516,0.1156059676167683,0.4331617747041892,-0.0013029601580609,-0.5298167108257703,-1.758360093074406,0.3160233609913779,0.265338093604101
2016-01-22,AEP,58.46,58.57,57.72,58.53,3707636,0.9283095324815172,0.9239482001735958,-0.117061624027557,-0.0955685691172912,0.046179186160783,-0.2022284875632247,-1.003023236740922,-0.3267332235346964,0.171384182330642,0.2280425896849248,-0.0011854859674136,-0.0669594270271766,-0.3345052977623116,0.0641491515270811,-0.3810090121173239
2016-01-25,AEP,58.54,58.56,57.67,57.75,3639702,-0.8626777319102586,-0.8554579916192059,-0.455790621004883,-0.380573922362555,0.0073493565849838,-0.2627608507110562,-0.9732381806725946,-0.3649268156919314,-0.2935417524454067,0.1710084828155152,-0.0012977483191946,-1.056601258784868,0.9281007474415436,-1.0458913762179605,-0.3069366316250124
2016-01-26,AEP,58.0,58.97,57.87,58.2,3176471,0.4521315218722941,0.4558175452791448,-0.2494340601210639,-0.3911633197890611,-0.0073252284040163,-0.2490115574861426,-0.9688159758963576,-0.3477248190194831,-0.2177733521729399,-0.1630301896381505,-0.0011937023652155,-0.4856540481554278,-0.8633537371636193,0.2342068462504754,-0.0161530210215972
2016-01-27,AEP,58.19,58.8,57.68,58.19,3125479,-0.0436933003538685,-0.035418803687318,-0.244766175028165,-0.4741276229407057,-0.0208048137967273,-0.2349362145168216,-0.9648395506842088,-0.3516974386871704,-0.2702326715988724,-0.2118435875971591,-0.0012900918447161,-0.4983417639471997,0.4517985148480828,-0.0263165508545973,0.0127620655970465
2016-01-28,AEP,57.13,59.84,56.75,59.45,4542483,1.3150900069261175,1.3016042055518584,0.3080531524456123,0.161014078041803,0.0162175268584795,-0.0936848518652508,-0.9240470908465712,-0.2236668800287167,-0.0278188119938917,0.5665334876425543,-0.0011726474588684,1.0233218591176196,-0.044155654684925,3.0417762475401258,2.7404381643777604
2016-01-29,AEP,60.0,61.075,59.96,60.97,4726949,1.558799028400587,1.5383863643352955,0.9417135828154818,0.557946772082371,0.1025008512337566,0.1461131623425851,-0.6828123227861299,-0.065199248183264,0.3486717345479904,0.5623961420599893,-0.0011715975184693,1.3621760790295392,1.3149821224672908,1.1951039759063338,-0.0672127297391372
2016-02-01,AEP,61.0,62.56,60.82,61.79,5033460,0.804327078956402,0.8024014268904016,1.2261028933288731,0.6199318566562145,0.1991606843642699,0.3646605286172258,-0.3986244439160778,-0.0781212738681321,0.7197146463838903,0.6371978361490519,-0.0011688781932169,1.0023245725318308,1.5587547210443349,0.9521409946662434,0.7555460624134476
2016-02-02,AEP,61.66,62.295,61.5,62.0,4598952,0.1785946330237414,0.1852941273911656,1.2337097930434129,0.8746039731455424,0.2791153729471024,0.4964996671438442,-0.1755156762229439,-0.079181066132037,0.7565696255024482,0.3893312333420425,-0.0011769995958106,1.1224757124393918,0.8040859502423309,0.3902842755249043,-0.5226790105072415
2016-02-03,AEP,62.38,63.63,62.18,63.31,4944787,1.2824560395795588,1.2698289274400545,1.7097098076361614,1.1608165059356814,0.3878686674078884,0.6760980937380711,0.1620275493215174,-0.0062242980599229,0.956302557726884,0.5216019967821697,-0.0011736924221497,1.288265657428119,0.1781902676118308,1.1000566488766808,0.3174463708745858
2016-02-04,AEP,63.15,63.34,62.03,62.29,4114594,-1.036047665995154,-1.030452915835553,1.1815206180775806,0.6159686197117531,0.4272919977939982,0.6413227009738932,0.3063072020313711,0.0846153722847385,0.6436047279051176,0.0748687171990714,-0.0012987443457677,0.7954364178654221,1.2823396417999005,-1.0552086369670948,0.1613896266502711
2016-02-05,AEP,62.17,63.28,61.5512,62.84,4122987,0.5167217386824179,0.5195240614088446,1.3200207929152106,0.8623927651604316,0.4730319108209695,0.6297611617425888,0.4524165169660621,0.0394730100893309,0.96264485555446,0.0717566714218565,-0.0011854018826972,1.0611776744923676,-1.036768898782629,0.7878976369773966,0.7014780948902719
2016-02-08,AEP,62.23,63.05,61.38,62.49,4545195,-0.3797546860259597,-0.3706001001462032,1.0684224699640972,0.5861000373214668,0.4881830408390021,0.541776929466667,0.5284671394919424,0.0535527628095488,0.8988482212891915,0.2377474358644472,-0.0013046060348613,0.8920696020934029,0.5164055815015755,0.2893425226103327,0.6359002133628191
2016-02-09,AEP,62.4,62.93,61.95,62.37,3166401,-0.1525506037786909,-0.1437924719953312,0.9335475362787105,1.1810734118291142,0.4881445783327687,0.4322917939714602,0.5901091003342793,0.0531839363442338,0.7321585491134953,-0.462410428956597,-0.0012868130436462,0.8340896915566133,-0.3803047096975227,-0.0626395244894401,-0.2818154491545369
2016-02-10,AEP,62.06,63.38,61.55,62.9,4180326,0.4960525359806261,0.499144778308891,1.0573665185878998,1.38922768423913,0.5014955128887012,0.3791677631199907,0.637923445332647,0.0133056088114801,1.0267362052080564,0.0459678551722495,-0.001183541510029,1.0901676297607594,-0.1530413560406239,0.9962986527353892,0.8333783622872464
2016-02-11,AEP,62.53,63.0,61.28,61.31,3288529,-1.6067683740968417,-1.6100420762154548,0.2897837396663265,0.5896224456795996,0.4427014457944897,0.1509685461397908,0.574873049172071,0.1941169438233482,0.684064144016618,-0.3949808161723728,-0.0012882822303836,0.3219338151483244,0.4957309867629508,-1.5003798468049154,0.7467331509631108
2016-02-12,AEP,61.31,61.85,60.4071,60.6,3847273,-0.7539747842683154,-0.7459879126495845,-0.0507162953258346,0.6145747497430096,0.3622918121734141,-0.0872289235808564,0.5517356227096419,0.1602392182824492,0.1950925852343221,-0.1088955802061644,-0.0012969156120964,-0.0211139888610029,-1.6076384925052944,-0.901243438212839,0.3930412112492861
2016-02-16,AEP,60.92,61.56,60.5,61.09,3925122,0.4704105307816942,0.4738531184127295,0.1094946420044434,0.6227457421749724,0.3125518146965553,-0.1988437838881462,0.5083955877204624,0.1496140867537874,0.4330975748060786,-0.0782443212075108,-0.0011863034220327,0.2156373124975475,-0.7546224318580551,0.1845141037297761,-0.1452392576393247
2016-02-17,AEP,61.12,61.28,60.33,61.1,3400740,-0.0228048435921172,-0.0146448251762288,0.0804221640479172,0.6283632994719479,0.2687321480195745,-0.2728968425713091,0.4949302902871426,0.1097305029779201,0.2097334038721715,-0.3362367305679949,-0.0011948124298776,0.2204689717089457,0.4700822922573003,-0.0510389936427044,-0.295516759195407
2016-02-18,AEP,61.29,62.78,60.92,62.45,2926662,1.342590710190209,1.3283686345798342,0.5641475252542192,0.6464743466741962,0.2821858452006748,-0.1847186368860617,0.4168991561956656,-0.0202624198157493,0.9811775619943518,-0.5468651116672588,-0.0012021886968763,0.8727429652478077,-0.0232617486888772,1.4036079194692,0.8908858368922802
2016-02-19,AEP,62.43,62.45,61.59,61.91,2445683,-0.5713361591322904,-0.5624950445390243,0.2379706725031175,0.0995112413170975,0.2668240355745997,-0.1883466908116702,0.2614869361340898,-0.0004007349760232,0.9205099767845912,-0.7679925925854513,-0.0012760824146136,0.61183336783226,1.342489999922234,-0.6556122145330318,-0.4336249985556648
2016-02-22,AEP,62.01,62.88,61.85,62.85,2213514,0.91228832536477,0.908255153293807,0.546721913249799,0.132324899017199,0.2866435948218356,-0.1006928961059835,0.1893260674214906,-0.0018785159414043,0.9165123535372712,-0.8664270601743899,-0.001212135705482,1.066009333703766,-0.571936161236713,0.9971232094226984,-0.2255150689009051
2016-02-23,AEP,62.47,62.935,62.1,62.76,1943760,-0.1221483640520559,-0.1135062088039124,0.3988015486514252,0.0442660762746649,0.2937266933861774,-0.0633532908859337,-0.0113939949649868,-0.0696433777949356,1.1066289046054971,-0.986344464791936,-0.0012692635242221,1.0225244008011731,0.9120753608244968,0.324412082033769,-0.4825027159030527
2016-02-24,AEP,62.78,63.3,62.395,63.01,1800768,0.2150044249955344,0.221371069985046,0.4008176746121379,-0.292495109331379,0.3039787896891867,-0.0253246610836402,-0.2095658835118556,-0.0730120439413611,1.0463083283492869,-1.0456708448146386,-0.0012178699078682,1.1433158810861477,-0.1226311851906275,0.2504739968820683,-0.3943158433395025
2016-02-25,AEP,63.17,63.9,63.02,63.89,1763109,0.8365020207278379,0.8339672133308788,0.650016706347787,0.3722294370027567,0.3411083799526202,0.0742804495266089,-0.4394951844115513,-0.0551393158480146,1.271143642391281,-1.047932829677441,-0.0012186050864297,1.438229547245415,0.2146095579151377,0.8348087509585791,-0.4434141148102826
2016-02-26,AEP,63.28,63.77,61.42,61.47,3320851,-2.391181216733963,-2.4156016954737543,-0.4154843824805034,-0.5820370573547131,0.2704791667224622,-0.1234047671513538,-0.6208420435538644,0.2618627342315286,0.3315445814401591,-0.1350813632705302,-0.0012877177308264,-0.6073144295292622,0.8362692855872214,-2.1873268406847326,1.5947997215184746
2016-02-29,AEP,61.47,62.39,61.44,61.75,3225053,0.250593520956793,0.2566145152607292,-0.3136237968864114,-0.4027503572059326,0.2212776917344286,-0.2263983111287656,-0.6605053174563683,0.1325927429852997,0.0204106773874347,-0.1496857035019775,-0.0011982776969477,-0.5590793165750011,-2.3922559672707444,0.3178269312493834,-0.3091568343310747
2016-03-01,AEP,62.07,62.27,61.25,61.73,2059580,-0.0531605896099496,-0.0448365037672868,-0.320805600214773,-0.3756944192624179,0.1777528913326607,-0.2941814836474158,-0.658805231354396,0.0931348033390173,-0.1817380432733251,-0.7796835426804231,-0.0012706362464785,-0.5777021823309844,0.2502079381104832,-0.4401655431948596,-0.214235345965934
2016-03-02,AEP,61.51,61.9699,60.15,61.89,2801742,0.128372594560034,0.1354966861289824,-0.2509911341614187,-0.4948363941531092,0.1461749211157512,-0.3176570864265959,-0.6569788514060072,0.0920138087096441,-0.1935337311163776,-0.2757312339222035,-0.0012043316270394,-0.3388825518762889,-0.0536254137011179,0.4404315935280853,0.8593471230768326
2016-03-03,AEP,61.78,61.85,60.66,61.77,3879083,-0.153709639752774,-0.1449473797572173,-0.269319730686075,-0.0249055670149447,0.1134228686217215,-0.3394596362198724,-0.6926865537881617,-0.0213180795239783,-0.5247236130874464,0.445738891943132,-0.0012951182545642,-0.4452563610744464,0.1279551275744861,-0.0385457164681381,0.0142390348236629
2016-03-04,AEP,61.46,62.7064,61.02,62.43,3857860,0.6322185392546162,0.633277532219365,0.0065388992697681,0.4677600048622224,0.1104717578351894,-0.2801945651111406,-0.6906730525869826,-0.0515787410817623,-0.1344681692895677,0.442253376454838,-0.0011895828452128,0.1397995895154295,-0.1542006943758939,1.1660887795335553,0.6599339076687876
2016-03-07,AEP,62.41,63.4,62.17,63.24,2929068,0.7747728240610424,0.7733925242265526,0.3401044657464242,0.5536557145049145,0.1367386640887929,-0.1575758353397679,-0.6680962738251305,-0.0294562969078867,-0.0739915931352757,-0.1197374542542237,-0.0012031307124694,0.8578228016030104,0.6319325120701628,0.9784580314750062,0.0296320906941957
2016-03-08,AEP,63.24,63.92,62.91,63.61,2701369,0.3312587620475095,0.3364221276034365,0.4721688586096497,0.6428969122762666,0.1684787025184108,-0.0453931035194732,-0.6099240300498845,-0.0326366796317367,0.0957481336691315,-0.2145042419720923,-0.0012067206460333,1.169537564763926,0.7745239854399533,0.4157163477756006,-0.2680371863509487
2016-03-09,AEP,63.68,64.63,63.545,64.3,2324118,0.6423387450951105,0.6432350305761247,0.7212652273723558,0.4733241786414748,0.2165953802848539,0.0865062696722053,-0.4972657311917014,-0.0124917772298892,0.286988988565101,-0.4474918319393889,-0.0012121428171132,1.1980171657294891,0.3308942225843128,0.7092692971273631,-0.185027907960388
2016-03-10,AEP,64.3,64.44,63.475,64.13,1951529,-0.1975973863605434,-0.1886946676689549,0.6230117936539084,0.6432005118746419,0.243534285538074,0.1375145463437174,-0.4260568856376514,-0.0212770773283905,0.1197163079589671,-0.6506798861689219,-0.001268095037224,1.0718763484604648,0.6420553579990744,-0.2260646609211609,-0.3372473492721035
2016-03-11,AEP,64.56,64.69,64.09,64.23,2094705,0.0640849447832952,0.0716940475593708,0.601963158777175,0.3902172807284176,0.2640788487996532,0.1618622414705812,-0.3830255432601991,-0.2130398090040056,0.5319966205620307,-0.5162145324703442,-0.0012152085323342,1.106067406989466,-0.1980998901116068,-0.4125013263030947,-0.8128011593077655
2016-03-14,AEP,63.89,64.38,63.72,64.22,1540632,-0.042689027248902,-0.0344198749441429,0.5199181315282514,0.4308584031518095,0.2750996892191804,0.1568264989238544,-0.4183394910115903,-0.2683084397282602,0.7098383845510309,-0.8715767827360636,-0.0012627364920091,1.0987454212241703,0.0636507068859469,0.363918057111516,-0.7348155353259264
2016-03-15,AEP,64.26,64.7,63.87,64.41,1599154,0.1511993341630225,0.1581354043410147,0.5282491179664824,0.4105686434552382,0.2863147564609123,0.153297841383288,-0.4249987683031734,-0.2762108921146806,0.6306789579788987,-0.7712783002548894,-0.0012217692423199,1.2310078410152283,-0.0431511195922248,0.1500414910699258,-0.5173771025564071
2016-03-16,AEP,64.33,65.25,63.7301,65.13,2907997,0.6629484841797333,0.66350846688429,0.7419787547142578,0.3546912893702369,0.318174969330593,0.2036151647989363,-0.3990828737832856,-0.2592713043289614,0.8012103589436249,0.2932617523373075,-0.0012049162013758,1.3646627160177656,0.1507878220574229,0.9132361948064602,0.3535520696605922
2016-03-17,AEP,65.2,65.63,64.85,65.43,2374067,0.2537752029113572,0.2597643192062822,0.8026452980809158,2.3474823773190723,0.3495060785101028,0.2425071197412714,-0.2969231127716991,-0.3680805305606598,0.5333383835882443,-0.1147154227151093,-0.0012122697120418,1.3215582581256486,0.6626704736080782,0.2402004826869426,-0.5978060905491447
2016-03-18,AEP,65.64,65.68,64.78,64.79,5079284,-0.641969663701103,-0.633394446848286,0.4757545491524785,1.6168721722137298,0.3434928927797739,0.1774971114648837,-0.2912817974418434,-0.3600491382418598,0.5157287135534948,1.8763280962020203,-0.0013071263031111,0.9078838935448178,0.253390450079951,-1.0046684305986424,-0.4336333094771565
2016-03-21,AEP,64.39,65.0344,64.02,64.8,2291317,-0.0233868383135474,-0.0152235359179589,0.4386455309570815,1.6383774042667427,0.3335795193163642,0.1154500887590544,-0.2594994683205875,-0.4132498055133501,0.2881916510948262,-0.278248667312488,-0.0012129588826755,0.9138950717318692,-0.6425880921794775,0.4547555397773712,-0.2866793376754012
2016-03-22,AEP,65.01,65.34,64.57,64.77,2772264,-0.0618192085603037,-0.0534510236461381,0.3838673274308898,1.5715185365210167,0.3191671307979433,0.0542320832916057,-0.24028767229102,-0.4148174378808543,0.3028857738668655,0.0592009670932692,-0.0012783214764222,0.895861537170698,-0.023843895237014,-0.3052340779814009,-0.6005494414596839
2016-03-23,AEP,64.64,65.3064,64.4,65.08,3702591,0.2649812863378166,0.2708568504209895,0.468191193839276,1.7576380811235977,0.3146225420010757,0.030657225530549,-0.20678327271554,-0.4134330511219589,0.3150045215292303,0.6682445887781787,-0.0011945268209878,1.0822080609694644,-0.0622862914513385,0.4879592144703817,-0.4305962592666775
2016-03-24,AEP,65.02,65.4,64.715,65.06,3985109,-0.0521288142559277,-0.0438100632467928,0.435314108448101,1.5842478775108852,0.3050215715181258,-0.0012177000946068,-0.173066993424405,-0.4639890956296927,0.1014737927579124,0.7621946875392878,-0.0012936822532091,1.070185704595353,0.264599456870967,0.0201625541349331,-0.7138494355242501
2016-03-28,AEP,65.39,65.76,64.88,65.0,3282563,-0.0904120013965361,-0.0819067078718969,0.3366261557137247,1.243516859718799,0.290012175869049,-0.0406388338683835,-0.2528214001942676,-1.1400021125509174,0.6759185244979933,0.2689856951252312,-0.0012854816061991,0.9925439984573584,-0.0525933691847682,-0.4769236194061093,-0.4630168818613974
2016-03-29,AEP,65.14,66.07,64.82,66.03,3495850,0.9535543973103876,0.9486679091693668,0.6691944984541323,1.4769688299296075,0.3133452326192015,0.0265170715376452,-0.274773469708223,-1.045582430688794,0.8504733650806056,0.4077126687484204,-0.0011964437698318,1.4204180661290895,-0.0908865433751009,1.005938419867208,-0.0136156758410436
2016-03-30,AEP,66.06,66.37,65.7,66.02,2278475,-0.0424247932407973,-0.0341570497675082,0.5749526975902965,1.218737362732298,0.3259893498879527,0.0527286496433219,-0.3371470350747222,-1.0462750580123168,0.8531823315714419,-0.4521842401170508,-0.0012723683306497,1.255826736420394,0.9533521979739344,-0.0720639230377532,-0.7455442002816143
2016-03-31,AEP,66.01,66.49,65.77,66.4,2924650,0.3253507344318012,0.33058040375484,0.6353500211983185,1.5664806238217932,0.3452886314054992,0.0908281903381706,-0.3957602094285422,-1.043779553323387,0.9027498773628366,-0.0050136391987559,-0.0012042265836286,1.391562056074569,-0.0428868166526028,0.4200581834672229,-0.6876278347821959
2016-04-01,AEP,66.1,67.14,66.09,67.01,2097787,0.5389527954141582,0.5414358064556362,0.7732335516984898,1.7070773401444204,0.3785307787744897,0.1571965195745954,-0.4666721958466486,-1.0462002547417284,1.0783951480061515,-0.5351757796392671,-0.0012154838576998,1.3722670528681298,0.3249846537237402,1.0138063613394808,-0.2854307164708611
2016-04-04,AEP,67.07,67.19,66.21,66.58,1795408,-0.4325029244781938,-0.4233753429976524,0.5130242370237853,1.2779970615682528,0.38185457736548,0.1332818682420255,-0.5501903136802183,-1.017500338514,0.8088033722655505,-0.703481706259531,-0.0012657831419239,1.038944342264615,0.5386424377156888,-0.5782827761211837,-0.3646185516745392
2016-04-05,AEP,66.54,66.62,65.36,65.4,2580812,-1.1363977289682194,-1.1319700073608012,-0.0071282026938039,0.3200741079175759,0.3325198461837948,-0.0213920019625671,-0.6359790866459561,-0.8701880728630744,0.3341509275739002,-0.1044900898888708,-0.0012761551264632,0.0526252587297935,-0.4330667087407534,-1.3207114273640037,0.0143256815010461
2016-04-06,AEP,65.33,65.69,64.98,65.63,2024229,0.1859542417292261,0.1925881516350961,0.0446073986146555,0.09215459084071,0.2973497092471172,-0.1086716763776318,-0.700554468513352,-0.8767045937801404,0.2989093107343499,-0.5034174051095467,-0.001216155576638,0.0469909464296819,-1.1371451403772666,0.3206226125946725,-0.6897238674321646
2016-04-07,AEP,65.47,65.98,65.37,65.5,1523518,-0.1563168547965547,-0.1475453872516801,-0.0319307128843216,-0.1483110868121086,0.2596714201765827,-0.1849513563253573,-0.7265830984872674,-0.9148870294900432,0.1066110661815077,-0.8667990349559226,-0.00126250445646,-0.0693330373839141,0.1855517962404875,0.0083031765749762,-0.8151723850510616
2016-04-08,AEP,65.87,66.3533,65.74,66.01,2137818,0.451761195486857,0.4554520965169448,0.134949191949046,0.5386643278959679,0.2453580021731409,-0.1858343243741068,-0.7578578592095964,-0.90136394126171,0.2630659022203935,-0.3979100441485457,-0.001214731762593,0.3124654339847825,-0.1568085895716742,0.13426110092111,-0.8170025992030904
2016-04-11,AEP,66.05,66.47,65.6,65.68,1679466,-0.3442390725098225,-0.3350916277552556,-0.0267410252460745,0.3039440256883193,0.2168315187353642,-0.2231248845686318,-0.8019133153785858,-0.8827454188448247,0.1640736777446048,-0.740570167545863,-0.0012644681676195,-0.0036671041581621,0.451428091854492,-0.4495438106482869,-0.4873874263367474
2016-04-12,AEP,65.75,66.38,65.62,66.31,1773644,0.5641806260120092,0.566291892599722,0.1835068499861895,0.5853209235958168,0.214845378821598,-0.1846429453752507,-0.8368731734096267,-0.8530299252294505,0.3104876795822335,-0.6735992333347723,-0.0012195476676044,0.5973977403285601,-0.3447798311168842,0.6171663341623366,-0.6361278044886707
2016-04-13,AEP,66.4,66.4,65.41,65.79,1943409,-0.5212207376567468,-0.5122401554613556,-0.0523845498767455,0.1556463156628003,0.1889323861192036,-0.2154447012069104,-0.8869234740691887,-0.8166266287141052,0.1471859649791002,-0.5522286836300849,-0.0012678767794373,0.097795324226914,0.5638768495732894,-0.7203916856119269,-0.3372206824898143
2016-04-14,AEP,65.61,65.98,65.46,65.59,1122251,-0.2222589629440253,-0.2132908884006567,-0.1415664911633953,0.0608641791940819,0.1570188710990868,-0.2555313470213722,-0.8968034436393074,-0.8587523001787907,-0.0637488247560662,-1.1524021176074133,-0.0012573754393485,-0.2349415821629399,-0.5218076660010253,-0.0493471209385647,-0.930594415134698
2016-04-15,AEP,65.78,66.18,65.58,66.05,1960818,0.403636023564331,0.4079424253140613,0.029882438319602,0.2762311552247623,0.1464464869153532,-0.232668960279448,-0.8932160221131267,-0.8470951636085665,-0.0283105015794321,-0.4732498028290389,-0.0012169468404606,0.2474317639643552,-0.2227679002344572,0.2837926311661781,-0.8342532619989277
2016-04-18,AEP,65.82,66.31,65.49,66.24,1757190,0.1460959648927253,0.1530747893506121,0.0766212415360054,-0.0824945835415742,0.1422099189528667,-0.198070769001057,-0.916244590920633,-0.8967555837586605,0.1612079831717341,-0.5371564946921167,-0.0012198345153909,0.446672928669108,0.4032903653741855,0.4557823517190513,-0.5596284797420099
2016-04-19,AEP,66.37,66.43,65.52,65.84,2621241,-0.4089503757725791,-0.399805177838594,-0.1038224462946382,-0.2745321879486875,0.1200303808965716,-0.2165771121184806,-0.955807939282976,-0.8741399961648676,0.0682331042851873,0.1882768915960126,-0.0012765519714711,-0.1655961852792862,0.1456831214558946,-0.6296380234333108,-0.4394377828398129
2016-04-20,AEP,65.86,66.11,63.56,63.7,4650565,-2.0565713809459587,-2.0706885655508187,-0.9367245353093296,-1.1884013081059606,0.0163473066102003,-0.441170885816618,-0.8288203933561733,-0.4687390352097128,-0.4100986570561502,1.7658546693879915,-0.0013034940694106,-1.7530974366981062,-0.4095080158111954,-2.5041764953826124,1.744927133548339
2016-04-21,AEP,63.6,63.6,62.01,62.26,4528346,-1.440399088545474,-1.440526585173486,-1.4581455044898215,-1.7811917207702133,-0.1227752477721649,-0.7120665164652018,-0.5096155157192208,-0.3406282764841122,-0.8038640062850916,1.6046529876299918,-0.0013032219851734,-1.7208693133653177,-2.0575588408124004,-1.6181308922858888,0.5370404770809224
2016-04-22,AEP,62.5,62.99,62.34,62.74,3059939,0.446988826837763,0.4507423924201087,-1.2216633656813458,-1.4688792737412473,-0.2133766384326853,-0.8038903808372051,-0.3417620204267434,-0.3136079564478508,-0.6911903662906435,0.4677593447454839,-0.001200906772088,-1.4128370473474778,-1.4412258056999698,0.26380230416161,-0.7278945314270966
2016-04-25,AEP,62.68,62.84,62.46,62.81,2469485,0.0364662238418433,0.0442634902530672,-1.151451771337766,-1.176209760441113,-0.2808823025046419,-0.8179014696798917,-0.2117032307104172,-0.3114481832050649,-0.6623006950231115,0.0170784148301157,-0.001209473600731,-1.3679156752198764,0.4466544782232908,0.1303798765682057,-1.0871123630925412
2016-04-26,AEP,62.92,63.25,62.73,62.9,1977520,0.0562130538257323,0.0638770251745418,-1.0547367517719357,-1.2487667852850215,-0.32874558610958,-0.7785511915679578,-0.1165971853265613,-0.4048627616026489,-0.8636589880652211,-0.3401396389391455,-0.0012164095841418,-1.3101596253415344,0.0360247809660184,-0.0503317400346615,-0.9023374627270252
2016-04-27,AEP,63.0,64.42,62.9,63.93,3967646,0.9864916934115112,0.98090519669506,-0.5989887716197113,-0.7338513366551455,-0.3241013844589994,-0.6119176059268621,-0.1005387166312312,-0.3038441894216523,-0.6324101289514591,1.25596689868777,-0.0011904380445434,-0.6491737211782576,0.0557767623646061,1.0889717062761508,0.3901887855373555
2016-04-28,AEP,61.85,63.41,61.42,63.06,5010186,-0.8802429165659051,-0.8731653145815254,-0.8842854911014927,-1.1711275546588549,-0.3522953183092445,-0.5631355328972426,-0.0629662202967173,-0.2823290040106936,-0.9062280851233708,1.9516404012133732,-0.0013074940578257,-0.9364747572763504,0.9862980865261708,1.4517377748393203,1.0386841835864604
2016-04-29,AEP,62.73,63.63,62.09,63.5,2992844,0.4014082782196944,0.4057422888281702,-0.6369739286563304,-0.9058630717170169,-0.354927493081114,-0.458314346641656,-0.1052631726663763,-0.29602709195564,-0.936761964029766,0.3012885477374913,-0.0012030842306674,-0.6829843107469412,-0.8809235041016115,0.9010686647290496,0.4298559923894086
2016-05-02,AEP,63.6,64.4231,63.41,64.36,5027977,0.8101836774014901,0.8081483428458451,-0.2437656715141705,-0.8141814030607881,-0.3211616563512819,-0.2807695426095708,-0.1610680197407087,-0.2310125625111813,-0.657175656993072,1.6638345517024042,-0.0011770766065117,-0.0018616852340465,0.4010620388709466,0.8765035233900109,-0.2794434692891821
2016-05-03,AEP,64.32,64.7,64.07,64.5,4468638,0.1024316332969832,0.1097593453465292,-0.1687144126927023,-0.6204177747428659,-0.2872767908811814,-0.1384273214554855,-0.1700763038654618,-0.3071386650104897,-0.3695854293230632,1.1415980066574916,-0.0011857254705829,0.1461188257054181,0.8099440765158014,0.1851156837362783,-0.7772969014291667
2016-05-04,AEP,64.38,65.71,64.17,65.39,3535946,0.8260683503395339,0.8237328424780761,0.1976904786553074,-0.2510209462328407,-0.2245044716116979,0.0498022642609917,-0.1776028186752359,-0.2533875524334411,-0.2211836674395461,0.4111847645247857,-0.0011985261812851,0.7319646808190466,0.1020073990151526,1.1589475530918945,0.3714368152812111
2016-05-05,AEP,65.19,65.96,64.78,65.16,2817279,-0.2519798115892919,-0.2429459625251368,0.1112256264441827,-0.4718719597312618,-0.1833908752086974,0.1446367530224272,-0.1862937945266381,-0.2511137543998267,-0.2437124739302112,-0.130405381573935,-0.0012773598396815,0.5805663137672076,0.8258328933360644,-0.0610849747664579,-0.0820818204549853
2016-05-06,AEP,64.59,64.78,63.65,64.56,3189447,-0.606274473057018,-0.5975547357408071,-0.1030949219066929,-0.7003514925892681,-0.174110534007678,0.1385660931389167,-0.2241222178027684,-0.2501654486503852,-0.4900871118336662,0.0847865273168923,-0.0012824332914162,0.1856140518928552,-0.2524965022465523,-0.0614079513007065,-0.1326006821025743
2016-05-09,AEP,64.62,65.38,64.32,65.29,3933029,0.6709749509687843,0.6714021648158429,0.2018895131510459,-0.3508818807687645,-0.1381300489483413,0.2024352758907135,-0.2381743604456054,-0.2154544106459837,-0.2546839276689129,0.4869415068802193,-0.0011930116740851,0.6864781628347142,-0.6068835896240679,0.757027554028025,-0.2382635413836493
2016-05-10,AEP,65.54,65.5599,64.92,65.05,2757725,-0.2618508293843589,-0.252798277837392,0.1301106506132365,0.3014713370599686,-0.1193806010819112,0.2091782289832848,-0.2966880122831912,-0.2415992545627766,-0.4465457537108959,-0.2968245782561531,-0.0012769419660109,0.5272359334961458,0.6706990342855674,-0.5911681640470143,-0.7714958306025673
2016-05-11,AEP,65.05,65.34,64.53,65.21,2100751,0.1201367163606307,0.1273266135282349,0.2072391713397005,1.083615735701565,-0.098782069180834,0.2193321019312534,-0.3215035866049832,-0.2536627225984608,-0.2969525344618851,-0.716384328578986,-0.0012163053370488,0.6333974197218519,-0.2623700951236046,0.1595141274801443,-0.5561131034335854
2016-05-12,AEP,65.12,65.85,64.78,65.66,2146037,0.3966331069921581,0.4010260337715952,0.3891565120613293,1.076231316086901,-0.06568649716356,0.2596223664169815,-0.3180843612923349,-0.2420790291007246,-0.1518029374200858,-0.7091340639614854,-0.0012159903497225,0.9319765997316584,0.1197171008568627,0.6001878101198073,-0.2331953680790581
2016-05-13,AEP,65.57,65.8,64.92,65.61,2781376,-0.0804054532699262,-0.0719466557104416,0.3779174270114359,1.027814707797069,-0.0426305210172472,0.26601283106149,-0.3436908035757967,-0.2561874053653138,-0.265313161492883,-0.335457166821653,-0.0012770071178314,0.8988011352861263,0.396285621930186,0.0197726882245436,-0.4735071619907507
2016-05-16,AEP,65.43,65.97,65.02,65.93,2341565,0.2706554125121689,0.2764727224077414,0.5148229584479341,1.084563444696142,-0.0133074319566918,0.2872566435324197,-0.3657144230748759,-0.2515255175889774,-0.2362092919635554,-0.6183250339958848,-0.001213472671122,1.111124107737548,-0.080877384810302,0.5510316469176022,-0.3904469651107891
2016-05-17,AEP,65.87,65.89,64.18,64.51,3411796,-1.3739093336323367,-1.372909033926598,-0.036922457594961,0.0419434567233346,-0.0471067898990108,0.1417756015524037,-0.4129996868719867,-0.1386814025396079,-0.4641523880390067,0.0089420265607635,-0.0012848634701776,0.3088296136197573,0.2702750632716137,-1.5862137395328912,0.617835442940479
2016-05-18,AEP,64.03,64.52,62.97,63.3,4397849,-1.2007564735784468,-1.1971649315468331,-0.5227205809129815,-0.0976297739893622,-0.1218053805999969,-0.0798831530878623,-0.3985458849423259,-0.3326154486300255,-0.2597001805972704,0.6123297053681905,-0.0012978847967236,-0.5077948093393052,-1.3747187054052676,-0.8876753384095472,0.4494080392880465
2016-05-19,AEP,63.18,63.87,62.61,63.85,2869700,0.5079505702850831,0.5108767423454044,-0.3303762099467956,-0.0576227419139953,-0.159219709126797,-0.1612411077979484,-0.4927361575164924,-0.4800085835668903,0.2075891237558318,-0.2667015712481808,-0.001205974856236,-0.1059706674506484,-1.2015206744460163,0.7748815507205065,0.0533038623437396
2016-05-20,AEP,64.05,64.1,63.35,63.8,2226237,-0.0817494005290557,-0.0732842651072877,-0.3721669243452891,-0.4233647146905714,-0.1903406270026136,-0.2101283408890286,-0.5524516230406556,-0.4933410942723486,0.08065410686094,-0.6474250264927081,-0.0012708337610776,-0.1425001348950746,0.5076321249432627,-0.3212103258759481,-0.6116116038362451
2016-05-23,AEP,63.8,63.87,62.91,62.95,2521134,-0.8624526554935712,-0.8552311267308925,-0.7212568518477422,-0.7782730476904388,-0.2473018623451717,-0.3157506596901625,-0.5636432408373551,-0.430763022116333,-0.1347414468858112,-0.4636656381675832,-0.0012748853947079,-0.7635010814502622,-0.0822216826689794,-1.0328842214878124,-0.3203592471112843
2016-05-24,AEP,63.25,63.8,63.04,63.63,2288258,0.6395292230171418,0.6404708391246642,-0.4589213007143523,-0.8767471880313269,-0.2643313158202934,-0.2974647956145497,-0.6097379947921417,-0.3969235217800475,0.0029710812631016,-0.6165422284957948,-0.0012131617842443,-0.2667003242061092,-0.8631286020305727,0.4275914074217474,-0.5958963801895092
2016-05-25,AEP,63.29,63.78,63.0,63.43,2407886,-0.2286837296730411,-0.2197002334227193,-0.5303300819931024,-0.8677246065341113,-0.2841193946715759,-0.2899367585836224,-0.5887228490738666,-0.478002166522685,-0.2823412506540597,-0.504842233426127,-0.0012734729856668,-0.4128181939838035,0.639245102992664,0.140807006144389,-0.5664796580555392
2016-05-26,AEP,63.33,64.375,63.32,64.33,3277293,0.850375133816037,0.8475727085719388,-0.1895561166754422,-0.2757613287897497,-0.2630454378958976,-0.1787361526793055,-0.6433597035970096,-0.4792073583018259,0.128303543282566,0.1100221755731827,-0.0012003673510258,0.0378123291501804,-0.2291943430116179,1.1666691614534723,-0.2245493544401187
2016-05-27,AEP,64.26,64.57,63.86,64.31,2135616,-0.052351876255045,-0.0440319704536851,-0.2141143226224146,-0.5956786993811816,-0.2459917874328778,-0.1001238671966085,-0.6725107674601181,-0.4911407640339303,0.0198632882376154,-0.6205858289058823,-0.0012698855743364,-0.1994252216626285,0.8501460177959952,0.0324694631202436,-0.6712180045937227
2016-05-31,AEP,64.22,64.84,64.03,64.73,3362423,0.3736028645739037,0.3782748932656637,-0.050867194288956,-0.3185037620625748,-0.2151631545498784,-0.0017774711924457,-0.6728687808508409,-0.5364436782957058,-0.0830452635446614,0.2605347712779119,-0.0011994971626531,0.2160974705176847,-0.0528164893747375,0.5736742687006832,-0.5484365827947454
2016-06-01,AEP,64.74,65.04,64.5201,64.89,1938589,0.1208937452963959,0.1280776387114888,0.0062115815432121,-0.3185037620625748,-0.1840093346333432,0.0777366714372357,-0.6702714854754819,-0.5360387324663414,-0.0786745572763947,-0.655861411778523,-0.0012181772973654,0.3743918294435146,0.3732493715435943,0.1487339244940423,-0.9235952388139052
2016-06-02,AEP,64.69,64.84,64.04,64.68,1948908,-0.2344783650535629,-0.2254815287405344,-0.064675369828531,-0.5991447852801257,-0.1673514071596631,0.104035807934283,-0.6895975957999251,-0.6004879910595678,-0.3269424667341526,-0.6080883215254765,-0.0012671548069554,0.1666304833533646,0.1204743272810343,-0.0379956025102476,-0.5605154978391991
2016-06-03,AEP,65.2,66.22,65.2,65.81,2307491,1.0546907592580297,1.0476015346499823,0.3813449846488643,-0.1164196418618888,-0.1101049356807671,0.2295493306851779,-0.6549701294106403,-0.4988519955225046,-0.0209720818963985,-0.3278994049095548,-0.0012135077229384,1.0653401288268445,-0.2349904900560319,0.680532972885996,-0.2996102325874451
2016-06-06,AEP,65.93,66.06,65.45,65.7,1960499,-0.1370590141023562,-0.128358127532919,0.313090247483114,-0.2746643623984495,-0.0699555496237295,0.2859525453297779,-0.6222606463997142,-0.5304393794143749,0.0918580324883076,-0.552254156257918,-0.0012672604075115,0.9640492786554666,1.0545149436673185,-0.2898826146633098,-0.8175350989385283
2016-06-07,AEP,65.95,66.22,65.67,65.84,2182122,0.0996694858646053,0.10701824873227,0.3585687947185549,0.402068095418264,-0.0339320754981587,0.3204550907598485,-0.5954063665131667,-0.5689361170456504,-0.0437581224026053,-0.3269863983618259,-0.0012151378795075,1.0929649061463118,-0.1375457250268781,-0.1523316587795657,-0.8951289928704282
2016-06-08,AEP,65.75,66.2,65.68,66.2,1555708,0.3074184997716307,0.3128460404153064,0.4808165405384791,1.2893107069772165,0.007007891949265,0.3607120962788139,-0.5408451922029837,-0.5676362839569628,0.0921622808188978,-0.7906113066994137,-0.0012232459199079,1.4244622339799118,0.0992445310130988,0.4907679103197256,-0.9366827079442168
2016-06-09,AEP,66.21,67.01,66.11,66.96,1803086,0.6817487983216969,0.6819962160691383,0.7523562653309147,1.3407802277935874,0.0668961138393996,0.4416901814426139,-0.4329212082299378,-0.5310734117332316,0.2266567975206166,-0.5825962587192727,-0.0012203081598287,1.4051039619946677,0.3070477410277897,0.8295033988562098,-0.4711510600014469
2016-06-10,AEP,66.88,67.34,66.55,66.85,1768758,-0.1352717916306082,-0.126577756797032,0.6829744782243162,1.2963883568782744,0.1070981413921822,0.4558007242395709,-0.3609263487021181,-0.5397171909018862,0.0986971886792277,-0.5994922947119907,-0.0012645070317141,1.0985132229440804,0.681475692244317,-0.0602064066383023,-0.6064431390830195
2016-06-13,AEP,66.92,67.2,66.48,66.55,2802353,-0.3123888814895972,-0.3032651512912288,0.5420946443761003,1.739567201516192,0.1240260143212464,0.407181885131303,-0.3159074424589014,-0.5307867843220123,0.0429384831059064,0.2437863992812119,-0.0012775184972729,0.8876771846284909,-0.1357580363170495,-0.4440416032959343,-0.689664715463567
2016-06-14,AEP,66.55,66.83,66.09,66.83,2090380,0.2289461132157915,0.235179743001315,0.6365849693330621,1.6597358043782269,0.1450923778044165,0.3789392172884344,-0.265664172917429,-0.5325353179170668,0.0330068143779267,-0.3288088495457357,-0.0012164131321468,1.0844574870563772,-0.3129213312419056,0.291557225928749,-0.6685012767276013
2016-06-15,AEP,66.91,67.0,65.95,66.24,2131198,-0.5826330642122771,-0.5738290239796233,0.3626104808154934,1.3190977354141338,0.1353118699253392,0.2769457671447367,-0.2426841516596759,-0.6827207571708607,0.2263802920593952,-0.2486291925763093,-0.0012692663112759,0.6698132783690449,0.2285548831453695,-0.7828506422836076,-0.2702504968290734
2016-06-16,AEP,66.37,67.04,66.25,66.88,2217568,0.5685308893017166,0.5705770441259321,0.5467894679354318,1.247594266446851,0.1493308180793031,0.256610397160348,-0.2519619328950023,-0.83843152292853,0.663136751324393,-0.0869080378495462,-0.0012148080246653,1.1195968267756409,-0.583236013374173,0.5542380737022662,-0.6068849217196826
2016-06-17,AEP,67.03,67.28,66.47,67.21,2620759,0.2741982209215431,0.2799788998051215,0.6100967114629274,1.3533526706255166,0.169775092278354,0.2568807798033753,-0.2272755872057694,-0.8522868958619114,0.6053782794433356,0.2816086362301176,-0.001210063389778,1.3453294068503228,0.5682282477292143,0.1765675507250542,-0.5869183643664898
2016-06-20,AEP,67.11,67.28,66.34,66.79,2036738,-0.4220508823524306,-0.4129143757143194,0.3803784219430018,0.9066047655892452,0.1658401206760177,0.1943453269043631,-0.2490281385631071,-0.8232562041100571,0.5208111860212686,-0.2291387512161279,-0.0012677844155409,1.03016998343592,0.2738187959040318,-0.3865694379258223,-0.4183877160059311
2016-06-21,AEP,66.93,67.15,66.4,66.77,1383668,-0.0516389648958741,-0.0433227526283738,0.2946763035822503,0.8367954809574676,0.1584122966711086,0.1353264226290409,-0.3681318316055788,-0.9374142729961435,0.7237481362293122,-0.7794189873912425,-0.001259899366871,1.0062926977361475,-0.4226119399594469,-0.2069274222975381,-0.6551902396149595
2016-06-22,AEP,66.9,66.9599,66.415,66.5,1458274,-0.2847508749315261,-0.2756609740855092,0.1290301631424114,0.7931449801831969,0.1386057716349159,0.0562487358488351,-0.4608368424382713,-0.9488118819123296,0.4949526765269065,-0.685722996959841,-0.0012609391867579,0.7994887772040143,-0.0521033920362445,-0.4780462080173545,-0.908430151037094
2016-06-23,AEP,66.61,66.63,66.0978,66.59,1830959,0.051262955066686,0.0589609240693246,0.1014072422785248,0.3309632072791877,0.1233331174837583,0.0046566920339077,-0.6055008067267286,-0.9634134848162136,0.5641878221294104,-0.3155501891201058,-0.0012196680088716,0.8226956295357049,-0.2852761146742613,-0.0490013684977305,-0.9252478315814312
2016-06-24,AEP,65.92,67.94,65.84,67.26,4034594,0.5934176095094541,0.5950855773973474,0.3085255867280538,0.7339801447963914,0.1343528260326626,0.0310591459590174,-0.6556429899845595,-1.0051197673258971,0.5014425293596886,1.6987756036273485,-0.0011923554966618,0.8888484959524762,0.0508253722584662,1.5094751984632138,1.0107546647025312
2016-06-27,AEP,67.17,68.52,67.04,68.35,3506723,0.975943309809587,0.9705828222194292,0.6583109976390719,1.0581395885935918,0.1821873793102733,0.1469418856774075,-0.6474090215097288,-0.9171347544524454,0.7551425504285592,1.1098002051595606,-0.0011997234365151,1.3170188721560865,0.5931214602102121,1.3009293400096886,0.2132770017722648
2016-06-28,AEP,68.27,68.65,67.5,68.64,2394336,0.2311565666716045,0.2373688240913287,0.693278431241829,1.0378410468102808,0.2271946421489459,0.2323706805330103,-0.6080054636241691,-0.922361616630313,0.7196605231236971,0.156704661215187,-0.0012138067166504,1.4356679462548294,0.975746951135814,0.3831482288344939,-0.1950245389723981
2016-06-29,AEP,68.9,69.08,68.32,68.72,2522403,0.0395657722147089,0.0473425271582533,0.6471175813407386,0.812105139785924,0.2613033901221297,0.2726611267674643,-0.585231789746587,-0.9209598637760664,0.6993667034731976,0.2440461883172743,-0.0012125746368797,1.2054372138041367,0.230765913248798,-0.2236942189080825,-0.6696263868977679
2016-06-30,AEP,68.82,70.1,68.58,70.09,2858386,1.2081784530637394,1.1974449329341907,1.074469158192082,1.2933634517889416,0.3366749139019903,0.4111031583586039,-0.4691368996989182,-0.8174466012288013,1.0609434722757158,0.4969728765467529,-0.0012089275766324,1.4360947082389282,0.0391251379273542,1.3679113938387728,0.2160395755937522
2016-07-01,AEP,70.46,70.49,69.45,70.14,2113614,0.0114168814015598,0.0193742929750698,1.0056503690314558,1.5198306190827622,0.3921584725821199,0.4706655038284754,-0.3280158213417878,-0.9003943851295884,0.7988315051483086,-0.1571072301531497,-0.0012180299020182,1.2120328120927164,1.208042678267554,-0.3694413202464496,-0.355588319067216
2016-07-05,AEP,70.29,70.92,70.15,70.81,1935179,0.5617128979812052,0.5638609679954684,1.1625297580551348,1.593183033887864,0.4555504236045516,0.5386714459535268,-0.175394072295278,-0.8957048712972784,0.974810235046942,-0.3154543831271528,-0.0012203124948286,1.37322923426552,0.0109689038287258,0.5326097300309357,-0.6850612012672123
2016-07-06,AEP,70.81,71.32,70.43,71.27,2990387,0.3714482056327465,0.3761459187721263,1.23037973366706,2.1087507709611324,0.5162454951235983,0.5861344782375979,-0.0269023257623729,-0.8939549289680269,1.0437618699193976,0.5803219073744094,-0.0012083773608448,1.4134090577120144,0.5614084777788807,0.4644873069877377,-0.5505863556183407
2016-07-07,AEP,70.96,70.98,70.12,70.28,2989803,-0.8978123349500101,-0.8908819728722545,0.7653995378893929,1.2842131138937156,0.517720601845425,0.4716737341257196,0.0108150997996318,-0.7622721890659793,0.7376759511153639,0.500567729604575,-0.0012766141209113,0.8120121830432194,0.3710941505101039,-0.750319001659545,-0.5715012048829388
2016-07-08,AEP,70.02,70.81,69.45,70.71,2690534,0.3479225130722058,0.3528958980828311,0.8563210080846893,1.3055639023159116,0.5280296192069129,0.4028434727503326,0.0854026880455162,-0.7888302823758687,0.655022463276626,0.2038320995001105,-0.001211819928507,1.0728512452877907,-0.8984975058725276,0.7181954708638283,0.0116115907869567
2016-07-11,AEP,70.43,70.76,69.68,70.7,2065126,-0.0418007435888988,-0.0335363318253935,0.7758340281271446,1.586117867900639,0.5280231712955168,0.3212274336143849,0.1326631035284703,-0.7935438202674661,0.6783452738564767,-0.3292304207659908,-0.0012661566634741,1.066785220584434,0.3475623207316629,0.2633182921572812,-0.3182244938979319
2016-07-12,AEP,70.25,70.42,69.51,69.58,2866106,-1.0192619836232402,-1.0134882605674227,0.2868146400213203,0.9018399030598372,0.4767479616621988,0.1239696922054077,0.0989415433839702,-0.6767134931116797,0.5011969051416985,0.3328351293099083,-0.0012755284394326,0.3873904538078617,-0.042262604203002,-0.7468816192889756,-0.5013529030938202
2016-07-13,AEP,69.92,70.14,69.63,70.01,2007135,0.3517546917052573,0.3566837668966811,0.3894370600497361,1.1454467638516463,0.4461953082631926,0.0195030020945117,0.0802061633991417,-0.6723525179836743,0.5313593134671781,-0.3767216423491454,-0.0012194501540694,0.6482295160524416,-1.0199788374794652,0.0709326005247298,-0.9842129396455522
2016-07-14,AEP,69.46,69.9,69.15,69.38,2473277,-0.5932383459242163,-0.5844709986754923,0.0882045433346403,0.8026227728724216,0.3909848929311236,-0.1275390047360241,-0.0049031843880296,-0.6708799113387224,0.5287151621166745,-0.0038019600229995,-0.0012711309066837,0.2660699597406153,0.3513954990766355,-0.113332715738523,-0.6904065677497789
2016-07-15,AEP,69.44,69.735,69.17,69.64,2264316,0.2003145615840828,0.2068180272634069,0.1342116064078125,0.7009139093847756,0.3517122454113401,-0.2041490702141709,-0.0587197752819482,-0.6914229501915697,0.4386067325631417,-0.1779730919351326,-0.0012164187751427,0.4237866020280367,-0.5938440617177254,0.1912865170039024,-0.91516672621085
2016-07-18,AEP,69.73,70.115,69.6772,69.95,1581401,0.2441434116375482,0.2502285393505211,0.1994073886725561,0.4749881611594876,0.327319361218957,-0.2271368679413606,-0.0987613053723242,-0.6924177967092917,0.4312605250714307,-0.712612245894197,-0.0012245201164466,0.611833367832267,0.1999158623150077,0.2120513357839129,-1.0697137740709015
2016-07-19,AEP,70.0,70.1,69.32,69.77,1821588,-0.1932025727120949,-0.1843125263159195,0.0740457539267259,0.2873237265758001,0.2957978975254449,-0.2638759470432647,-0.1845029496627371,-0.7113248303697052,0.487799552228353,-0.5034575027991868,-0.0012635236185105,0.5026449231717427,0.243756146131896,-0.2745581306675747,-0.6596072555249302
2016-07-20,AEP,69.8,69.87,69.21,69.35,1458523,-0.4077756868728697,-0.3986298451964454,-0.1339716782597558,0.0642471227793241,0.249712871389071,-0.3307535693465901,-0.2944634603872096,-0.6878072083316721,0.4000129073684291,-0.8124814803413116,-0.0012595009107216,0.2478718856305283,-0.1937039299749551,-0.5133982603418716,-0.7981736881134808
2016-07-21,AEP,69.18,69.45,68.7,69.43,3198286,0.0388228898954755,0.0466045748633768,-0.1590425148607459,-0.5109498649685578,0.2121963988918816,-0.3622003576263438,-0.4587957339008109,-0.7020717383727948,0.4796146305688976,0.562028084107554,-0.0012056624994215,0.2964000832574337,-0.4083330204668735,0.2467095591499922,-0.6910553631763483
2016-07-22,AEP,69.47,70.25,69.16,70.06,2452846,0.5319263769987636,0.5345111487906534,0.0129310773662761,-0.2245974359056583,0.2032196421349116,-0.3138970512350479,-0.6589605508368714,-0.6850408315956271,0.5978380649836513,-0.0701740344059522,-0.0012146713235473,0.678559639569251,0.0383820618101845,0.6153352879920644,-0.2946990555760834
2016-07-25,AEP,70.08,70.16,69.45,69.77,1966570,-0.2907013081757114,-0.2816030844122859,-0.1434661209121914,-0.6800594209483407,0.180910798111669,-0.309570969238644,-0.8331183035077971,-0.6931553069750864,0.3805938098921614,-0.3935625690387154,-0.0012649630387497,0.239027961763944,0.5316141862974713,-0.3605210799605604,-0.7432228515622769
2016-07-26,AEP,70.24,70.27,69.33,69.74,2375136,-0.0597660176103529,-0.0514081813597886,-0.1808009052376769,-0.9648958427391154,0.1585266730714911,-0.3063038756831784,-0.9089217288773556,-0.7798464422996263,0.1311961129132194,-0.0026544732747509,-0.0012698037480188,0.0679554984863039,-0.2912281002257944,-0.5641282333750278,-0.4680028828281252
2016-07-27,AEP,69.54,69.63,68.25,68.86,3190530,-0.8185864215826532,-0.8110321893008137,-0.5152723850294433,-0.9230089186788007,0.1032675936144825,-0.3883097675780365,-0.927122078575926,-0.7136031955425737,-0.1204046756156263,0.6525658429719726,-0.0012794643965904,-1.2207976589173852,-0.0602325648793132,-0.7651030609080939,0.0788821082737301
2016-07-28,AEP,68.97,69.22,68.58,68.92,2641214,0.0212514482337383,0.0291471785286801,-0.4964485560476928,-1.1784981833074033,0.059454221892623,-0.4244534264171044,-0.943299133038342,-0.7137969121233658,-0.1247337904627517,0.182723975068243,-0.0012118730659682,-1.1558299415732296,-0.8192509246037929,-0.0810880349494689,-0.8174099416207673
2016-07-29,AEP,68.84,69.56,68.82,69.3,2490159,0.3102723006723261,0.3156686912421823,-0.3391147355609775,-0.9126706421796318,0.0375578653462396,-0.3969543337196667,-0.9308811258825233,-0.8724117125045425,-0.3330123202291944,0.0716130354311863,-0.001213956075059,-0.7443677317269314,0.0208060362338177,0.4785326817691061,-0.7013926457359524
2016-08-01,AEP,68.87,69.48,68.87,69.31,1669534,-0.0240121992568067,-0.0158453742106864,-0.3198922136910494,-0.3623094520768273,0.0186868512427091,-0.3671678801939192,-0.9222815199471244,-0.8729256805339534,-0.3412698795706202,-0.6122893750159893,-0.001223629128211,-0.7335397788362337,0.3099022864080759,0.4563723626143535,-0.8578377617765686
2016-08-02,AEP,68.95,69.26,68.585,69.01,1894225,-0.3024724714108614,-0.2933594633420726,-0.399166042063785,-0.8496210635299911,-0.0096600373521231,-0.3677294551903987,-0.9363645671067076,-0.9190055531595628,-0.5408110710659675,-0.4181616585642758,-0.0012642084754343,-1.0583783655569965,-0.0244694193200562,0.039428294825292,-0.7761510253510711
2016-08-03,AEP,68.84,69.03,68.12,68.45,1959429,-0.5382054474743043,-0.5292675634297624,-0.5577063839840812,-0.8131735619769204,-0.055223857331336,-0.4124948001881284,-0.9738176446895548,-0.9305899501658949,-0.7485920001088312,-0.3245358973958008,-0.0012651221809655,-1.4977433770831683,-0.3030023342395634,-0.4543409002529612,-0.4833592256181633
2016-08-04,AEP,68.57,69.04,68.39,68.64,1797590,0.1398166249501939,0.1468474879494316,-0.4555500000633263,-0.871030361835758,-0.0845771303273564,-0.406581407309904,-0.9590465822141104,-0.9977133137300406,-0.5101909680691378,-0.4246489001248557,-0.0012219792476205,-1.2387100716919557,-0.5387968066707185,0.0508108366506302,-0.8021112164121517
2016-08-05,AEP,68.48,68.56,67.63,67.86,3774802,-0.7404737418991815,-0.7324050938065991,-0.6973723440213593,-1.4745851070144051,-0.1386352413950142,-0.465440520919437,-0.921026909541888,-0.979065542085884,-0.7594252756536178,1.276508456516484,-0.0012859165611644,-1.637033854383223,0.1394021434031398,-0.7103426431368954,-0.4491635825626934
2016-08-08,AEP,67.44,67.84,67.005,67.15,1876469,-0.6843842927420943,-0.6760077899853492,-0.9007868821374232,-1.6400422387282811,-0.2087094486455575,-0.5537529676708768,-0.8302919519060884,-0.94765984037231,-0.9049203838021028,-0.386670925580136,-0.0012645272372407,-1.7401589132352024,-0.7411178674315498,-0.3511981892967047,-0.5549930358640811
2016-08-09,AEP,67.19,67.6,66.9875,67.39,1747173,0.1895196531457498,0.1961214812740978,-0.7692774201321241,-1.3125246048323038,-0.253571536299408,-0.5595073632470798,-0.7426098407715193,-1.0297864305521485,-0.6297296580366072,-0.4621981847489055,-0.0012222327706457,-1.473691797033122,-0.6850137860518193,0.1985734183684153,-0.8338483638319611
2016-08-10,AEP,67.47,67.76,67.22,67.56,1289089,0.1240579171020084,0.1312166178828148,-0.6591361466616185,-1.242487359939926,-0.2808927892681714,-0.5189610731873486,-0.7074415105395061,-1.0541231093634695,-0.6814327605960903,-0.8579016572252288,-0.0012277119433127,-1.3015331187801955,0.1891181377765693,0.0744639540282033,-0.9251891442327076
2016-08-11,AEP,67.6,67.73,67.21,67.72,2133553,0.1144475034221399,0.1216822284070773,-0.5672143428958087,-1.6374359505352265,-0.2945489410620642,-0.4513503059549058,-0.6730261100966272,-1.0778999320180265,-0.5188703224491801,-0.0654509265405405,-0.0012180211165158,-1.1395014216009762,0.1236393245336255,0.107799044104822,-0.9513763672397136
2016-08-12,AEP,67.94,68.18,67.51,67.55,1373256,-0.1892846782371496,-0.1804061904260478,-0.5928840210799107,-1.598695498665422,-0.3101825453350632,-0.4023516208090871,-0.6457392461554008,-1.0922462712630463,-0.608242149215048,-0.7440095968587437,-0.0012584588673843,-1.3116600998539023,0.1140264037563479,-0.4600109313754005,-0.7647010165082229
2016-08-15,AEP,67.71,67.8,66.49,66.52,1943847,-0.9823043868494156,-0.9761529884778506,-0.9224288138971528,-1.8711608516504368,-0.3606474096461332,-0.4528077364236867,-0.566956702013924,-1.0170794720126413,-0.8876322727708833,-0.219259777543421,-0.0012651302988978,-1.8549203920953012,-0.1897850134271403,-1.3541355486534337,0.0499347528469746
2016-08-16,AEP,66.36,66.44,65.68,65.68,2380905,-0.819176913448649,-0.8116269503015918,-1.1686228795699107,-1.8621305713800755,-0.4304342692087184,-0.5429071120720526,-0.4262321039941869,-0.9661464220114696,-1.0284198697359803,0.1624026825818379,-0.0012703952658865,-1.881302785249608,-0.9830115994666466,-0.8005060311005147,-0.6269656007990397
2016-08-17,AEP,65.75,66.62,65.08,66.5,3340030,0.7442815262058168,0.7434496183032956,-0.8007993322572876,-1.310109101935418,-0.4499783110102404,-0.4856624645845451,-0.3774953235271002,-0.8637811219701544,-0.7710337792337115,0.923301182289751,-0.0012034777430915,-0.9717964686468432,-0.8198415705131709,0.8354908844359356,0.3386749447440079
2016-08-18,AEP,66.37,67.42,66.27,67.4,3464238,0.8095939381320678,0.8075696723763661,-0.4162347222448464,-1.0026797646069887,-0.4268230270150752,-0.3299594170463315,-0.3911096530419359,-0.7657807261453071,-0.5968834817916729,1.0157686426703352,-0.0012025860010773,-0.3953488031943836,0.7440247332285055,1.146176122270071,-0.1693359454403775
2016-08-19,AEP,67.11,67.36,66.14,66.37,2056772,-0.9844170908786396,-0.9782866759623978,-0.7434403047853949,-1.285502917447126,-0.4455685004416295,-0.3132488073138491,-0.4081342045538764,-0.7447947594190724,-0.9410048932280908,-0.2115982588494346,-0.001266190853248,-1.0550611314344172,0.8093541833993291,-0.8594013522068168,-0.0593689765430256
2016-08-22,AEP,66.56,66.9,66.32,66.52,1595111,0.1077106862655592,0.1149978281409683,-0.6240057900892153,-1.1356439217713894,-0.4510181616916249,-0.2656571278676914,-0.4372243438870338,-0.7366394332061653,-0.8516002969195009,-0.6112145050119204,-0.0012243421104631,-0.95898652052568,-0.9851248546433004,-0.0717202678981562,-0.8646597619999525
2016-08-23,AEP,66.64,66.99,66.28,66.28,1858475,-0.2576191488794009,-0.2485744230580149,-0.6512880760241181,-1.0495171420037632,-0.4611625536659187,-0.2396679403771261,-0.4742648930661979,-0.7376888119675844,-0.8961184945000504,-0.355218865565702,-0.0012639672813161,-1.004595566583453,0.1072878291460924,-0.4344594478799452,-0.6985657506438966
2016-08-24,AEP,66.12,66.4699,65.76,66.34,1584100,0.0233630735734467,0.031245358849505,-0.5799842644634755,-1.1173118687727714,-0.4631974078753308,-0.1980027797804411,-0.4738290821053388,-0.7788895878246388,-0.7049457964485373,-0.5506279400195331,-0.0012244489431693,-0.9463767278439036,-0.2581373106874754,0.2250656744222224,-0.6994988162859611
2016-08-25,AEP,66.41,66.64,66.22,66.37,1594196,-0.0048419712253926,0.0032140301128505,-0.5195209465197395,-0.8592430605770619,-0.4600226604080944,-0.1512612262686882,-0.4924045726220865,-0.7797721274588029,-0.7108707580670238,-0.5034788465489048,-0.0012244526822604,-0.9241165836199574,0.0229182124395548,-0.0718228210912816,-1.0639295801763426
2016-08-26,AEP,66.42,66.91,64.63,64.69,3314639,-1.6089114114050571,-1.612228670874887,-1.0872927305551174,-1.1528431028717634,-0.5193336935912855,-0.2747053071848136,-0.4326326611268747,-0.6047660018151259,-1.1444609797208014,1.0973527790461532,-0.0012804187220481,-1.84017888994104,-0.0052941902938224,-1.9941664202856948,1.3460259050487804
2016-08-29,AEP,64.87,65.37,64.82,65.18,2269259,0.4385828466422891,0.4424459173209852,-0.8172751148692206,-1.027030341678159,-0.5424964342491272,-0.2804154892364124,-0.4613818349629394,-0.5671780815814884,-1.0426096796327389,0.0767267171015802,-0.0012165363197147,-1.486421609095525,-1.6097820888740737,0.3347294395839086,-0.88807945870685
2016-08-30,AEP,65.21,65.5,64.26,64.32,3295131,-0.8544429937847192,-0.847158360819244,-1.06575894927376,-1.317403168955602,-0.589598530201265,-0.3466031232984188,-0.4225466979806188,-0.5330865455209214,-1.1655919655224205,0.9389209950205228,-0.0012803581241817,-1.839576657164564,0.4382463051345792,-1.0574634423255127,0.0153717692387987
2016-08-31,AEP,64.55,64.61,64.07,64.57,3163296,0.2089894882705077,0.2154125696427822,-0.893365279122855,-1.2745103196505396,-0.6117328373104475,-0.3352865718771359,-0.40049743947796,-0.5244490484818203,-0.9999650743463426,0.7443776047341196,-0.0012060687416085,-1.5468780832936235,-0.8551168508172742,-0.0029077870558506,-0.8943428857376653
2016-09-01,AEP,64.41,64.7,64.22,64.41,2030777,-0.187267159665799,-0.1783947200718584,-0.8754509272893476,-1.27233129181699,-0.6300051683322223,-0.3162926707735547,-0.4146891052512265,-0.5357854070993816,-1.0725484016735387,-0.2630536108052377,-0.0012659245410601,-1.6295830251760095,0.208593052055547,-0.0263165508545973,-0.9702462327788168
2016-09-02,AEP,64.57,65.37,64.48,65.24,2209510,0.7692733425067527,0.7679930221414616,-0.4958839606567977,-0.6411979139640547,-0.6065254409510961,-0.1936284703072437,-0.4457616079388694,-0.4820158602251899,-0.7345084813670429,-0.0381518346118636,-0.0012172367237269,-0.935002931525104,-0.1877669685396756,0.7576341392106817,-0.454393109526401
2016-09-06,AEP,65.51,66.17,65.4,66.04,2430990,0.7304378931663229,0.7298501845900952,-0.1566861052317942,-0.0611952428023214,-0.5517687761409114,-0.0149908114122422,-0.4660700724354483,-0.4485954867802733,-0.4102479097330937,0.1357827256283024,-0.0012149382999167,-0.2879602964997941,0.7690230692194343,0.584925185293307,-0.6196027963755512
2016-09-07,AEP,65.97,66.24,65.65,66.05,1992804,-0.023568720595837,-0.0154043930155316,-0.1261341599265675,-0.3660118427810034,-0.503868031158957,0.1102722960879159,-0.5026694280153974,-0.454647225161549,-0.4595080575118956,-0.2668499777531783,-0.0012201694706837,-0.2798722635619852,0.7301774887589857,0.0653030158096056,-0.846871105917034
2016-09-08,AEP,65.89,66.35,65.77,66.1,1834065,0.014133432723152,0.0220739605977269,-0.0772236933935614,-0.7658484322592163,-0.4603283254394525,0.1992575421001094,-0.5571019812582682,-0.4576719208423223,-0.4848594585461637,-0.4278658389300271,-0.0012221319797794,-0.2394320988729062,-0.0240258249674795,0.2144768151144152,-0.8600425314896039
2016-09-09,AEP,65.51,65.6,63.62,63.71,3341289,-2.2840809087340297,-2.304994347310032,-0.9505143707432276,-1.1686722139903003,-0.5156349726135954,0.0160169281635503,-0.5200321474950107,-0.1231823198401619,-1.0371323479489196,0.8248999552121961,-0.0012799196524757,-1.815693939115872,0.0136861638251999,-2.102231881168235,0.9987702949783172
2016-09-12,AEP,63.68,64.89,63.68,64.71,2815071,0.944213774850954,0.9395227450463794,-0.49576630123339,-0.7915901496215749,-0.515859886487781,0.0112038703175464,-0.5746647166003239,-0.0378577182738109,-0.7849425401212651,0.3012029268456355,-0.0012109322170355,-1.0144707575433145,-2.285127719692595,1.195705099825109,-0.0329490016193871
2016-09-13,AEP,64.52,64.9,63.5635,63.81,3845791,-0.8988936438664151,-0.8919725092774845,-0.8028046069452561,-0.9542520381936408,-0.5468505863632963,-0.0718371795055101,-0.5173936441337597,-0.0463410229432406,-0.7658015016476672,1.0390899867202212,-0.0012856287571696,-1.6688275489006932,0.9440091387983358,-0.8577140626948526,0.1542498085890936
2016-09-14,AEP,64.76,64.76,63.6999,64.02,2820620,0.1718964169812323,0.1786548548840948,-0.6861451707032653,-0.8966174178020463,-0.5584054461956983,-0.0882425016734902,-0.4680803384492689,-0.0712921029469741,-0.5386656251155106,0.1976185507303336,-0.0012107355387058,-1.487814162964507,-0.8995790968732292,-0.8896321935159396,-0.2112919584775665
2016-09-15,AEP,63.94,64.475,63.71,64.3,2461836,0.2392977791851363,0.2454306537032718,-0.5304017566950741,-0.8044369200011559,-0.5518776173773081,-0.0548222301072627,-0.4687151271457749,-0.1125782636734274,-0.6533477608459406,-0.053163123300598,-0.0012151203892153,-1.2464629817162507,0.1714903041856351,0.3990610321571194,-0.5997880153516387
2016-09-16,AEP,64.16,64.88,63.88,64.81,3751526,0.4608079868748148,0.4643791140616547,-0.2737640185233943,-0.1485371618062961,-0.5223081904529141,0.0312226640183265,-0.5724984711916448,-0.1495870997729946,-0.7318413896609708,0.9725610042270768,-0.0012010813645477,-0.7898785032998957,0.2389092495848289,0.7390927439444358,-0.3053979739403607
2016-09-19,AEP,65.0,65.49,64.81,65.42,2185863,0.5529845598511406,0.5552620374790518,-0.0089835963640257,-0.1091788591855557,-0.4711324895958361,0.1556727564778336,-0.6077299799347484,-0.1719019975548523,-0.3776957540284284,-0.2909692703934802,-0.0012188126002607,-0.0802395941619067,0.460477243306023,0.4618642147976726,-0.7250477709194947
2016-09-20,AEP,65.23,65.6899,65.01,65.01,2233058,-0.4231794024894422,-0.4140437744030065,-0.1437740055196439,0.0527473659799569,-0.443297271180102,0.195154830438845,-0.6611872853811015,-0.1665927692012462,-0.5008607406433274,-0.275505073888016,-0.0012669125494948,-0.4779966145475515,0.5526778626610984,-0.281128642458205,-0.7197126051631617
2016-09-21,AEP,64.95,66.27,64.91,66.19,3381417,1.0970529378485048,1.0889941420961773,0.3340205803023722,0.3220560639041657,-0.3722036240470621,0.3380869404487928,-0.6671046443145733,-0.0771988017796173,-0.1874194581113422,0.5564562078622944,-0.0012057357389079,0.727680572913462,-0.4237407544968878,1.4160885853883969,0.1210732678556378
2016-09-22,AEP,66.51,66.79,66.2,66.6,2582455,0.3526482442185371,0.3575669543350351,0.4940372863335822,0.4838591066053586,-0.2979867222386496,0.4604718322255323,-0.6467840794367374,-0.0679877535827577,-0.1099173646244107,-0.0950609785209721,-0.0012148429792218,1.1349462027809092,1.0968881734062377,0.0759186117441319,-0.8530189893275527
2016-09-23,AEP,66.48,66.87,66.09,66.66,2031124,0.0230922790190903,0.0309762924569328,0.5122462602082765,0.2853738487274317,-0.2357860993411312,0.527450050585901,-0.6242099349132709,-0.0679005190560078,-0.1033048936586505,-0.5235970111121021,-0.0012210099550096,1.194546051054197,0.3522892846936364,0.1782460443452229,-0.6161383273033851
2016-09-26,AEP,66.66,66.74,66.15,66.36,1745753,-0.3131852307140652,-0.30406070820942,0.3570059009155203,-0.0756678717661725,-0.1977153469740684,0.5189227539152403,-0.5906735779819517,-0.2438993399712414,0.2116626034735355,-0.6981285132216373,-0.0012612142994524,0.9301515227673048,0.0226473472422117,-0.366333585780202,-0.8503488088293562
2016-09-27,AEP,66.66,66.96,65.37,65.5,2229779,-0.8398361914660678,-0.8324391880472705,0.0042217854520034,-0.3657115534586221,-0.200771613203275,0.4062406786977161,-0.5882942722995571,-0.2033795526839691,-0.0953736074933414,-0.323614322344825,-0.0012665037812441,0.013965151525721,-0.3137178882123816,-1.3410490859002773,0.4317595523130598
2016-09-28,AEP,65.65,65.775,64.78,65.36,2516232,-0.1660666575524778,-0.1572617241103392,-0.0731124832236691,-0.4244494420623058,-0.2080019373266226,0.3053510653589785,-0.6095820119752896,-0.2546609008567329,0.0699921345389034,-0.0732649544143386,-0.0012697928659004,-0.1230539608670218,-0.8405062379783405,-0.360056348212355,-0.3225944787310978
2016-09-29,AEP,65.42,65.42,64.1,64.5,3632120,-0.852180746980366,-0.8448784814879325,-0.4176702134625727,0.1121294053608578,-0.2464332738505663,0.1443285058822778,-0.6069162019769241,-0.2059899362083555,-0.1833985613945154,0.7751944686018335,-0.0012821892823117,-0.9647427941367248,-0.1665609357878522,-1.0887996194518548,0.1142564747640284
2016-09-30,AEP,64.8,65.07,63.75,64.21,4152613,-0.3129159015724467,-0.3037916458856422,-0.5303739463755339,-0.3988494640371922,-0.2866948180788723,0.0107995351762101,-0.5970553822625388,-0.2021306225349538,-0.2130802706827223,1.053018825585488,-0.0012884983354239,-1.2485680983788403,-0.8528540138538194,-0.7142108910502393,0.1219596099117422
2016-10-03,AEP,64.04,64.06,63.05,63.51,2813361,-0.7117162774233665,-0.7034833729727682,-0.7780885875084416,-0.3185987125573197,-0.3438833893594681,-0.1395935176289795,-0.5251501143246662,-0.2241582151537821,-0.5569271438687411,0.0310080582991839,-0.0012742512534083,-1.4902226043740194,-0.3134484888100631,-0.6515889764487534,-0.2659535983951419
2016-10-04,AEP,63.47,63.47,61.8201,62.18,3586483,-1.3367779651601714,-1.3351799538238225,-1.2394851306777352,-0.8717862741602519,-0.4381936487923228,-0.3554585461414668,-0.3599418731229791,-0.1830241498103205,-1.0258973182894051,0.5466578420380772,-0.0012833814995378,-1.6485408763942675,-0.7123529009098207,-1.5618735519103135,0.6200637419371618
2016-10-05,AEP,62.19,63.03,61.98,62.18,3825863,-0.0329960430517004,-0.0247793014886723,-1.1644068671612164,-1.00444646488766,-0.5087666038505926,-0.4670511561198371,-0.2428259406999859,-0.1832728724649209,-1.0279909033234331,0.6319147686630192,-0.0012427088046935,-1.6485408763942675,-1.337577650361765,-0.0384650932505541,-0.183991924860033
2016-10-06,AEP,62.07,62.51,61.72,62.25,3195839,0.0370918087479186,0.0448849476426991,-1.060815237666391,-1.2337013334696132,-0.5572142062351199,-0.4993749671997536,-0.1698138714725697,-0.1824940502039182,-1.02289624843618,0.1397539609435445,-0.0012059271817918,-1.545078316767828,-0.0334556067571959,0.1927799745020094,-0.5336648019456193
2016-10-07,AEP,62.7,63.15,61.75,61.79,3345269,-0.4930554366154938,-0.4840143659738394,-1.2104016921304694,-1.701786754312083,-0.6083958018203617,-0.5322712674976849,-0.0505037977084459,-0.5242855500545404,-0.6100789756933095,0.2417180520027159,-0.0012807066547811,-1.8368957799784291,0.0366505290703025,-1.1228416624339916,0.2969622772243185
2016-10-10,AEP,61.97,62.31,61.725,62.21,1633689,0.3901853090991833,0.3946572188702403,-0.990217954906462,-1.354237706211928,-0.6268978715177724,-0.4744717706662177,0.0288937447060746,-0.6054615564631124,-0.7348757102730801,-0.9051175340289273,-0.0012238946551155,-1.570453748351358,-0.4936350173933076,0.2662835530426587,-0.8076170563641186
2016-10-11,AEP,61.98,62.28,61.28,61.34,2157746,-0.9036678421798632,-0.8967876784595328,-1.2969697573572656,-2.299786367145641,-0.6697756762297334,-0.4909748955095966,0.1597848651166927,-0.604791673137345,-0.7359736948985929,-0.4945883147773834,-0.0012673908590033,-1.846188191544228,0.3898361419808576,-0.8064576044638317,-0.2326532241309629
2016-10-12,AEP,61.43,62.19,61.43,62.0,2648442,0.6368817650516879,0.6378659840031198,-0.987329764977928,-2.119686513791978,-0.6717347291260192,-0.3988532326113206,0.2294673619853754,-0.5580770414683691,-0.6308763565708478,-0.1363461247756242,-0.0012121419231601,-1.4599276607850666,-0.9043545406460946,0.6747174315883125,-0.5697262696647067
2016-10-13,AEP,61.86,63.0135,61.8,62.53,3456987,0.4992097613716307,0.5022581524925628,-0.7350130539965665,-1.813646608111858,-0.6466705328248663,-0.2555985240533304,0.2643743748708692,-0.5351282477748827,-0.5717567731570785,0.4027147064029179,-0.001203244790225,-1.149748749720889,0.636596954376919,0.7919779214621673,0.0260458852971162
2016-10-14,AEP,62.25,62.835,61.97,62.3,2490069,-0.2619957012105571,-0.2529428868507353,-0.7791382750968755,-1.801177235645925,-0.6302893283632908,-0.1633446287276467,0.2962374315325516,-0.5655674310565064,-0.7362663231280017,-0.241880566217405,-0.0012707362046248,-1.2843546922581757,0.4988890357888021,0.0343676139329253,-0.4341835583474967
2016-10-17,AEP,62.5,63.14,62.43,62.97,2767877,0.6365526748302875,0.6375421818375261,-0.4543052405538607,-1.22003060531882,-0.5858812981565827,-0.0174009454701508,0.2760454509817983,-0.5542849564394117,-0.7174929435975268,-0.0614637811109893,-0.0012112366541491,-0.8922417292147814,-0.2625150047429502,0.5418328735521359,-0.6516381745804251
2016-10-18,AEP,63.27,63.48,62.455,63.37,2833853,0.3624814065184387,0.367285221395406,-0.2561462656209643,-0.9718155217509812,-0.5305259291008692,0.1275322628789599,0.2578487323041803,-0.5403688703178711,-0.5379728920306444,-0.0355888711183797,-0.0012108477826493,-0.6581444378455922,0.6362677783047667,0.0930951532080954,-0.2432983241644365
2016-10-19,AEP,63.38,63.44,62.86,63.19,2351365,-0.2098375571710676,-0.2009011794178524,-0.2688571779131434,-0.7557747719609742,-0.4897905528955039,0.2058472196390039,0.1699529709992297,-0.684732898514137,-0.8331311052502856,-0.3469193327720701,-0.0012688451596152,-0.7634882189617276,0.362125012200047,-0.2528050200955199,-0.8263658615437386
2016-10-20,AEP,63.22,63.4101,62.77,62.91,1682700,-0.3088664418426823,-0.2997463387996882,-0.3088454339438632,-0.7522753229645909,-0.4648645211846888,0.2278062044698496,0.0260176777343507,-0.7132807844382808,-0.981191179783086,-0.8097527741174313,-0.0012615905019242,-0.9273563229201612,-0.2103432540521614,-0.3967856017838269,-0.7433429100162429
2016-10-21,AEP,62.59,62.8,62.2,62.48,1782741,-0.4585397741658115,-0.4494421137076138,-0.4013084657182271,-0.6537387705963215,-0.4584448553747982,0.1977383250855155,-0.1599561559097219,-0.7134975964364967,-1.0884156983876856,-0.7304372555543868,-0.0012628501007657,-1.1790109111420404,-0.309397972685607,-0.1590964896252029,-0.7909955448534102
2016-10-24,AEP,62.76,63.13,62.48,63.03,1677416,0.5150500616893092,0.5178760817269958,-0.1035187226857941,0.2465647965749753,-0.4284686470366684,0.2343181565289195,-0.3773540953045605,-0.6616687092968592,-0.9044602212028312,-0.8065144022526429,-0.0012236189213694,-0.8571271355094014,-0.4591103507393545,0.298715029663681,-0.7318671558288079
2016-10-25,AEP,62.82,63.71,62.77,63.46,2535075,0.3917375143715718,0.3961904701091427,0.1185279960423132,0.4212681410626151,-0.3850469232933837,0.298190546877137,-0.5275250326588573,-0.6773022980805157,-0.6248900950169097,-0.1840413110503983,-0.0012140554005675,-0.2691302042430164,0.5147334684130813,0.743392817224054,-0.356839063579372
2016-10-26,AEP,63.35,63.87,62.94,63.53,2250805,0.0356781237447122,0.0434805810447502,0.1863726570104207,0.4212681410626151,-0.3455923662813275,0.3390770402827777,-0.6939840310302824,-0.6749497486866459,-0.5786823600336037,-0.3846362267767385,-0.0012175284174861,-0.0746823844656438,0.3913887521816858,0.1883530833819391,-0.3713176174772855
2016-10-27,AEP,63.31,63.47,62.76,63.19,2305032,-0.3661887512134647,-0.3570344893056255,0.0718484950576442,0.4916972149351583,-0.3256475375675783,0.3215685302199144,-0.7885802525450967,-0.7243975731328264,-0.4657619089225769,-0.3024889527022366,-0.0012682639804166,-0.2060556252192213,0.0352364752748539,-0.1695200608728685,-0.6549097501295745
2016-10-28,AEP,63.23,63.85,63.16,63.41,2351889,0.1837592702840681,0.1904128303904113,0.1808178818343861,0.4143688770481236,-0.299427405363637,0.323714245326443,-0.8545944420625373,-0.7225920878323632,-0.3504584107730221,-0.205175258441358,-0.0012163918097491,0.6656420617836633,-0.3667352358989702,0.1887604905637892,-0.6844449700303502
2016-10-31,AEP,63.59,65.25,63.57,64.84,4076402,1.3710253041012388,1.3560297913033204,0.7507130515587795,1.4173063463946856,-0.2215118984705138,0.4584938219456344,-0.7170017000514729,-0.5817643812004407,0.1400826607326154,1.067276830994598,-0.0011975234564958,1.099575369232833,0.1833562521865526,1.4588183988322645,0.5680321061950225
2016-11-01,AEP,64.55,64.9,63.11,63.38,4536329,-1.4348580841979746,-1.434888773197646,0.1148265745245732,0.3741727220589919,-0.2164238586394888,0.3788608367199721,-0.7183650653804033,-0.5564095090182789,0.1159559776272467,1.3573251166297782,-0.0012921867006643,-0.122919604234685,1.370932011650966,-1.3957292330815465,0.762417626287637
2016-11-02,AEP,62.74,62.89,61.92,62.61,3156164,-0.7893653847037297,-0.7816070247920145,-0.2158287185089664,-0.1573944100017633,-0.241606437004654,0.2372383983994942,-0.7308926554635305,-0.5000011363611078,-0.0659134840826619,0.3521845265454201,-0.0012777580530154,-0.7676601039401589,-1.4356833558540656,-0.1828631251431103,-0.3001462368608483
2016-11-03,AEP,62.47,63.37,62.18,62.92,2401806,0.2752612900350217,0.2810309385467301,-0.1003572122463207,0.0532863596326122,-0.2481986267606194,0.1717917879968052,-0.7434340036336125,-0.4934752765888448,-0.0094048504793273,-0.1929721832491215,-0.0012156955613373,-0.5080892534093827,-0.7900222647454338,0.5179175346618383,-0.0151061236584446
2016-11-04,AEP,63.25,63.74,62.36,62.4,2966923,-0.5475252785771468,-0.5386128138742903,-0.3300525876067021,-0.4162515060862642,-0.2724434932073799,0.0739968137565845,-0.7771038663187317,-0.4885772980293769,-0.0224891651815925,0.259225234881811,-0.0012757562821915,-0.9434984220416518,0.274882142343535,-1.0416369838411532,0.2517912556232574
2016-11-07,AEP,62.63,63.275,61.62,63.24,3102530,0.8050929232753133,0.8031529587781774,-0.0011629363699728,-0.2379099518986427,-0.2573288082891573,0.0970716420183413,-0.7926518105358311,-0.4473874975398027,0.0756856608624502,0.2984154524970686,-0.0012077343825078,-0.2401451496356802,-0.5481190690658226,0.7095382942338058,0.5897185092353934
2016-11-08,AEP,62.89,63.68,62.865,63.23,2970789,-0.042840767513846,-0.0345708066711964,-0.0448407303320644,-0.1736053404897174,-0.2446201784567166,0.1093383602562567,-0.8989955959042307,-0.5235816343884998,0.2850430794632528,0.1653816859323242,-0.0012757813440982,-0.3149345215332521,0.8048519943493441,0.3821364139181731,-0.5171059601974353
2016-11-09,AEP,62.01,62.01,61.02,61.25,3160934,-1.9825597667142791,-1.9946567883609705,-0.8538723808857132,-0.7115381474682415,-0.3105885148140638,-0.0833614217322226,-0.815273019660429,-0.2424926099098437,-0.3451368229186025,0.2848436175775724,-0.0012783225501884,-1.7005553257669217,-0.0433028994421064,-0.9522858577721444,-0.2442634809509458
2016-11-10,AEP,61.0,61.0,58.57,59.74,5057574,-1.5678472532207313,-1.570343312084317,-1.4275982474436304,-0.9622824862992057,-0.4191602203333693,-0.3471815861452785,-0.5081093384830649,-0.1213446368993203,-0.8227699795572647,1.5766971216194496,-0.0013004324305549,-1.2990733842304876,-1.9835279189491803,-1.5868944082675829,1.798670872949613
2016-11-11,AEP,59.76,60.875,59.551,59.99,3539837,0.2275414422955451,0.2337886133017561,-1.277150783432079,-1.0723327821963802,-0.4913967948797182,-0.4647117160466327,-0.3252390536859236,-0.1120379408915789,-0.7120344037636959,0.4438247743957894,-0.0012014494104762,-1.1746653925597357,-1.5687072181597754,0.2644617387523038,0.2480376201774107
2016-11-14,AEP,59.59,59.68,58.16,58.72,7074577,-1.351010839237646,-1.3496392203959104,-1.724837114224413,-1.460938256520791,-0.5934813080124327,-0.635563900068242,-0.0254145563193319,-0.0689359168957955,-1.1587082575252736,2.581853788150528,-0.0013239602414495,-1.6187440178352492,0.2271498457844118,-1.1293548641556426,0.5660007929701965
2016-11-15,AEP,58.97,59.74,58.95,59.46,3537934,0.7515909417737139,0.7506288922829352,-1.336078035179454,-1.218337538328873,-0.6395842640011424,-0.6281500828978288,0.1132911043555583,-0.0287073611630491,-1.0736535098629605,0.2431810795130928,-0.0012008501870102,-1.2717913608948472,-1.351814237411741,0.6014666393884157,-0.48403700383873
2016-11-16,AEP,59.46,59.68,58.53,58.99,2755393,-0.5251130565789759,-0.5161418457797128,-1.450002665588229,-1.2394935766694808,-0.6883792671304848,-0.6291483121589309,0.2667956803888033,-0.0232411360225229,-1.1436362783571163,-0.2742002481653812,-0.0012748244984442,-1.4921531835461823,0.7513360556255405,-0.6235136417631214,0.0333919520561627
2016-11-17,AEP,58.8,59.32,58.8,58.86,2307234,-0.1701980243165851,-0.1613793700647283,-1.423629607799345,-1.3357971084779423,-0.7254989302678905,-0.5998947714150535,0.4046573023725463,-0.0232786311716147,-1.1129629702068922,-0.5766577984436245,-0.0012699157870404,-1.5531043259816597,-0.5257010003241528,0.0507771074724157,-0.8550471943817735
2016-11-18,AEP,58.84,59.23,58.31,58.44,2775742,-0.4772429976796857,-0.4681736057914637,-1.520574040505284,-1.954629520803713,-0.7643312998113757,-0.5809004156256183,0.5574677789901406,-0.0227164981106563,-1.1171193961612615,-0.3058170221221965,-0.0012757645046745,-1.7500234015424283,-0.1706933803139847,-0.5399248796137485,-0.27931858646415
2016-11-21,AEP,58.62,59.3784,58.61,59.32,2462338,0.9044966502876068,0.9006216362398105,-1.070451863404441,-1.3733892810188228,-0.7534837259290894,-0.4378296118372461,0.6073526044900135,0.0235750404997302,-1.0319398834435247,-0.5206274347845316,-0.0012130318899338,-1.337431052748437,-0.4778184534191809,0.8758712623888222,-0.5117703550027642
2016-11-22,AEP,59.32,59.39,58.88,59.17,4091374,-0.1904253354452751,-0.1815434570326934,-1.046176036158028,-1.258152287215143,-0.7439110858254492,-0.3266546264052886,0.6282717034992394,-0.0007549068634519,-1.1603117658755029,0.4284489782142346,-0.0012914976885905,-1.407759294020139,0.9042816531097128,-0.2173611862907133,-0.8729896376575442
2016-11-23,AEP,58.64,59.25,58.6,58.82,2438466,-0.4012622780441408,-0.3921132717409438,-1.0989298991341778,-1.457927851237679,-0.7432278420391308,-0.2605957911529722,0.6413432801827512,-0.0047985855726864,-1.2563113308144551,-0.574631653743098,-0.001272307400656,-1.5718585236541134,-0.190925968201929,0.2055954772641711,-0.6703521459566031
2016-11-25,AEP,59.07,59.95,59.05,59.72,984818,0.9196090869843556,0.9154264582358124,-0.6392784427165636,-0.9866049832039916,-0.7008830946229657,-0.1005127297946491,0.6086196134148916,0.0771692829674234,-0.9739704902832362,-1.438787497981599,-0.0012306260199651,-1.1498890760238962,-0.4018179124656695,0.8050472607977714,-0.3353497984395496
2016-11-28,AEP,60.0,61.14,59.95,60.9,2705334,1.1971527219905318,1.1866930693158362,-0.0768099661484435,-0.8622917361924756,-0.6154861319090454,0.1383693803411089,0.5284281058951469,0.1817295282900221,-0.7488243600745571,-0.3899521411951678,-0.0012096607985087,-0.5966402446864998,0.9193980322330988,1.1069602265524516,0.0371756481366176
2016-11-29,AEP,60.63,61.4532,60.59,61.27,2770373,0.3452547594848229,0.3502588537568811,0.160783284945567,-0.7337989525619404,-0.5288467638196538,0.3326729984986484,0.2971574774770604,0.0546791217295653,-0.97609789018905,-0.3160366908324036,-0.0012092645437256,-0.3474445387442423,1.1970140708788486,0.7711952832654897,-0.4171794616842665
2016-11-30,AEP,60.5,60.5,59.05,59.05,3515291,-2.2887956716928697,-2.3098593415740067,-0.7087092987951764,-0.7869709334535802,-0.5429908196849609,0.2287010947131524,0.2088840098363102,0.2204066856141531,-1.1708338353931214,0.183759659007426,-0.0012846404931629,-1.3511017873421136,0.3448938711994092,-1.837061815031156,0.4551493571828484
2016-12-01,AEP,58.82,58.8899,57.89,58.16,3539252,-0.971347497306312,-0.9650884540411172,-1.001979589439837,-0.6445026284878925,-0.5841885744803627,0.0758878163577101,0.2020574045670184,0.2334246282792933,-1.2113221079402323,0.1855522102787087,-0.0012855739568499,-1.7278790219830338,-2.289843712605773,-0.8740584448687169,-0.1585088181116714
2016-12-02,AEP,58.63,59.17,58.33,58.7,2130017,0.5450531359241069,0.5474471702246032,-0.6764228296094712,-0.5506342325203538,-0.5904755565351831,0.0434969217320918,0.1042810470401452,0.2534101083057057,-1.1524934622271232,-0.6965773230673724,-0.0012165067041403,-1.4210314954498766,-0.9720518515669416,0.0638868426509957,-0.3987119443359514
2016-12-05,AEP,58.43,59.22,57.897,59.2,3400602,0.4973109203092674,0.5003857035004341,-0.388303070053497,-0.043788389385026,-0.5708954323782892,0.0841656921282688,0.0042059129652834,0.2755183116331535,-0.9206333352687914,0.0928083580236979,-0.0012012680355577,-1.1291995358455191,0.5447443696397426,0.9693171060607232,0.2711753691564251
2016-12-06,AEP,59.39,59.64,59.01,59.47,3343439,0.2509510874316821,0.2569685071863339,-0.1873253208194211,-0.1858128527154296,-0.5402208328935311,0.1452576969520086,-0.2421824852002652,0.2301320145603986,-1.0430033836809869,0.0490452298754175,-0.0012025640851738,-0.974185889021778,0.4969896993700819,0.0754538282132166,-0.708446123084751
2016-12-07,AEP,59.73,60.34,59.46,60.25,2444672,0.7835714573500357,0.7820302209388035,0.2224648489668683,0.1985322086756863,-0.4813609107600314,0.266679836109376,-0.5781432916317563,0.2824970596300895,-0.8596470835837322,-0.5010829937464643,-0.0012137741355247,0.0228400371689087,0.2505655978648099,0.6314254260991055,-0.3740632167608828
2016-12-08,AEP,59.81,60.36,59.35,60.18,2877593,-0.1053290326766059,-0.096757401473489,0.2154853209853186,0.2195443870255392,-0.4341603025323384,0.3338066741523267,-0.6651762643802966,0.0832717353203694,-0.4240419780332687,-0.2197382958157689,-0.0012764160179821,0.2550846532167439,0.7833249140547731,0.4410661695830171,-0.1926155609303237
2016-12-09,AEP,60.3,60.99,60.25,60.99,2329412,0.804973554386795,0.803035821307367,0.5449476024548525,0.5691663763111976,-0.3623941057648273,0.4507395466010238,-0.5916138378576838,-0.0234941354656218,0.1398244714107578,-0.5012749800917372,-0.0012150873336631,1.0107500790498225,-0.1058074661058115,0.8382063639169567,-0.5801378712040562
2016-12-12,AEP,60.98,62.09,60.8775,61.95,2603291,0.9469632289377268,0.9422148053810186,0.9235632180608307,0.5866899089535521,-0.2663631436703675,0.6067429328029479,-0.4317684130200752,0.0251483053969437,0.3123636413180881,-0.2929866324148479,-0.001212143959854,1.3320727009448028,0.8047325943207061,1.1754747185067738,0.0398430380768128
2016-12-13,AEP,62.01,62.78,61.95,62.71,2909017,0.7307829480527341,0.7301891890675068,1.16615589604793,0.7949980674802172,-0.1601971221494243,0.7576331102571073,-0.2365896587404087,-0.0922278163371222,0.8304680873814497,0.0584445042829483,-0.0012089265290676,1.3952933314115004,0.9467593101434334,0.826549916043149,-0.4882635712105925
2016-12-14,AEP,63.02,63.41,61.57,61.7,3726056,-1.0357167873279538,-1.030118464348856,0.6720825527754913,0.5646194898951793,-0.1161660221403356,0.7184110338776886,-0.1672911469965636,-0.027717532655214,0.3858003950749308,0.6399803171744253,-0.0012854589375146,0.4131051237460297,0.7305226336608989,-1.608803958214491,0.8940436994352825
2016-12-15,AEP,61.32,62.14,61.03,62.11,2290723,0.3807121477816438,0.385298911609762,0.7810402820004984,0.4648543058363361,-0.0660697780718534,0.7026449491739112,-0.0972998080888837,-0.0492234291873388,0.6092993597840294,-0.3802369002947349,-0.0012160154878234,0.6600099118531697,-1.036437933798119,0.9470348887535448,-0.101896211081398
2016-12-16,AEP,62.26,62.84,62.0,62.81,3966166,0.6686723879417854,0.6691377923015904,0.9969935205245444,0.3579125817925395,-0.0005094692201151,0.7298363179550649,0.0013566443689368,-0.0388528502961603,0.8181137841886721,0.7534068208282579,-0.0011969321900577,1.0815546720360965,0.380360509371344,0.6411020459693482,-0.4767510324715001
2016-12-19,AEP,63.11,63.2,62.475,62.94,2011466,0.0958615413268166,0.103239126241244,0.9516060953896815,0.3006109714466817,0.0542423678941748,0.7237685927914781,0.04935910022121,-0.0673733603506033,0.9634175203852148,-0.6062106815409489,-0.0012198696251529,1.1598415560700657,0.6683958705820533,-0.2298311044480063,-0.6313283007663308
2016-12-20,AEP,62.96,63.355,62.73,63.21,2548967,0.2340784743397268,0.2402623617414416,0.9808335521214891,1.3242260729367894,0.1053490752484282,0.7095319114077813,0.1369269926466647,-0.1014821757271917,0.7956160648917198,-0.2247336393686889,-0.0012140028086872,1.3224373921406245,0.0954355930854101,0.2736825960659476,-0.7672764848969872
2016-12-21,AEP,63.1,63.4,62.79,62.8,1506006,-0.4368213139648067,-0.427697936039737,0.7224165469010887,1.6051474060037287,0.126560648442927,0.6211930056068476,0.159299398132848,-0.0857248768519653,0.7335231305909287,-0.9177866773362,-0.0012594955338629,1.0755326040334805,0.2336885831637276,-0.385516797259373,-0.7818028136738563
2016-12-22,AEP,62.8,63.38,62.7,63.24,2143081,0.4032067674479002,0.4075184951284986,0.8134880508079791,1.5898246651922725,0.1571794439567972,0.5747359092744501,0.1636832697340238,-0.1048224053272811,0.936136597908089,-0.4324664961919568,-0.0012186755361372,1.3405035961484648,-0.4373862247785695,0.5030271668302304,-0.6951856274179313
2016-12-23,AEP,63.53,63.53,62.851,63.17,1121643,-0.1019091142866855,-0.0933523771234682,0.7069325689484073,1.460831413042059,0.1749770002207721,0.5045685830920021,0.1909201949081781,-0.13760244472973,0.6809590154290358,-1.2028083128201448,-0.0012551793146795,1.2306969519305997,0.4028609972764256,-0.4544393693304226,-0.6955119085672447
2016-12-27,AEP,62.97,63.27,62.795,63.13,1246507,-0.0724185774816991,-0.0639980409741882,0.6406207087093425,1.3829994148442206,0.1836938188633735,0.4250610598300329,0.2375158711539903,-0.2172640850752121,0.3703063906138829,-1.083118117387694,-0.0012566301161156,1.2071211963459014,-0.1023866555515348,0.1656524125513973,-0.9642542303249032
2016-12-28,AEP,63.09,63.12,62.3,62.39,1501844,-0.7627750347980674,-0.7548430711043466,0.2997227414278564,0.7355416800412009,0.1579617692071758,0.2727842472433621,0.251246939303524,-0.1755995424807668,0.1009894361291617,-0.8575270653281576,-0.0012595663458743,0.7709697180289774,-0.0728884254618597,-0.864583306478773,-0.4959639925362808
2016-12-29,AEP,62.66,63.38,62.5,63.28,1508331,0.8551214977999617,0.8522268270067692,0.5872725961076635,1.0065410801725814,0.1689517354849654,0.245484634032733,0.2002408409821257,-0.5889715195707318,0.8845823976635933,-0.8037330944316265,-0.001225674983544,1.2955302797885202,-0.763424978135528,0.721243404451687,-0.4323486128003669
2016-12-30,AEP,63.32,63.42,62.715,62.96,1677203,-0.3478280910849651,-0.3386789998808064,0.3469357855880408,0.6228164526864033,0.1615096388904467,0.1762011309317794,0.0091076541540912,-0.6924824307565842,1.0446179211267823,-0.6105301223499847,-0.0012615341799408,1.106506752132133,0.8548936199781122,-0.4558592333841169,-0.6581074795068835
2017-01-03,AEP,63.01,63.03,62.3471,62.76,1944263,-0.2307661748769237,-0.2217778224073601,0.1749858280379231,0.1844971524856582,0.1443801336098739,0.0958391052581261,-0.179509186213069,-0.6862240624898911,0.8483218755760917,-0.3756887902468357,-0.0012646807735621,0.98848148895292,-0.3483697859700551,-0.3260776410008839,-0.6844808017205308
2017-01-04,AEP,62.91,63.41,62.67,62.85,2127189,0.0562841254453041,0.0639476058265623,0.1351188175218494,-0.1168763864831365,0.1311390549142623,0.0415582278111263,-0.3564154402053044,-0.6959674386539945,0.7380282148469729,-0.1679775915274164,-0.0012184777655274,0.9427806447900338,-0.2312773314692197,-0.0983735705593794,-0.6100631855737777
2017-01-05,AEP,63.03,63.43,62.39,63.19,3885023,0.3038016140607323,0.3092684491720676,0.1990987379382221,0.680345171251669,0.1308221430931349,0.0314001089038884,-0.5438398800513663,-0.6946860220522649,0.751204136687441,1.342465362109696,-0.0011988371328802,1.1724907802478,0.0558478525248441,0.1654696719865092,-0.2196750057705533
2017-01-06,AEP,62.9,63.31,62.72,63.14,1769918,-0.0822586142643713,-0.0737910850125163,0.1167850574988977,0.4580878313828475,0.1254608325825048,0.0102894183887006,-0.681244922364399,-0.7326168902991579,0.536989906851511,-0.4785525376612083,-0.0012623845917508,1.132727843197055,0.3034299117690798,0.2619573511885339,-0.8125607222886433
2017-01-09,AEP,62.96,63.33,62.2,62.31,2382105,-0.8514023009519234,-0.8440939874664358,-0.2757351313790306,-0.4946353538626273,0.0858608914361575,-0.0947287798749322,-0.8952556711674745,-0.6464921470469148,0.3523361189821312,0.0860905938304323,-0.0012693792230477,0.2064453754612282,-0.0827310292444077,-0.8063143328480127,-0.0799265169010455
2017-01-10,AEP,62.58,62.7,61.82,62.12,2046802,-0.2228375953664184,-0.2138681047157353,-0.378712875962386,-0.6840845695853093,0.0447876590215581,-0.1825355648481773,-1.0196813078297764,-0.6950131540445876,0.1046299687282609,-0.2022538726342267,-0.0012658474805162,-0.3241696805286682,-0.8520753647498291,-0.5816668412639341,-0.4107064471569536
2017-01-11,AEP,62.21,63.19,62.12,63.18,2918425,1.0293593939813546,1.0228367177744873,0.038832618186565,-0.2045807518000663,0.0516621262290974,-0.1293644394005892,-1.0479288739806891,-0.6791713810133412,0.1241204014987303,0.5638452676397986,-0.001209439228154,0.9774933369509352,-0.2233466836064238,1.151713212939903,-0.1798848465226723
2017-01-12,AEP,62.96,63.4,62.8,63.29,2140333,0.0753987674079915,0.0829272824546742,0.0725951301328438,0.0798616574751914,0.0590623368199198,-0.0854742846244186,-1.0360287521038576,-0.7310112578962797,-0.0316421750256221,-0.0984344426291078,-0.0012185983830463,1.1237573245984045,1.0291769701214917,0.3696823230805199,-0.801238331475405
2017-01-13,AEP,63.09,63.3,62.75,63.23,2506564,-0.0920177249906264,-0.0835051195736359,0.0154106721183053,-0.1948959140960729,0.0601759090742097,-0.0665438596596563,-1.1109163952403314,-0.8523191401125775,0.1967113932864951,0.2987721182137218,-0.0012707015567151,1.0439769676997814,0.0749674809814471,0.1413368002702292,-0.8663915470378013
2017-01-17,AEP,63.45,64.03,63.3,63.81,1705804,0.5380882800413811,0.540583853286054,0.2214722509065,0.1538635552073301,0.0812519274638752,-1.652698121944739e-05,-1.1087332055441463,-0.8374073562963037,0.2345055680971259,-0.4278712624202331,-0.001223464658197,1.111964752990468,-0.0924926858591159,0.4023460599849483,-0.6378867065554137
2017-01-18,AEP,63.53,63.9183,63.39,63.46,1883858,-0.3744834764399217,-0.3653286633727421,0.0620077823276068,-0.0216393242865694,0.0815442224624413,-0.0002916070633582,-1.0981223659472306,-0.8665651736017257,-0.0154906865872337,-0.1675447006253446,-0.0012638153247586,0.5855106633502517,0.5377776968141963,-0.1095626544471194,-0.8975171550195692
2017-01-19,AEP,63.19,63.41,62.54,62.7,2628320,-0.7786012825556322,-0.7707712519437877,-0.2495141757817898,-0.0323211793987948,0.0495977178424584,-0.0834937863686825,-1.09204841077961,-0.8025361461751037,-0.2234790451116905,0.5348726810591334,-0.0012723818567307,-0.5576467884399237,-0.3750321249952477,-0.6121746728458926,-0.4349196323522857
2017-01-20,AEP,62.9,63.15,62.49,62.91,2014966,0.175523699766494,0.182250306371896,-0.1558058086079851,-0.4006750264295453,0.0304968764671741,-0.1169910137542383,-1.0940948115770626,-0.8057778170101026,-0.2371805544510798,-0.0410264867129037,-0.0012197145079207,-0.2417743346558048,-0.7792553545337602,-0.0143051382694694,-0.7169801203854897
2017-01-23,AEP,62.91,63.14,62.64,62.71,1317786,-0.230923359848955,-0.2219346436568999,-0.2372631459998535,-0.3354330766147196,0.0057260499187471,-0.1583832398917387,-1.091354390937478,-0.8192920357630102,-0.1885245525257783,-0.7280428524327727,-0.0012576234808835,-0.5426052430216348,0.1751185332310242,-0.2665066165372184,-0.9268297248710384
2017-01-24,AEP,62.64,62.9,62.51,62.78,2061077,0.0364994540763516,0.0442965013962822,-0.1985435244044173,-0.1769651288612414,-0.0126998580921912,-0.1751653097115752,-1.0929495944070464,-0.8413843427485733,-0.2743051087646843,0.0185248340333878,-0.0012192555351572,-0.4373144250935916,-0.2314345574465656,0.1425412065283184,-1.0735963558161974
2017-01-25,AEP,62.68,62.83,62.41,62.53,2316942,-0.2809175048969492,-0.2718332678134192,-0.2894922157791473,-0.375325440740631,-0.0383949768800102,-0.2073017889704683,-1.0845379002179507,-0.8359189613195442,-0.3162721324220349,0.2079438666931534,-0.0012688526606918,-0.8133530605508873,0.0360580198693976,-0.2071201209578265,-1.031542019374731
2017-01-26,AEP,62.5,62.82,62.14,62.64,2525638,0.0765255325894847,0.0840459101677566,-0.2334481951104831,-0.5245036767294805,-0.0554859564210657,-0.2108640660733601,-1.0820038427573564,-0.833834899781409,-0.2814704435190934,0.3375408343869037,-0.0012139390516642,-0.6478960609496781,-0.2814417446169589,0.1429194479048562,-0.686601927516917
2017-01-27,AEP,62.78,63.04,62.48,62.97,2537346,0.2949917023910011,0.3005533848190278,-0.1078840984931846,-0.2870127151017662,-0.0570814629004466,-0.17382880684353,-1.1001974712422349,-0.8845846207334144,-0.0309454747868019,0.2921382105834493,-0.0012141022323751,-0.1515250621460505,0.0760945401055489,0.2023365103191703,-0.8501633272219891
2017-01-30,AEP,63.11,63.4,62.775,63.21,2265025,0.2042904266903803,0.2107571989755091,-0.0063424743229099,0.3976830317968541,-0.0500201010697156,-0.1219179694540953,-1.1029438300689722,-0.9743346757762644,-0.183723132808381,0.0060456339679166,-0.0012174329701399,0.2094720278929561,0.2946177018312972,0.0933978924356436,-0.7672764848969872
2017-01-31,AEP,63.15,64.105,62.95,64.06,2712252,0.8042026893291226,0.802279361049355,0.3247885926457273,0.9144900016406244,-0.012523412602621,-0.0020492927129857,-1.0321073320672347,-0.9056681655145812,0.0891177845656316,0.355252574905435,-0.0012127154446852,1.377413470273885,0.203892764617147,1.0623948425900271,-0.0886905496569957
2017-02-01,AEP,63.58,63.81,63.02,63.09,2779623,-0.9757106289652312,-0.9694942139532748,-0.0862374452937615,-0.2410888888495498,-0.0224196780534433,-0.0281429988533488,-1.0349709474094162,-0.8004103558500532,-0.0902532189758968,0.370701464587229,-0.0012731185376568,-0.033727051091196,0.8039615281651568,-0.608581016545537,-0.5477468060653864
2017-02-02,AEP,63.11,63.81,62.97,63.78,1802748,0.6479049852256595,0.6487110970190212,0.181578841391144,0.0656366339454029,-0.0047485559702922,0.0219400171848385,-1.0072426869737827,-0.7552495491971116,0.0498419214415709,-0.4670062946693077,-0.0012227678151457,0.9700739383334472,-0.9764161214490884,0.7757702191900083,-0.493702046561716
2017-02-03,AEP,63.78,64.34,63.64,64.03,2288855,0.2110382839261101,0.2174422064452406,0.2678954104690232,0.2132488222861447,0.0172004276976732,0.0730175720929592,-0.9632061255170922,-0.7600868018624719,0.0277549160159803,0.0299480206434285,-0.0012175713889729,1.033951658301148,0.6476230502113626,0.2698255985671259,-0.6802103353900885
2017-02-06,AEP,64.25,64.41,63.72,63.82,1741371,-0.2371845152475702,-0.2281816339236533,0.1662497351382613,-0.1836244223885333,0.0243536001352261,0.0757954526165714,-0.9404447654290564,-0.7546089003561427,-0.0093069517326457,-0.4651750728395011,-0.0012616617931549,0.6856327648990399,0.2106423821866103,-0.5319549573760309,-0.690271049003909
2017-02-07,AEP,63.82,64.01,63.56,63.93,1552844,0.0743117621009704,0.0818481083181917,0.1779235296541995,0.0747824531552482,0.0322833777990653,0.080016725518962,-0.9488381952275016,-0.839214638269767,0.2143591956845217,-0.6094369732072497,-0.0012256915194798,0.8268142201572146,-0.2376973462115477,0.1039043261064126,-1.004691852886772
2017-02-08,AEP,63.32,64.02,63.32,63.8,1817031,-0.1595961505883074,-0.1508132567898228,0.088795054414538,0.5125346180629026,0.0313935270217856,0.0606921720599447,-0.9970797443640032,-0.8427286961949816,0.2297124126633684,-0.3564698377309787,-0.0012624999051567,0.5573980806470694,0.0738801921040949,0.5464070258514258,-0.6769257567194149
2017-02-09,AEP,63.68,64.02,63.36,63.42,2517027,-0.403811940378652,-0.3946640911727534,-0.0737529106503984,0.1247182094540692,0.0138770683656083,0.0024359268331058,-0.9972333632073516,-0.9458109922690922,-0.1116875878198387,0.3154908016705235,-0.0012703211702776,-0.0068744293348926,-0.1600887408431447,-0.3347880354921926,-0.7240112671233668
2017-02-10,AEP,63.35,64.075,63.31,63.95,2429795,0.487293453546325,0.4905065324541662,0.1321530915823146,0.5245920945602627,0.0189391741427275,0.0139477668216404,-0.978270890937609,-0.9156592348782224,-0.0143228545619023,0.2185192961924657,-0.0012157855243261,0.7692560617860452,-0.4043682399382325,0.6892488966005271,-0.594361313887888
2017-02-13,AEP,63.97,64.1,63.455,63.79,2188901,-0.1887628296001439,-0.1798858999475076,0.0541790122096546,0.3821935285559726,0.0147874285851147,-0.0005590559102263,-0.970188276784438,-0.9123361534174758,-0.0374047097908288,0.0092150386520654,-0.0012667298352951,0.5349525172967005,0.4869696193205732,-0.2389055977341438,-0.7486392426566693
2017-02-14,AEP,63.64,63.74,62.96,63.27,2218831,-0.5405078709128163,-0.5315761354216204,-0.1500162274754514,0.2088814342356547,-0.0105424010150244,-0.0666765378486141,-0.9795240140630778,-0.9202859113143768,-0.2917636875267537,0.0128004047106942,-0.0012672708805771,-0.2265340022936461,-0.1892630286539172,-0.4655711157410482,-0.5638879862008762
2017-02-15,AEP,62.93,63.33,62.69,63.29,2068263,-0.0133159300444151,-0.0052102169728686,-0.1382099926616976,0.1663270284339721,-0.0311662355927611,-0.1074573732235539,-0.9800626506915502,-0.933419328533376,-0.206820054316053,-0.1348633562276638,-0.0012196090510895,-0.1972460592324844,-0.5410998307493307,0.4058881632367608,-0.748565960434844
2017-02-16,AEP,63.39,63.721,63.3057,63.7,1890265,0.3703187835309734,0.3750299306170452,0.0108690217441856,0.2042223189142856,-0.0326942255914187,-0.0909296663045736,-0.9961509976847716,-0.9911694850210162,0.06675828981409,-0.2692666960605836,-0.001221771323185,0.4031567735214527,-0.0137703597398695,0.3431589720945411,-1.0479728958989256
2017-02-17,AEP,63.8,64.13,63.5312,64.11,1956203,0.3677228796236084,0.3724648275207836,0.1555321690074292,0.2811803301445777,-0.0192436708059179,-0.0391529843448513,-0.9852133027591192,-0.97838374972346,0.1126670563594323,-0.204839881210896,-0.0012212032061541,1.003559606275379,0.3699644337726033,0.3407845996116391,-0.8129038937074123
2017-02-21,AEP,63.98,64.87,63.75,64.76,2067267,0.5982272352836073,0.5998209960871189,0.3812105158214089,0.1901421983474961,0.0151266404066768,0.0561154541407086,-0.9400993465261372,-0.949038046990833,0.3126287194403424,-0.1337173214276313,-0.0012201569729018,1.308937371563336,0.3673678526640088,0.8947586667941564,-0.1499748827478087
2017-02-22,AEP,64.67,65.405,64.52,65.31,2455852,0.4957550475013924,0.4988514136240313,0.5547768589677804,1.1140022468307038,0.0616046763875933,0.1634952800529931,-0.8503306698512603,-0.9273661225704576,0.4243830420265579,0.2050995601553069,-0.0012161338429282,1.3461567779028298,0.5979323406858505,0.7213739161734044,-0.4619920905480409
2017-02-23,AEP,65.55,66.09,65.31,66.01,2286647,0.6342926761184838,0.6353184526462798,0.7691585431402936,1.117269474004054,0.1228752272851407,0.2874748195307758,-0.7284264098226506,-0.9131979919849896,0.649877797189813,0.0515625177332257,-0.0012181995137537,1.3755535564978498,0.4954334206770062,0.5038714151837981,-0.6065356819412083
2017-02-24,AEP,66.19,67.22,66.15,67.15,4094073,1.0422071496218286,1.0353983649542238,1.1406258420353346,1.363845784225146,0.2121562541534271,0.4587569340721171,-0.4979597949579434,-0.8224870305101634,0.8899358588394207,1.5792645728601642,-0.0011992108667852,1.393787463665259,0.6340071900203281,1.0694639862968132,-0.2633310569579432
2017-02-27,AEP,67.06,67.12,66.51,66.7,3101297,-0.450212973421923,-0.4411045503126675,0.877001386287555,1.1885504904436104,0.2605030210777667,0.4904185452770068,-0.3861039690596037,-0.7820539605585866,0.7024742922024865,0.6671195355432147,-0.0012751504148705,1.0612949995504837,1.042028077394471,-0.4319032293181998,-0.8291361303949797
2017-02-28,AEP,66.7,67.15,66.48,66.97,3912044,0.2190229992963694,0.2253516196874443,0.9074866498664862,1.2282686429646636,0.3042409622925052,0.5038847962035669,-0.2748908814877336,-0.7818523677266256,0.7061415630060051,1.2582785980937832,-0.0012013022258011,1.2594250249609606,-0.4507813777580092,0.2795152631383054,-0.7575419711038051
2017-03-01,AEP,66.2,66.74,65.89,66.12,3147106,-0.8231906357617379,-0.8156698424078281,0.518367955252194,0.7819843407806903,0.3002935727981604,0.3919165765842556,-0.2298696185468066,-0.7408343030358706,0.3048035998934584,0.588614667244029,-0.0012755293115661,0.6356823523724173,0.21862918055349,-0.1176178018038039,-0.5199426173335434
2017-03-02,AEP,65.9,66.96,65.86,66.5,2442862,0.3248087701585094,0.330044494160854,0.6016422697040303,1.1000625637522683,0.3068866399239844,0.3294729547792155,-0.2128038941326108,-0.8636204886883612,0.6263276763378658,0.0137943798781681,-0.0012169278247597,0.9145320177649412,-0.8238563398980245,0.6615600970404194,-0.2127532957782466
2017-03-03,AEP,66.57,66.62,65.957,66.52,2127375,-0.0142718212476237,-0.0061605724677234,0.5527726189572276,0.9706213654139484,0.307656196901481,0.2645284424628757,-0.1793750964579557,-0.8953424715564821,0.4634597966065532,-0.2640366620141551,-0.0012204639901946,0.9292083159434924,0.3244425480666047,-0.0830626716000275,-0.7606716185310558
2017-03-06,AEP,66.37,66.5973,66.06,66.35,1832269,-0.1921040763463225,-0.1832172458745846,0.4360450554526714,0.9643430451464956,0.2964620494953681,0.1817784634769606,-0.1590138731469342,-0.8875298981137285,0.3646610306486755,-0.4963507912786477,-0.0012617155097915,0.8044597814257813,-0.0147265003092802,-0.0490833988764472,-0.91643250924497
2017-03-07,AEP,66.25,66.52,66.13,66.24,2769998,-0.136212081105111,-0.127514435069929,0.3418751047097286,1.2385509872680978,0.2783566260535961,0.0977889747474,-0.1618272461586239,-0.8940865474074527,0.3894244892464503,0.2465823870421296,-0.0012716410128294,0.7237401414437348,-0.1926051470411448,-0.037720593897693,-1.1006394912749238
2017-03-08,AEP,65.77,65.9,65.02,65.15,3126137,-1.0574715997161015,-1.0521120309982497,-0.1221920560875382,0.5721643200134713,0.2169137241803667,-0.0809525396808023,-0.1884704075517167,-0.7537564781461621,0.1127919445836319,0.4604866143658634,-0.001275704812235,-0.0761181092874533,-0.1366985710876845,-0.7385273886148331,-0.4656146723799449
2017-03-09,AEP,65.21,65.65,64.81,64.84,2532275,-0.3292353619244452,-0.3200970503036409,-0.2678913698334044,0.2840940697452593,0.1525647254251035,-0.2314259945703799,-0.2220891503615842,-0.7441427295187478,0.0719276192381357,-0.0436884193772699,-0.0012697582660928,-0.3036007310550429,-1.0581984214293514,-0.4549955956233935,-0.5116458954444034
2017-03-10,AEP,65.3,65.59,64.945,65.4,2358634,0.5047044658811134,0.5076761668903285,-0.08240090982534,0.3352662789579504,0.1205213980346742,-0.2686505165186623,-0.2872687053715388,-0.7425750956307153,0.2910435177471433,-0.1750812695986244,-0.0012172661780191,0.1073356179444722,-0.3297722064685759,0.0893829670021813,-0.7693842318558521
2017-03-13,AEP,65.41,65.8499,65.33,65.81,1922007,0.3573066385143129,0.3621711079302597,0.0447601478791319,0.2523395604620631,0.1083178779562375,-0.2473628115908687,-0.3234843012653175,-0.7524675938031593,0.2596846156368281,-0.5057791127776111,-0.0012221644232641,0.4081997306048279,0.5043851737183122,0.4357032330345396,-0.932929843974342
2017-03-14,AEP,65.77,65.93,65.52,65.79,1641890,-0.0519165832427256,-0.0435989316921076,-0.0035747432444736,0.0292612166335139,0.0950673705893785,-0.2330275749055495,-0.3789206125697504,-0.7577657273295798,0.2929886254036212,-0.7156035799399258,-0.0012601300456156,0.3935234324262767,0.3569488942386885,-0.0033420077010292,-1.071947818312567
2017-03-15,AEP,65.86,67.0,65.82,66.68,1776023,0.8092239504691178,0.8072066262407156,0.2836744723193716,0.1069748143388251,0.1165530682746884,-0.1321489917234167,-0.4718701051112248,-0.7476586099369572,0.6240693416976071,-0.594208471954945,-0.0012237453091155,1.0466187013719328,-0.0523810828062259,0.9143525021606776,-0.1164856590343897
2017-03-16,AEP,66.47,66.5,65.86,66.01,1615280,-0.6585642062797676,-0.6500632430671834,-0.038615571118743,-0.7307503250732984,0.1043137622206064,-0.1382537042399416,-0.6177488288279303,-0.6876085801080162,0.4637035636365714,-0.7132680164289035,-0.00125983891612,0.4152979177383477,0.808984099216589,-0.5491662751485007,-0.7832925410693732
2017-03-17,AEP,66.16,66.86,66.08,66.47,3823567,0.4008578767990165,0.4051986965896874,0.0891676335051792,-0.298117539173499,0.1097562723421998,-0.0976247838026354,-0.7432626377754485,-0.6858694424811087,0.4711689241615877,0.9868614581812316,-0.0012019078792609,0.7670123042743572,-0.6591869638261812,0.3276896976300744,-0.6133508252985966
2017-03-20,AEP,66.62,66.86,65.99,66.13,1861478,-0.3514514778270429,-0.3423009352623603,-0.0863977945293885,-0.5830969232093246,0.097864327695923,-0.1097402356193188,-0.8616185637608591,-0.6749884894603692,0.2952719198402039,-0.5658157587347159,-0.0012622846671258,0.3986833989328484,0.4005114938654012,-0.5820111580090707,-0.4948994694614438
2017-03-21,AEP,66.1,67.22,66.09,66.98,3159335,0.7672358014030494,0.7659924035739271,0.2067186619523526,0.214497816256798,0.1188262668859804,-0.0348672656449112,-0.9009663472854862,-0.6546299538802398,0.3359841363080636,0.4122502842471626,-0.0012092482692151,1.147395948864671,-0.3519941179558878,0.9795165950034116,-0.1853046262688217
2017-03-22,AEP,67.34,67.8,67.1208,67.44,2609343,0.3945748325730493,0.3989930435880849,0.3462071397068862,0.246484227562061,0.1501157639690522,0.0516140665662984,-0.8754121276355389,-0.6620169004472797,0.3115056023322219,-0.0213576564923048,-0.0012154024596638,1.0426428480192078,0.7669849965762789,0.0858779623032074,-0.7519835725522789
2017-03-23,AEP,67.35,68.03,67.23,67.45,2554667,-0.0237644242055232,-0.0155989941262149,0.3211709654722058,0.2425300019125163,0.1716318671122786,0.0956425845793202,-0.8319974426467509,-0.69503767632338,0.1529083147381233,-0.0738732071780768,-0.001216235112627,0.8441131336473452,0.394226810562863,0.0858613038751375,-0.6028481778378298
2017-03-24,AEP,67.39,68.02,67.27,67.79,1969462,0.2808324632421019,0.2865440131453546,0.442759098066469,0.4617493071270291,0.1980849090144738,0.1435729943678223,-0.784892666271615,-0.7984459840972369,-0.0275009006922039,-0.4610457326199692,-0.0012224923646641,1.195113668656805,-0.0242215796309527,0.4221285309704278,-0.6692757438282397
2017-03-27,AEP,67.94,68.25,67.34,67.69,2565655,-0.1248356027191814,-0.1161825995946815,0.3832628935279928,0.4672748822370517,0.2109853250587422,0.1470330965435603,-0.7362882309054609,-0.8198080380532995,0.0505093175008757,0.0404198952208623,-0.0012688546809731,0.9017329205161988,0.2804547689192607,-0.3043257691371631,-0.4709193799937887
2017-03-28,AEP,67.48,67.9,67.42,67.84,2644982,0.104966811502703,0.1122750957086193,0.4249907732574866,1.2339601810005263,0.2228473569781905,0.1471283954222467,-0.6881220231740808,-0.8236736018831711,0.0233144207657963,0.1610427666079747,-0.0012154981785865,1.0466826968581733,-0.1253191248857549,0.3767457291953311,-1.0016480073744276
2017-03-29,AEP,67.59,67.72,67.28,67.39,2272428,-0.4459694639591363,-0.4368559878147946,0.2218809923506051,1.1268305071178302,0.2104163802494586,0.0846748484595774,-0.6703644452665997,-0.8809656662969052,0.1146149723726139,-0.1147653155088808,-0.0012658597426749,0.6118333678322626,0.1045432385804062,-0.2498756133208531,-1.0471782078906533
2017-03-30,AEP,67.16,67.39,66.85,67.16,2081137,-0.245480812671425,-0.2364601329437199,0.1180023547114773,0.7748896592274074,0.1876536524161147,0.0081182614032907,-0.6603580553206495,-0.8845170314078161,-0.0217157063729502,-0.2636563572088207,-0.0012640892690093,0.3895770441079057,-0.4465367612781955,-0.0263165508545973,-0.9212216948410988
2017-03-31,AEP,67.08,67.51,67.07,67.13,2260376,-0.0608063635543397,-0.0524432752421744,0.0940472316742173,0.5888606365596156,0.1648370787577155,-0.053265606468496,-0.6524319409709717,-0.8841171994097999,-0.032798729535665,-0.1157328126333437,-0.0012661109599286,0.3605870888395107,-0.2459958079153669,0.029998136951355,-1.0450706869731587
2017-04-03,AEP,67.02,67.18,66.5,67.15,1940711,-0.0144475438714179,-0.0063352790428833,0.08604045953027,0.6124319069777219,0.1441836927978989,-0.0968046928682175,-0.6468399041267704,-0.8885957398945465,0.0096027731910089,-0.3922440746784111,-0.0012224453409937,0.3799137256851166,-0.0612731822214633,0.120232719077689,-0.7473658304617602
2017-04-04,AEP,67.16,67.52,66.96,67.29,1767622,0.0968047797301432,0.1041752468354502,0.1203185955013601,0.2339050349693384,0.1301293342331034,-0.1146501790729281,-0.6413025557577597,-0.8903670675876864,0.0653261450072026,-0.5071352248563742,-0.001224386387111,0.5152001836042885,-0.0149022687743617,0.1199272262576991,-0.8977456375474936
2017-04-05,AEP,67.28,67.9,67.1,67.83,2162664,0.4666226261299342,0.4701160917453539,0.2793193574508174,1.1125776496841957,0.1369681707781766,-0.0751478434922096,-0.6799270782202173,-1.0293655148526015,0.4366666068358989,-0.1238083942896638,-0.0012204385777167,1.0370193784353705,0.0963790775541648,0.5913035715927616,-0.6083858569372298
2017-04-06,AEP,67.62,67.77,67.36,67.62,2073761,-0.2257453851525576,-0.2167688596355236,0.1416827303282684,0.6865565480599823,0.1309180342951627,-0.0767219697232195,-0.7881699425819381,-1.0403061921534749,0.4622054633190002,-0.1840154368415416,-0.0012638935484522,0.8092223623021898,0.4662933994435054,-0.0263165508545973,-1.0860036926715229
2017-04-07,AEP,67.8,67.99,67.295,67.32,2934580,-0.3092073895405215,-0.300086926672692,-0.0137012548908428,0.7264725442747091,0.1113370049978569,-0.1128095558829006,-0.8715955848865852,-1.0447392294376412,0.263687806788864,0.5549382914111173,-0.0012729179409576,0.3841497008841394,-0.2262552319563961,-0.5611964457959828,-0.7309273275672703
2017-04-10,AEP,67.47,67.63,67.03,67.5,1556692,0.13346929785359,0.1405521262336555,0.023500227215534,0.2958607941472261,0.1000534184699712,-0.1203221499594432,-0.9274162954428438,-1.0571696210811532,0.2096734633853725,-0.654335333608345,-0.0012265075636108,0.5296420660823122,-0.3097390093274935,0.0072769507730028,-0.8505162608266954
2017-04-11,AEP,67.39,67.54,66.9937,67.39,2046600,-0.1344535856419774,-0.1257627046755162,-0.0508616903153496,-0.2414184901250665,0.084116196639642,-0.1383106023786258,-1.0066407181044932,-1.0538627661774866,0.1896970771809515,-0.2331116006348536,-0.0012638851328376,0.266419442645341,0.1330531604602998,-0.0263165508545973,-0.9157175561605664
2017-04-12,AEP,67.15,67.85,67.02,67.79,2286721,0.3365426867217331,0.3416462857461714,0.0834905600666012,0.124064648002623,0.0845572229905999,-0.1105440354405797,-1.0076196991123836,-1.13157598088444,0.0770052033368869,-0.0429945325739842,-0.0012188659976842,0.8030781215554277,-0.1349396168805711,0.6937600314641051,-0.5709239408143113
2017-04-13,AEP,67.8,67.9,67.29,67.54,1899033,-0.2625949422203751,-0.2535410443616264,-0.0439823011842246,-0.4258408694133123,0.0725355475793827,-0.1204095616853655,-1.0890056401044703,-1.1962919871501303,0.1729323937663117,-0.3924292048762171,-0.001262340670441,0.3985562337928222,0.3361795256917966,-0.3160431606145019,-0.8386155162999048
2017-04-17,AEP,67.67,67.875,67.56,67.74,1452586,0.1513629664199485,0.1582976588994798,0.009092007670826,-0.143097069134044,0.0683948562769502,-0.1080164652532918,-1.1290784160659837,-1.2178324631281232,0.1131296079566373,-0.7128240724491682,-0.0012275852474124,0.6927315910886005,-0.2631144020785658,0.0518366183671018,-1.203777829622035
2017-04-18,AEP,67.77,68.12,67.65,67.98,2427455,0.1875815920185616,0.1942008839454287,0.0662651574045914,-0.0639921259296975,0.0720321978710823,-0.0780814653277194,-1.2345386752538678,-1.242017692749846,0.243382215702674,0.1525232135605922,-0.0012175724044535,1.02735606001258,0.150951497001586,0.207796993246027,-1.015122017603157
2017-04-19,AEP,67.99,68.13,67.51,67.74,2802215,-0.2527949397810263,-0.2437594869227738,-0.041869018746461,0.144744337613968,0.0630465647112794,-0.0866247851042362,-1.2564217900022407,-1.3365051211096692,-0.0008335093733859,0.5121050785642343,-0.0012714654055859,0.4741172755667781,0.1871795710615685,-0.3041213205283364,-0.82853481192093
2017-04-20,AEP,67.54,67.65,66.965,67.44,2518590,-0.3087180868895106,-0.2995981410003459,-0.1584474966063469,0.0720829104310517,0.0419391088960783,-0.1246608037679315,-1.2564217900022407,-1.3546971780243515,-0.1674769497128712,0.2580825198516164,-0.0012688254303862,-0.0957424165662155,-0.2533118430832201,-0.1381788327030967,-0.7448160609470232
2017-04-21,AEP,67.28,68.03,67.28,67.86,2721113,0.3547319484874928,0.3596264390068803,-0.0032392566803361,0.4168899594247192,0.039588175363611,-0.1068106532294455,-1.2485174715745666,-1.32319354566973,-0.0782036316621749,0.4338860361746757,-0.0012142240544695,0.7020611524199863,-0.3092495790306341,0.6249919419080735,-0.670226869244212
2017-04-24,AEP,67.82,68.09,67.3601,67.97,2714533,0.0679232632383647,0.0755052543106789,0.0359761461878597,0.4747601462390106,0.0398981027634343,-0.0856815225646379,-1.238473665921607,-1.341137052382536,-0.1284803585740414,0.3870798060418526,-0.0012145816237245,0.9110097062020848,0.3543735325447674,0.1407841240800964,-0.6963629872455184
2017-04-25,AEP,67.74,68.03,67.545,67.86,1824482,-0.1337520254681154,-0.1250638572880222,-0.0100660746228262,0.276231155224756,0.0337296490041687,-0.0854534596134476,-1.2326073832970783,-1.3407229692343046,-0.1305924258819064,-0.3828204900284676,-0.0012614238678901,0.8922474545797188,0.0674900266546513,0.1075218639558063,-0.995681152414214
2017-04-26,AEP,67.79,68.12,67.62,67.69,2821581,-0.1889622436818006,-0.1800847180937503,-0.0731720468168568,-0.3163052478294412,0.0202214082618186,-0.1041634945953459,-1.237503777115572,-1.3394290918610898,-0.1999501576691088,0.5149746524870753,-0.0012718483526033,0.5455536746010495,-0.1342378736886047,-0.1377663003168728,-0.9757170195618308
2017-04-27,AEP,67.44,68.46,67.21,68.1,2225418,0.3441024260636387,0.349119750434457,0.0721901017263468,0.2221355223802642,0.0236826995432526,-0.0754522392756089,-1.2189737509465244,-1.3504643792227429,-0.0127440493118956,-0.0236197396650627,-0.0012194821889541,0.8323147963361005,-0.1894624947573228,0.7130692469791805,-0.0615724455616396
2017-04-28,AEP,68.1,68.24,67.74,67.83,2671290,-0.2798340771870323,-0.2707514837452555,-0.0456701405198886,0.2516739588484417,0.0139429126616292,-0.0864625829600479,-1.233125523295118,-1.3464217682326045,-0.0209613425465787,0.3494853598225752,-0.0012703575770067,0.3743918294435172,0.343741237165553,-0.3258610735172496,-0.9769876219922168
2017-05-01,AEP,68.03,68.03,67.34,67.47,1694436,-0.3634234866531807,-0.3542696554134101,-0.1919368314091344,-0.2136130878138424,-0.0095302465514483,-0.1306203218740411,-1.2540441804284923,-1.3196054613771582,-0.0930925189630443,-0.5065706670949163,-0.0012604232817952,-0.2361721264132683,-0.2803580342700095,-0.6482333477069184,-0.7390163120169777
2017-05-02,AEP,67.67,68.16,67.55,68.01,3172017,0.4652897172748509,0.4688010324667913,0.0007855289405572,0.2654299708226486,-0.0084792500495106,-0.1028217583686915,-1.2701248338787683,-1.2743660710468792,0.0206158661586513,0.7568637331410689,-0.0012093339307958,0.4456242909601632,-0.3639692499558357,0.3532845567936968,-0.8438172945526389
2017-05-03,AEP,68.0,68.25,67.77,67.9,1879033,-0.1336927659577932,-0.1250048272830976,-0.053713277806088,-0.1020998748386486,-0.0135157852494162,-0.0962521093704403,-1.2850582537591233,-1.2725569836316597,-0.0343398534699288,-0.3889517747438467,-0.0012622444145844,0.1977003836525724,0.4649601428684957,-0.137422117267047,-1.0021690759073076
2017-05-04,AEP,67.71,68.12,67.67,68.02,2284967,0.0770328891990866,0.0845495960625844,-0.0109092955201576,0.2038632197305749,-0.0143157170467483,-0.0800914459451127,-1.2775158911088775,-1.3180514755293158,-0.1263381555438504,-0.036707680233381,-0.00121878444259,0.4645243197683382,-0.1341785987190765,0.3195858771434219,-1.0399656703046785
2017-05-05,AEP,68.22,68.66,67.89,68.41,2674812,0.3239671240233597,0.3292122414752528,0.1247493835510062,0.3318778150092074,-0.0012823306504119,-0.0315561923095983,-1.239588155474868,-1.3044023729882848,0.0041050396318315,0.275495703372451,-0.0012149420000546,0.9525864900332242,0.0766020290707896,0.1841032553677588,-0.6532671584378028
2017-05-08,AEP,67.99,68.18,67.52,67.73,2650883,-0.6518451221195671,-0.6433135531651158,-0.1464934675949425,-0.3631289233053856,-0.0191900356978233,-0.0723698261384089,-1.259119719480482,-1.2403276803088643,-0.0780312381484067,0.2688225408068356,-0.001269954611118,-0.3810084630410415,0.3236006823687062,-0.3152335113152758,-0.7792027248987757
2017-05-09,AEP,67.63,67.77,67.2371,67.31,2340668,-0.4190638970219225,-0.4099251644401538,-0.3054271114318118,-0.4762828484562185,-0.0510194055362639,-0.1408548587174634,-1.2456027941972891,-1.2169062493236362,-0.2088168668756075,-0.0358471841155302,-0.0012670047381589,-1.2046994634692767,-0.6524661268383657,-0.3837994911377543,-0.9315059829082136
2017-05-10,AEP,67.35,67.62,67.125,67.41,2236261,0.059498441420997,0.0671396329890925,-0.2670959208454144,-0.2099870744273513,-0.073161625425435,-0.1707083275718467,-1.2469930731495065,-1.2169968402682676,-0.1631182764621416,-0.1331264860900727,-0.0012192916036245,-1.0085825586054231,-0.4196241754051268,0.0409901619832404,-0.97934162080331
2017-05-11,AEP,67.23,67.56,66.93,67.55,1491189,0.0963041386691223,0.1036783854444648,-0.2082638204342534,-0.4214052131160885,-0.0859055795961505,-0.1704001284835769,-1.2421134627343953,-1.2393397823009191,-0.2194724045646464,-0.748061666311221,-0.00122722434392,-0.6899776099812112,0.0590630070287756,0.3332933145529572,-0.814051636244088
2017-05-12,AEP,67.59,68.3,67.55,68.06,2241667,0.437049835916099,0.4409327573334304,-0.0208850990530985,-0.1277495338420563,-0.0767453506009053,-0.1137725788158639,-1.241390495769829,-1.2104877204591138,-0.0544031305014841,-0.1099853982071851,-0.0012195605570259,0.2899834212879791,0.0958783058894104,0.4990472459410948,-0.6729335898667205
2017-05-15,AEP,68.08,68.72,67.87,68.56,2427672,0.4243800772728502,0.4284256416564193,0.1566156126759884,0.2479761198774618,-0.050917185945353,-0.0255675596241626,-1.1987244140427542,-1.1828626718106117,0.0103053149024118,0.007797627969729,-0.0012178471707215,1.1457452069466347,0.4367128944872882,0.5063634855294497,-0.5580722894833497
2017-05-16,AEP,68.43,68.6325,67.85,67.86,1556720,-0.6686527853067362,-0.6601991580518266,-0.1118521930821265,-0.0935837641169268,-0.0590129953611918,-0.0423232695424004,-1.2000928845759216,-1.1198546093457262,-0.193402015058575,-0.7039835332459886,-0.001258509528385,-0.1542140535057483,0.424039830646144,-0.655638742020292,-0.6303126647044963
2017-05-17,AEP,68.01,68.5,67.92,68.15,2243927,0.2330639462584626,0.239257699460231,-0.0076229366348861,-0.160273852517908,-0.0550770950353661,-0.0247584237232005,-1.194378841294317,-1.11748947411114,-0.078585817405228,-0.0890897548626606,-0.0012198025090379,0.3843404972531055,-0.6692781746909856,0.1292083708108319,-0.8820399900291224
2017-05-18,AEP,68.35,68.89,67.81,68.31,2139887,0.1131710295788551,0.120415741785618,0.0373337154665015,0.0927370444526685,-0.046817422387432,0.0004227684571894,-1.1953636397464191,-1.1301657101372584,0.021984765603798,-0.164394482683824,-0.0012210433820374,0.4591923788680661,0.2326737904194834,-0.0705312020092162,-0.2736818563102534
2017-05-19,AEP,68.3,68.74,67.88,68.72,2377568,0.3406797785617846,0.3457362752529828,0.1789942315372104,0.5374408632215114,-0.0255375228298603,0.0540815621287118,-1.1526312845673836,-1.1316905196909497,0.018647904188879,0.0601136121353772,-0.0012188234281046,1.1545568841494007,0.1127495969155073,0.4382771499857767,-0.548350398715398
2017-05-22,AEP,68.68,69.58,68.5984,69.42,2881486,0.6011807067883062,0.6027287193943621,0.4207998924524973,0.6053560189172266,0.0169839718866446,0.1516840973391361,-1.0400261469991638,-1.080000732424271,0.1458303447051605,0.4968327081316842,-0.0012140080104247,1.2421734518190035,0.340317696787391,0.7877242327614109,-0.4128827090706273
2017-05-23,AEP,69.43,70.07,69.37,69.59,2251938,0.119465299137273,0.1266605134757981,0.4522910670456551,0.7522999936363881,0.0550423859238623,0.2182782326692066,-0.94195645412718,-1.0835860056913451,0.2069370005778619,-0.0766878637982522,-0.0012205081587204,0.9347236127112396,0.6008865826715092,0.1477909765208159,-0.7530051536544718
2017-05-24,AEP,69.74,70.235,69.66,70.2,2009067,0.5127347066843637,0.515593476214888,0.637604591364705,0.9222840049652036,0.1062895088621964,0.3055010506061874,-0.8074723965521591,-1.0632438012436654,0.3771121962619352,-0.257506822183389,-0.0012230596747699,1.407675619421184,0.1190455084788823,0.4720175640553083,-0.9086886553404676
2017-05-25,AEP,70.17,70.93,70.08,70.8,2214239,0.4991239355686257,0.5021735208077923,0.814620731879877,0.9866209059856704,0.1668965817098152,0.3993716548943344,-0.6364970735877916,-1.0481372010395822,0.4148091545385141,-0.0745570128270326,-0.0012212052918899,1.334842852225997,0.512417509394539,0.6520021701243935,-0.5907627358254953
2017-05-26,AEP,70.8,71.01,70.71,70.87,3464774,0.0285585137971795,0.0364074163090134,0.7811376883162683,1.5306599467967523,0.2135254891027216,0.4384885810731623,-0.5107317728446193,-1.0681019443954758,0.4907437569914643,0.9849566417119512,-0.0012093194681513,1.3288136994375062,0.4988031875961627,0.0483815418181916,-1.238533467795285
2017-05-30,AEP,70.77,71.26,70.7,71.21,2027892,0.2656879240643734,0.2715562611231769,0.8371314656458427,1.979120850276507,0.2591763847960907,0.4672647367377109,-0.4022497993788001,-1.1000844272468169,0.6466285075065354,-0.2839770893349346,-0.0012233987322517,1.4044932840930795,0.0281150080133441,0.4434133554702104,-0.9359260444760494
2017-05-31,AEP,71.26,71.91,71.24,71.78,2857064,0.4653480290475899,0.4688585639448246,0.9798480251328464,2.042517632327099,0.3124894345389371,0.5100079138916703,-0.2560663986781331,-1.1000785476189832,0.6466429103686383,0.452648343323437,-0.0012156911435749,1.356102928926318,0.2653062789402245,0.5250015558454324,-0.8134139558344258
2017-06-01,AEP,71.65,72.22,71.4,72.21,2715088,0.3399623872128312,0.3450270710342538,1.0578790541970875,2.0767290128522573,0.3657510416440332,0.5440700431508337,-0.1148816174522628,-1.1066223309607623,0.7647620550595468,0.2864415138992401,-0.0012172812708337,1.4365948551466776,0.4650184698532015,0.5641789088783031,-0.6449244448650109
2017-06-02,AEP,72.51,72.72,72.28,72.67,2583695,0.3636068824343374,0.3683974494484849,1.1400376213447776,2.071066046943996,0.419532588805747,0.5726580633133307,0.0293811405163496,-1.101919917017122,0.8365285671980867,0.1596702547869972,-0.0012187314852163,1.414172521299602,0.339600118290407,0.1403954285368651,-1.0867143196140607
2017-06-05,AEP,72.64,72.69,72.32,72.4,2723224,-0.2643111679260074,-0.2552541989025332,0.959228637238224,1.7684844568262237,0.444706393975485,0.5218926440272538,0.1259238671305107,-1.0788356514247737,0.689113206378032,0.2763180633971791,-0.001267764516316,1.2591588744758608,0.3632507817222197,-0.2759369864068058,-1.1654106669843325
2017-06-06,AEP,72.62,72.67,72.06,72.13,2485933,-0.2651738072038666,-0.2561153123988781,0.7714772824594391,2.162628448400172,0.4471798451039939,0.4228499880741295,0.1516816383674506,-1.152951088555744,0.7866175118358961,0.0815068693864487,-0.0012657896377865,1.1041452276521115,-0.2648310755011395,-0.5360986319428791,-0.8865141918551279
2017-06-07,AEP,72.26,72.71,72.07,72.62,2565318,0.3899408538608686,0.3944157452228075,0.8522385954042041,2.184062288638913,0.4614093523975456,0.3738757495044669,0.1548663263855127,-1.207909362302807,0.9911261990375048,0.1390135776456015,-0.0012186911714311,1.3854662904063175,-0.2656939398182916,0.3500831537920837,-0.856840974879007
2017-06-08,AEP,72.65,72.65,71.51,71.95,2679865,-0.6073954526364925,-0.5986799384127156,0.5139934192624699,1.580798818411936,0.4395550107473777,0.2418171526371786,0.0975483471879062,-1.1061226887085749,0.8216483256656444,0.2153949468745589,-0.001267583607907,1.000802796436287,0.3895916229707724,-0.7542759398749587,-0.2708432945823852
2017-06-09,AEP,71.71,72.04,71.37,71.86,2271681,-0.1108726709164989,-0.102277294505014,0.3982741464659843,1.422807256160434,0.4122450369171809,0.1221275718285626,0.0196136438780394,-1.0951128880531162,0.7695923089702877,-0.1594659992134991,-0.0012639855013029,0.889920121206321,-0.6080048616368436,0.1317195358009728,-0.8142799841575535
2017-06-12,AEP,71.86,72.23,71.005,71.41,3169359,-0.4228668595610297,-0.4137309860976099,0.1676086557131245,0.8790148177719136,0.3669653641744546,-0.0198777884777284,-0.0581290777394363,-1.0612136707401334,0.5554137480015044,0.5361812841532682,-0.0012726225390799,0.5559789937306299,-0.1113525505312207,-0.499435160960522,-0.1616564503440371
2017-06-13,AEP,71.33,71.68,71.05,71.65,1800358,0.1762453657098151,0.1829656144193929,0.1986798067259242,0.9026637725934502,0.3349687971427348,-0.0992915912861843,-0.1143599458580049,-1.0749892760860862,0.4944460084503753,-0.5596650809742493,-0.0012255311220779,0.7184644456626521,-0.4234281300344651,0.3126231834977225,-0.8585291836194098
2017-06-14,AEP,72.23,72.4,71.69,71.96,1792199,0.2363688086518449,0.2425303637088169,0.2365756349475179,0.7968793386144476,0.3164673543386472,-0.1280864160843952,-0.2394272286974581,-1.1734837318000162,0.7198624700512882,-0.5734582526028434,-0.0012257141579036,0.9283414877414984,0.175840387437502,-0.3087335796975669,-0.7690335976669328
2017-06-15,AEP,71.93,72.16,71.505,72.14,2311527,0.1227355682565829,0.12990481672512,0.228388040752611,0.6267499927275658,0.3036919298856089,-0.136383603258566,-0.3683509328633562,-1.1746013405699367,0.6923811952347212,-0.1498712385732598,-0.0012209230022583,1.050205576690515,0.2359795149622195,0.1942572692996948,-0.8346249409333139
2017-06-16,AEP,72.32,72.59,71.97,72.42,3326390,0.2086486824764716,0.2150749443635242,0.2547700249716791,0.7153520085062776,0.2994390043592706,-0.1210845874721165,-0.5142082408262003,-1.1741709441037618,0.7161670046185479,0.6177972579790322,-0.0012116022518798,1.2368344420208328,0.1223166307230949,0.0781521786261499,-0.8778285556182681
2017-06-19,AEP,72.42,72.47,71.74,72.06,2076340,-0.3424809021995603,-0.3333343398457003,0.060633545564922,0.3049825750745236,0.2770111514308555,-0.1556273251015203,-0.6749522954652333,-1.1438788926808603,0.5463338097640955,-0.3726165733886186,-0.0012619103647438,0.910570955533328,0.2082521573544824,-0.4018846626713493,-0.7470437537641218
2017-06-20,AEP,72.1,72.57,72.015,72.56,2486587,0.3989914499997753,0.4033553243882477,0.1857482061130125,0.2706484859152104,0.2740594057242092,-0.1331303504899029,-0.7812799017678497,-1.169886859643824,0.4968239072100492,-0.0264662112386708,-0.0012195531572139,1.2841118727926508,-0.3430212021474658,0.455705934219145,-0.9538628057276476
2017-06-21,AEP,72.6,72.97,72.2,72.4,6134947,-0.1702794774476821,-0.1614605554320506,0.0754069995779108,-0.0706365996204879,0.2607216485302328,-0.1418661855778049,-0.9178514125397697,-1.1579114244815556,0.4255565916944686,2.574021874746204,-0.0012993660655522,0.8704366143251528,0.3986445801658091,-0.2344481904151091,-0.7049639317416383
2017-06-22,AEP,72.2,72.45,71.76,71.79,2172148,-0.5575458065065707,-0.548662246070409,-0.176338111124526,-0.7203109073180483,0.2218904900958819,-0.2144744295817567,-1.0257860984024665,-1.1277739481662932,0.1651671205743294,-0.4140349377879673,-0.0012631870157539,0.0856004773893851,-0.1707748546940041,-0.4553502338988143,-0.7903043572529277
2017-06-23,AEP,71.75,72.09,71.43,71.55,2431774,-0.2411298917724054,-0.232118408234776,-0.277487853049698,-0.7053722113457899,0.1779240287972385,-0.285779205955344,-1.077838862725775,-1.154046743510974,-0.011899094645704,-0.226527816103033,-0.001265805096399,-0.6365652051500018,-0.5581422110803885,-0.2369138614064332,-0.822561255684913
2017-06-26,AEP,71.29,72.201,71.19,71.87,2026068,0.2454466124276189,0.2515188355153481,-0.1790023188806042,-0.3453313461334127,0.1522232190070271,-0.2958075545076731,-1.14246910291894,-1.144763769550819,0.0397552997345749,-0.4883912210773229,-0.0012233043053667,-0.1679581161713124,-0.2416437519785772,0.5883564101928496,-0.4189625706778658
2017-06-27,AEP,71.5,71.61,70.63,70.72,3003735,-1.0291939437524835,-1.0235255561008572,-0.5892449407904182,-1.19585760455794,0.0839325056096141,-0.4134559120656688,-1.0893329451073162,-1.005975243201298,-0.2685359198573275,0.2203848940582429,-0.0012712770828114,-1.7534496491941227,0.2450596868918612,-0.850517843514272,-0.4364307707072669
2017-06-28,AEP,70.91,71.08,70.12,70.15,2553902,-0.5347930081844644,-0.525846169639704,-0.7680270311871316,-1.160334848423451,0.0056180131789792,-0.5333756327880792,-0.954791925174099,-1.017946195823655,-0.5009831591708667,-0.1078090337951153,-0.0012672513948138,-1.8463114006449488,-1.0299133885889034,-0.8360663283465809,-0.4508075076929376
2017-06-29,AEP,69.82,69.82,69.19,69.6,3112105,-0.5211203570106259,-0.512139536384429,-0.9225559260022984,-1.3138027556693357,-0.0788792518688249,-0.6452257596485497,-0.7972713152223698,-1.026137088216056,-0.6983160889299966,0.2979882688583467,-0.0012728824702198,-1.520743412140769,-0.5353834771676174,-0.2643771743908811,-0.8369454312831899
2017-06-30,AEP,69.77,70.11,69.47,69.47,2130174,-0.1492826073450186,-0.1405362313877847,-0.913357320711854,-1.2097114794503872,-0.1509166417544516,-0.7026343569614378,-0.6887639436157607,-1.065247337293607,-0.8141944185265433,-0.4273742264246936,-0.001263589095103,-1.6350671158094223,-0.5217072591683044,-0.3511773154832459,-0.8235370853591392
2017-07-03,AEP,69.69,69.695,68.93,69.0,1591950,-0.4542034365212777,-0.4451000311131481,-1.0254179449135246,-1.528268015539225,-0.2255995075921657,-0.7553706443715709,-0.55726833590301,-1.0551403887300217,-0.8571767889719546,-0.809673460104381,-0.001258431634519,-1.8237055803929365,-0.1497725070749311,-0.774354027690932,-0.6673274159913768
2017-07-05,AEP,69.05,69.1,68.62,68.82,2735687,-0.1954083147871296,-0.186511869441176,-1.0328570413681109,-1.812100697607301,-0.2902208843262032,-0.7716615745514772,-0.4369970679371742,-1.056164410714277,-0.8414334020310051,0.067175343743281,-0.0012698816491306,-1.72846685249364,-0.4547728818614279,-0.2779734746331406,-1.0100450194627215
2017-07-06,AEP,68.69,69.15,68.47,69.02,2147834,0.1479340281444046,0.1548975015967063,-0.8949366201900347,-1.796123361199499,-0.3314381914011445,-0.7244526462849434,-0.3833451662561366,-1.0885924866540193,-0.8955350365488084,-0.3732090721230211,-0.0012211640009059,-1.4750139306733052,-0.1959102474685333,0.3366487876656382,-0.770231689409649
2017-07-07,AEP,69.01,69.41,68.83,69.15,1747463,0.0842677192609067,0.0917316365033403,-0.796630899823982,-1.918750135245041,-0.3565727630934487,-0.6452888196549103,-0.3324653986491468,-1.1073683680489383,-0.739017445214654,-0.6598538154694258,-0.0012253151289614,-1.378982019591626,0.1475216642086411,0.1269547130559351,-0.8922971687283952
2017-07-10,AEP,69.4,69.47,68.885,68.89,1567668,-0.2670826627137514,-0.2580208342184243,-0.8393638015983673,-1.896507905733967,-0.3839942492039586,-0.5878442366949934,-0.2774439323631487,-1.1059375752844514,-0.7744773959899545,-0.7849146863927208,-0.0012582156728275,-1.571045841754974,0.0838387465044032,-0.5815241939646855,-0.8836101133536429
2017-07-11,AEP,69.0,69.05,68.67,68.84,1813889,-0.0781825995174991,-0.0697343480381691,-0.8115316616181422,-2.372385857839132,-0.4047244838182713,-0.5246654041631685,-0.2224150347040292,-1.116209618539892,-0.6960364268468144,-0.5467864915152795,-0.001260752028097,-1.6079811921709994,-0.2676032932970321,-0.2015090961542343,-1.131278480901491
2017-07-12,AEP,69.4,69.53,68.97,68.99,2287834,0.1026620863031242,0.1099880365446588,-0.7075859810656611,-2.194431210534643,-0.4121946162737528,-0.4399910634484336,-0.1938654412794347,-1.1228517108330165,-0.7127138194795953,-0.174143715303232,-0.0012198022028612,-1.4971751409229226,-0.0786539511753569,-0.4726599502176166,-0.9148362744689572
2017-07-13,AEP,68.9,69.1,68.28,68.28,3489141,-0.6737150838400783,-0.665285834324845,-0.9052553274889468,-2.21284547431089,-0.4426507847269487,-0.4314172518389969,-0.1504633465554338,-1.1096865857688305,-0.9185400712733608,0.7131852924104967,-0.0012773573349672,-1.881302785249608,0.1022379121402597,-0.706172963038803,-0.5904524201547007
2017-07-14,AEP,68.74,68.89,68.11,68.17,4900453,-0.1332945803224047,-0.1246081852352877,-0.8743832726622275,-2.1887627233119527,-0.4674245969181874,-0.4099319153527464,-0.1310748301061095,-1.125437376973279,-0.9757054164138924,1.641939457971397,-0.0012919874409154,-1.8402635070095756,-0.6743417938413124,-0.6528006582370154,-0.6377391812034655
2017-07-17,AEP,68.24,68.67,68.12,68.55,2885095,0.3140489070650532,0.3194038770586688,-0.66142631701044,-2.1298796252365206,-0.4683996026207961,-0.3314859279493098,-0.1734833205089252,-1.1100186259270195,-0.9523008469232772,0.1439378296993876,-0.0012131720149325,-1.5803480781560504,-0.1337803092078084,0.3168993547688769,-0.922651796523504
2017-07-18,AEP,68.63,68.82,68.34,68.36,2721383,-0.2055566137990376,-0.1966317345009352,-0.6647410008112509,-1.8932865748213703,-0.472894774570274,-0.2777899853476939,-0.2057153303674246,-1.1132001751289315,-0.9215739968660738,-0.004910049742725,-0.0012702761634244,-1.710305792582813,0.3136798780154272,-0.3235478198816499,-1.006133546617407
2017-07-19,AEP,68.45,68.77,68.43,68.65,2981267,0.2311179252717022,0.2373305569708816,-0.4832302610082201,-1.3520473933943002,-0.46142126051201,-0.1937301083772592,-0.3185654444515785,-1.1406363982386436,-0.95888280165211,0.1695364055317125,-0.00121220585429,-1.5119492810893267,-0.2060611938976085,0.1944337344937477,-1.1785650902836184
2017-07-20,AEP,68.77,68.835,68.4125,68.7,3771041,0.0123484853522157,0.0203001201550792,-0.3953636563451187,-0.9925573242186588,-0.4469051319623237,-0.1186505694774282,-0.4576011094869194,-1.133545038974366,-0.9180326571418738,0.8831140623864471,-0.0012045447092392,-1.429397921864566,0.2307272617683979,-0.1032196330304355,-1.078783679313131
2017-07-21,AEP,68.74,69.99,68.68,69.98,2922302,1.1269790369800357,1.1182186328059074,0.1230285464135483,0.148687024931652,-0.3823148406444274,0.0703030946003626,-0.5712883738773248,-0.926270164364702,-0.5377604798451493,0.1920475181242411,-0.0012135353848445,-0.3618162355019941,0.0119007508096953,1.3365611564334965,-0.0312135027798017
2017-07-24,AEP,70.0,70.0,68.9,69.19,4129527,-0.7358232740302252,-0.7277271476912025,-0.1313513371619037,-0.0716290917598444,-0.3597664930519696,0.1132507864492022,-0.6941369805787314,-0.8820261426868431,-0.6518970316595305,1.0174616051669083,-0.0012835051388875,-1.003738360796444,1.1268220794489063,-0.9005586362828961,-0.2663499848592126
2017-07-25,AEP,69.22,69.31,68.71,68.84,1614129,-0.3479304717914354,-0.3387813366696652,-0.2068042259300557,-0.1770625066618574,-0.353294812831661,0.1062278748660056,-0.9150905428306164,-0.8962282601466094,-0.786653866932457,-0.8383785345001905,-0.001258892978382,-1.1879734931544552,-0.7364661863811078,-0.4410764231599756,-0.8649363978485343
2017-07-26,AEP,68.69,69.51,68.5901,69.45,1962923,0.5186803496579585,0.5214548517619861,0.0492743852286402,0.0478228781777132,-0.3221417155475393,0.1641390882406045,-1.0210165445035717,-0.9458512402931994,-0.4312201325224347,-0.5490471155314917,-0.0012229119784734,-0.3815037077502964,-0.348472193384887,0.8096036227071676,-0.4874325181535719
2017-07-27,AEP,69.37,70.8,69.36,70.67,4203297,1.0606656667865348,1.0534413670205518,0.5031647078779551,0.5064343927994198,-0.2482729954291851,0.3204173367825853,-0.9606672312781432,-0.8265414579629257,-0.0586101535683663,1.060955569318158,-0.001200617203456,1.2822305738034774,0.5183647034258293,1.3895306555546696,0.1068625621443789
2017-07-28,AEP,70.62,70.81,70.03,70.43,2570941,-0.2444284613290225,-0.2354099779576853,0.3958294312471683,0.5177796715604861,-0.1985838426420905,0.3832021455474567,-0.901367964423,-0.8507707591468658,0.0076643735661917,-0.1259739250673025,-0.0012680694421688,0.9750309802565412,1.060491409887851,-0.2295853016403399,-0.6683383783905967
2017-07-31,AEP,70.45,70.7,70.03,70.54,2273638,0.0642407044258484,0.0718487115710568,0.4168817783539051,0.5839863306398353,-0.1547875568095014,0.4182618544618939,-0.836869064747357,-0.8534292253276206,0.0587301610489595,-0.3522809717274155,-0.0012200740280176,1.110460598448642,-0.2449431820429169,0.070200988740045,-0.7997393268700189
2017-08-01,AEP,70.98,71.05,70.32,70.88,1879494,0.2670852264339267,0.2729392495493694,0.5094255842164237,0.6458981634784003,-0.1071586518438784,0.4561747172648093,-0.7517343401000772,-0.8751455443332605,0.2326783125259679,-0.6529516380535909,-0.0012241492236069,1.2506641734972297,0.0638065071619847,-0.132757499235094,-0.7329882999108871
2017-08-02,AEP,70.37,71.025,70.08,70.93,1405090,0.0109218727909867,0.0188823482245888,0.4874565138698265,1.110173991630255,-0.0683528308017237,0.4637945413741291,-0.684734441529589,-0.8825252636805244,0.2828081343280861,-0.9781464154918816,-0.0012289260281675,1.3071978731136116,0.2667039458282332,0.5749197670346081,-0.4809740898148566
2017-08-03,AEP,70.75,71.2,70.61,71.2,1794562,0.2039935258840901,0.2104630469352717,0.5473587978745025,1.2579485297568462,-0.0283423446014755,0.4729911880406704,-0.6081974231364222,-0.8810245438005567,0.2963984190205719,-0.6735538455429968,-0.0012251926182337,1.442878752192886,0.0104737660837734,0.4542248388586427,-0.9007184637050656
2017-08-04,AEP,70.98,71.05,70.32,70.88,1879494,-0.3128074475396979,-0.3036832996258795,0.3930680924366531,0.9345983214811512,-0.0107992010278407,0.4225179522196595,-0.5669362616695225,-0.8650139699126937,0.1999522717871849,-0.6122559486152569,-0.0012609389279305,1.0986269424900958,0.203595786357454,-0.132757499235094,-0.7329882999108871
2017-08-07,AEP,70.88,71.39,70.64,71.39,2007009,0.414966698543604,0.419131467279812,0.5372302095863982,1.1994408544195767,0.0212343224557969,0.4194373520048833,-0.5087047094793214,-0.8632177261520418,0.3654940735974939,-0.5276621618854425,-0.0012231131328356,1.442878752192886,-0.3133400064845859,0.5172981561408896,-0.7157720787731922
2017-08-08,AEP,70.8,71.39,70.56,71.35,2398048,-0.067879381053433,-0.0594810442452265,0.4737934379858816,1.0982746943334123,0.0428567299772211,0.3901748385696807,-0.470884668344969,-0.8635885316086319,0.3680146146542774,-0.2517540322910707,-0.0012659582731781,1.4023399529557763,0.4146239962205866,0.5605970344315371,-0.6218366786463997
2017-08-09,AEP,71.61,71.61,70.86,70.96,2492179,-0.3732992613340481,-0.3641444589635141,0.2894607971865985,0.8323099233625577,0.0424583744048911,0.3100837626971593,-0.4602430756140966,-0.8410378570237428,0.2518954600730489,-0.1884065238517851,-0.0012670750122931,0.8255307523821317,-0.068348044879822,-0.7120959162268353,-0.7104664519147706
2017-08-10,AEP,70.85,71.42,70.55,71.36,2053450,0.3179511807283371,0.3232631151822988,0.3807622591177573,0.5319385260818567,0.0555484591885836,0.280729915277233,-0.4780431796440983,-0.9019472334022052,0.4950094667559138,-0.4735668573976237,-0.0012224542519323,1.2054372138041367,-0.3738476009596315,0.5175283387973449,-0.5752568090980067
2017-08-11,AEP,71.34,71.34,70.37,70.56,2007613,-0.730956104694951,-0.7228315981721181,0.0358635394912422,0.5254476612755216,0.0323686756296711,0.1638888205992553,-0.5509176938743034,-0.828299208874132,0.3474248157093643,-0.4196976058835834,-0.0012623677616765,0.4427668283205038,0.3175831696765327,-0.8523663465535982,-0.4456233116733876
2017-08-14,AEP,70.59,71.15,70.46,71.05,1865185,0.3993514395773146,0.4037108715510474,0.1719139621659424,0.935631070793497,0.031226687592329,0.1271408511572247,-0.5972083173472517,-0.822917152667463,0.3681375476737255,-0.5034900249190332,-0.0012243142323831,0.8735999567898871,-0.7315977473327874,0.4660169407705017,-0.781961578090703
2017-08-15,AEP,70.77,71.54,70.71,71.52,1289303,0.3788445990923083,0.3834538384456466,0.2875298008087165,0.8904894597859843,0.0465856501099599,0.1402156382745856,-0.6591235120296428,-0.8240338458945902,0.511421477407605,-0.9470885730485334,-0.0012300773383187,1.3493130482461044,0.399004663654908,0.7743594258354202,-0.6241411085559799
2017-08-16,AEP,71.52,72.04,71.38,72.02,1692359,0.4022531005345575,0.4065766503066283,0.4097998813884261,0.6178346525299471,0.075864890878944,0.1865060245552229,-0.6900963536248118,-0.8162113319733961,0.5534796690315901,-0.5639388401838988,-0.0012262036688068,1.4245510800360608,0.3784924734889868,0.5018698666542817,-0.8275781737834454
2017-08-17,AEP,71.99,72.26,71.78,72.0,3318477,-0.0502851398299779,-0.041975963977393,0.339946913997816,0.7931449801831918,0.0954849566783275,0.1986757834869618,-0.747642595710058,-0.8143040564201113,0.5379904943995529,0.8871173689148862,-0.0012748817070753,1.207371735725117,0.4019070815771381,-0.0158217897543739,-1.0357181698909712
2017-08-18,AEP,71.93,72.63,71.71,72.16,2871369,0.1053551513895788,0.112660450600534,0.3581266440044879,0.8137780950449766,0.1143169863016778,0.2063831990809828,-0.7196267237333507,-0.9426790568563012,0.290034881524369,0.4949950902090126,-0.0012145441475629,1.0561450898255074,-0.0507492137939474,0.2152642997905762,-0.5287741416429407
2017-08-21,AEP,72.23,72.78,72.13,72.67,1808453,0.407020574524173,0.4112848813028602,0.4810836575012793,0.8808001440098194,0.1459344952962931,0.2454587353607279,-0.7261597863194996,-1.0208228337831728,0.5712019391991797,-0.3594123552091334,-0.0012251482789073,1.3556069869673026,0.1049316797746718,0.4339186072598516,-0.8458779303671111
2017-08-22,AEP,72.64,72.87,72.42,72.81,1959054,0.0869451328090487,0.0943893028669462,0.4578575708094965,0.9144446785499326,0.1728131649436744,0.2645214734820395,-0.7960350556973399,-1.0531876684268069,0.6794957636487161,-0.2335026051458706,-0.0012238055158846,1.3962769876080692,0.4066757992719765,0.1504979243282225,-1.0762382414662246
2017-08-23,AEP,72.76,73.4,72.75,73.31,2379915,0.3945416406358357,0.3989602588400503,0.5690893847154792,0.9951844409098044,0.2096793270840117,0.305479297725117,-0.7888437415235295,-1.0646319109670357,0.6487949169652304,0.134716485605402,-0.0012198999053027,1.3688252030914418,0.0865168585174389,0.5447868279010144,-0.8523857112796565
2017-08-24,AEP,73.28,73.66,73.09,73.39,2123034,0.0349434331437146,0.0427507206302838,0.547244483727956,1.287153641640481,0.2376093245392908,0.3152440230528759,-0.7147100255250144,-1.2086089234237405,0.3977899908543566,-0.0043551274600399,-0.0012225276906276,1.195625579986423,0.3941936099667694,0.0870936070009111,-0.9440383040195356
2017-08-25,AEP,73.71,73.7701,73.41,73.57,2067781,0.1197011466164197,0.1268944940186875,0.554199814425383,1.183481189030012,0.2621104761276376,0.3142300130798616,-0.6632145355425889,-1.2292560787013107,0.487297514117725,-0.033393337408239,-0.0012231948143873,1.265030907043755,0.0345015930129181,-0.1698147183008848,-1.1833988820733354
2017-08-28,AEP,73.75,74.11,73.59,74.1,1768144,0.4155123146246096,0.4196702121559644,0.6810099565713296,1.3782474373701945,0.2972634912671332,0.3408365185143746,-0.5855995050839616,-1.213022935484183,0.5737211830528199,-0.3036100419896441,-0.0012261390458646,1.4346301627699478,0.1192814174842675,0.3322342939747461,-1.006475763196619
2017-08-29,AEP,74.16,74.29,73.815,73.94,1748926,-0.1674263534399937,-0.1586168740387808,0.5653076615674738,1.5883970185807967,0.3135154574079735,0.3134707481137327,-0.5336105758901597,-1.2036700431999778,0.4665642682064555,-0.3170365099757534,-0.0012590011931955,1.166521617251105,0.4151697546380939,-0.2504453633586875,-1.0559315781429108
2017-08-30,AEP,73.96,74.03,73.705,73.75,1356829,-0.1929774756285187,-0.1840880866413555,0.4436472125166452,1.299786099106525,0.3136064877856431,0.249980161343109,-0.5120111962668961,-1.1904448971983748,0.4164236514674491,-0.7026788882389337,-0.0012554231935933,0.9907230770747596,-0.167920986383308,-0.2408362220782079,-1.224059094363129
2017-08-31,AEP,73.87,73.95,73.62,73.63,2787413,-0.1342972566087119,-0.1256069794509079,0.3550598960371643,2.044459335712211,0.3037582783025264,0.1736042596251362,-0.4991336791648427,-1.1850763397508557,0.3337634341293641,0.6464479964728488,-0.0012689489294614,0.8902440381596178,-0.1934787741696284,-0.2717805881974091,-1.217801100723027
2017-09-01,AEP,73.84,73.95,73.27,73.54,1745598,-0.1090957765145771,-0.1005079575326991,0.2734096822391548,1.821024580607413,0.287402359388899,0.0957528062043376,-0.5191808307844475,-1.205577786462998,0.3836830632496837,-0.3538055308651148,-0.0012592983532723,0.8068746315087358,-0.1347832470652823,-0.3332712576279019,-0.8206986023643313
2017-09-05,AEP,73.66,74.1,73.34,74.09,2825112,0.4326270277154729,0.4365670121939826,0.422725661672565,1.841108075179377,0.291034765282521,0.0849212474302373,-0.4982997268910413,-1.203449148586885,0.3879745658988287,0.6389957237606199,-0.0012156984783262,1.2732776533437768,-0.1095751925855328,0.4147269954256448,-0.7364304850176274
2017-09-06,AEP,74.24,74.24,73.24,73.3,2491944,-0.6968352875364828,-0.6885226885356757,0.1015432067471444,0.7491687294031565,0.2581505860505247,-0.017737061083421,-0.5230562784854976,-1.1099431081185067,0.2339073748948942,0.3173504207508418,-0.0012663041385721,0.6033533128898,0.4322889324954362,-0.9829258995997708,-0.4543408264299586
2017-09-07,AEP,73.47,73.975,73.36,73.83,2285962,0.417164391794776,0.4213014553410413,0.2403874367951819,1.0012798183121585,0.2483887111179848,-0.0403472946691191,-0.5663003852055366,-1.1222614762838548,0.4265252644590175,0.1326693320147651,-0.001220878238973,1.0527962248399338,-0.6974680289745224,0.3438841114261862,-0.8970989433585079
2017-09-08,AEP,73.73,74.37,73.59,74.19,1506983,0.2705782966406697,0.2763964016709997,0.3182755070472295,1.0755351120421006,0.2502396354387742,-0.0285443361694795,-0.5826039389646632,-1.125313912028704,0.4149632848289364,-0.5904271813220621,-0.0012284296823202,1.2932905830079682,0.4168222627905813,0.4450495304395264,-0.7151159164723675
2017-09-11,AEP,74.18,74.59,74.07,74.55,2108618,0.2691052306979687,0.2749385063153693,0.3746494994283199,1.0204516272282391,0.2611678135982637,0.0042627257496139,-0.673894189315598,-1.2438743264732182,0.6630124575742388,-0.0149162159510792,-0.0012228312795295,1.410683289360508,0.2701979272826662,0.3505257315580904,-1.0100060336224816
2017-09-12,AEP,74.49,74.49,72.65,73.11,2166668,-1.2355657814548198,-1.2324551245525714,-0.1787181891925996,-0.0386643075305283,0.2090504227334414,-0.1317698340784752,-0.7900280466775695,-0.9810575235732272,0.2583399680602643,0.0260895676644869,-0.0012629883071403,0.1748919801787386,0.2687244770568394,-1.425987157935391,0.5061618190320031
2017-09-13,AEP,73.14,73.34,72.37,72.59,3147683,-0.4758106990393947,-0.4667389419522358,-0.3839419343111737,-0.5485530393784066,0.1439268483011747,-0.2740735745471027,-0.8649322987098399,-0.9620550992983884,0.052246316291386,0.8369072774327007,-0.0012723872422058,-0.6282623926310926,-1.2363390631308224,-0.5944527531824387,-0.4776631544669296
2017-09-14,AEP,72.44,72.98,72.29,72.9,2234162,0.23288068410851,0.2390762177086519,-0.2886342513765643,-0.4245117298330794,0.1016483136458513,-0.3291138278047227,-0.9134275436402328,-0.9756988101592234,0.0119754742824059,-0.0240418157585371,-0.0012214159451957,-0.5077694416535683,-0.4763857811308524,0.4534435426547459,-0.802500951069283
2017-09-15,AEP,73.07,73.18,72.46,73.03,2730891,0.0780265203888364,0.0855360264807915,-0.2604558479107718,-0.4506789111230313,0.0707468370965831,-0.3438616786975108,-0.9752737100531866,-0.9755476343465648,0.0426223003411662,0.4580036791749683,-0.0012168799964671,-0.3577195805884613,0.2324904804613846,-0.0676751303868021,-0.7696695285116045
2017-09-18,AEP,73.0,73.11,71.61,72.27,2230719,-0.680895652786327,-0.6725016984846829,-0.5340555299381544,-1.0434965341699085,0.014483815000266,-0.4209401410605966,-0.98494561190441,-0.9189947195459284,-0.1450889169105237,0.0298318180430773,-0.0012636124343559,-1.1450746595073154,0.0775959194720847,-0.7818344024593019,0.1384573208266928
2017-09-19,AEP,72.33,72.38,71.8,71.98,2268915,-0.2828207403616081,-0.2737336616910841,-0.6256156455229729,-1.0857244009700666,-0.042721837170503,-0.48502922453569,-0.9326396893303186,-0.9373609536675286,-0.3069254039258183,0.0432356143054871,-0.0012641317203549,-1.4685688359698306,-0.681524236004095,-0.3919065523223713,-0.9197804368757404
2017-09-20,AEP,72.15,72.22,71.2832,71.68,2446864,-0.2924766105645286,-0.2833760141258471,-0.7131466119944116,-1.120146435433943,-0.1004031722463603,-0.5375248909247641,-0.8538062955554634,-0.93427871034428,-0.395409939078682,0.1822327864458799,-0.0012659916248871,-1.4824170848573188,-0.2833454765843554,-0.5184764819068612,-0.5021258392554139
2017-09-21,AEP,71.68,71.92,71.37,71.45,1942706,-0.2327637414985927,-0.2237707962555531,-0.762990254232919,-1.1534314056963102,-0.1550763568759263,-0.5717784965714217,-0.7610911970788328,-0.962720360833556,-0.5400998129527196,-0.2589417146197123,-0.0012613507679882,-1.7136260341774423,-0.2930038657430645,-0.268739968640708,-0.9497917418226638
2017-09-22,AEP,70.9,71.43,70.44,70.57,3052203,-0.7997850283386085,-0.7920978521963901,-1.029543169290623,-1.363599896999084,-0.2320593088893167,-0.6566063382806502,-0.6047247440734373,-0.9098683112281448,-0.7318054637027908,0.7026249123046363,-0.0012721954277297,-1.7771717973297263,-0.233275419202078,-0.377968019161453,-0.4221663161267623
2017-09-25,AEP,70.63,71.2,70.495,71.04,3057100,0.3816458391125745,0.3862213455617531,-0.816595680812293,-1.408332786139096,-0.2731194948260622,-0.6320040301633455,-0.5281297668098882,-0.8845560440270624,-0.6725329546252152,0.6477363688976313,-0.0012128577134842,-1.4006982256193616,-0.8004446265839645,0.4122539137609135,-0.7642503378123706
2017-09-26,AEP,71.05,71.21,70.67,71.19,2038850,0.0984609618017115,0.1058188968831644,-0.7115019805243739,-1.112753928066219,-0.2980174237762272,-0.5707208124130795,-0.4973321680635732,-0.9158821007079614,-0.744236181809642,-0.2594207832108258,-0.0012230122849724,-1.2805470857118086,0.3812944442771294,0.1225539617768713,-0.959155560201956
2017-09-27,AEP,70.73,70.81,69.925,70.31,2339578,-0.8025854937996831,-0.7949177526634944,-0.965317710628972,-1.6538724996624057,-0.3500432259906626,-0.5915209169991978,-0.4136476659222591,-0.8677839210090993,-0.8884963539808708,-0.0220314244074338,-0.0012651512614386,-1.6069598287832896,0.0980356916789119,-0.4749486697206733,-0.5423029856224114
2017-09-28,AEP,70.2,70.79,69.955,70.5,1820056,0.1352449912923464,0.1423133466087546,-0.8395842420536107,-1.7623991715143457,-0.381099540696226,-0.5541859008019152,-0.3618383832837997,-0.8561719547825977,-0.8146808267922812,-0.486506255917031,-0.0012251075415828,-1.4715697983193956,-0.803245822610854,0.296554325899545,-0.6042371264326795
2017-09-29,AEP,70.25,70.525,70.03,70.24,1624873,-0.2626001529755387,-0.2535462457204685,-0.8741147088354163,-2.053752217891844,-0.41288106161651,-0.5261845561566343,-0.3071481549818876,-0.8554569647907785,-0.843660609459906,-0.618460552605014,-0.0012583234759573,-1.6568403663226248,0.1348293171295235,-0.0370712533685488,-1.0039986515816968
2017-10-02,AEP,70.46,70.68,70.16,70.43,1446558,0.1354126574712249,0.1424796436100432,-0.7500823226393513,-1.6092027242998763,-0.4273603714833378,-0.4592478870397193,-0.2793334262516775,-0.844969162565715,-0.7885698107686081,-0.7666318354130839,-0.0012287290465348,-1.5214503358587206,-0.2631196141930746,-0.0584844979850701,-0.9760002179549994
2017-10-03,AEP,70.35,70.35,69.55,70.29,2406049,-0.1567519034776723,-0.1479789101429874,-0.7335128614073314,-1.4972422998256725,-0.4409581655987813,-0.4034295453770788,-0.2909320296554452,-0.8892216666511478,-0.9207349895251776,0.1004255739767805,-0.0012658446900608,-1.3932285118949508,0.1349970270479804,-0.0907530413965633,-0.6427865907366587
2017-10-04,AEP,70.34,71.53,70.11,71.52,3066104,1.056453183342538,1.049324172762062,-0.2526937200034705,-0.8555559015202969,-0.4004075802291024,-0.2193978753957805,-0.3172351995267845,-0.757931480826171,-0.5241216719863513,0.6546006618034566,-0.0012129781710867,-0.5819699224000641,-0.1572437517452446,1.2411145905920062,0.0633743676264507
2017-10-05,AEP,71.48,71.63,71.1,71.49,2305078,-0.0591109916668797,-0.050756471113536,-0.2210938188863153,-0.9452362131520172,-0.3669181537125369,-0.0903478407435232,-0.3813153276350141,-0.7886119055040398,-0.632958811732602,-0.0161095357310557,-0.0012648232073021,-0.6017567172657938,1.0562778275206777,-0.0157469110727841,-0.9734660804404942
2017-10-06,AEP,71.21,71.53,70.94,71.53,1813636,0.0018385002402716,0.0098545032978061,-0.1578972626604352,-0.601934945130754,-0.3366191207157177,0.0046801689798527,-0.492559425471331,-0.8048637178544495,-0.6940468610053044,-0.4590846003361498,-0.0012251694270569,-0.5753743241114841,-0.0595773680572598,0.3131943500209956,-0.9039045365837876
2017-10-09,AEP,71.55,71.9,71.48,71.74,1603280,0.1497830408949098,0.156731017758216,-0.0293020959264573,-0.3249793858038199,-0.3025507592452633,0.0904047633621511,-0.68172323823279,-0.8143761041849807,-0.7210544701224857,-0.6274578347319258,-0.0012273011197866,-0.4076271643995962,0.0013880239264476,0.1743101323108692,-1.103406963530026
2017-10-10,AEP,71.7,72.39,71.446,72.39,2163631,0.5310926713904022,0.533689466001486,0.222703289248356,0.1879366856642907,-0.2487983249781982,0.2096509033927258,-0.7267653763882107,-0.9166902489254052,-0.312112644600098,-0.1321656746608145,-0.0012220308878976,0.609640635947405,0.1493711593166421,0.7007508377189614,-0.5045194908052149
2017-10-11,AEP,72.41,73.19,72.357,72.76,1975080,0.2852174377394881,0.2908829140190249,0.3554214227455952,0.4893559062533179,-0.1911304570329984,0.3151260743020203,-0.7164088117852347,-0.9265743890076285,-0.1330822201617225,-0.2528687123635146,-0.0012239724775203,1.0501869771653458,0.53078026319783,0.3388695395495617,-0.637187893610116
2017-10-12,AEP,72.81,73.4,72.74,73.34,1821953,0.4632884779649976,0.4668265401940114,0.56013449484374,1.325211381086611,-0.1228816273059431,0.4267414245087655,-0.6811093254646579,-0.905637081476908,-0.0788338524828336,-0.3763249254865216,-0.0012255409981114,1.391073325635339,0.2848408873380813,0.5236415062124156,-0.8413243471507283
2017-10-13,AEP,73.55,73.91,72.925,73.16,1943775,-0.1857973349762209,-0.1769293428393313,0.491608862699768,1.0357904109577958,-0.0766900560081578,0.4592587011844383,-0.6712216890963415,-0.9033992063223488,-0.1413335642906575,-0.2325064883562313,-0.0012609119057912,0.8710585335961267,0.462958381489348,-0.4269310472867302,-0.4692524619725016
2017-10-16,AEP,72.97,73.25,72.545,73.12,1464747,-0.0670354293275712,-0.0586412563346455,0.4609779165175023,0.9506016964030034,-0.0428592135501295,0.4534562192766332,-0.6254412795636998,-0.9596133642812532,0.0052581698469675,-0.6544437727648348,-0.0012565164596903,0.8405614552709724,-0.1862967604125273,0.1289906681952989,-0.7877775944218435
2017-10-17,AEP,72.84,73.31,72.52,73.2,1721930,0.0351199717169838,0.0429260993448356,0.4674477334280132,1.8432572661130704,-0.0144293834740504,0.434912120855602,-0.5718930224537914,-0.9709626879297863,0.0814476183945936,-0.3891724744894373,-0.0012263956142699,0.901555611921292,-0.0675038729897451,0.3470860117177416,-0.6918801993740742
2017-10-18,AEP,73.09,73.2,72.615,73.01,1100482,-0.1945947742638531,-0.1857006799395823,0.3729653373723394,1.5760411933541325,-0.0010600284646899,0.381311438557327,-0.5335258339220305,-0.9778517744466754,0.1050273870532116,-0.9515010703757812,-0.0012530736073432,0.7566944898767813,0.0346781776403338,-0.1090110755889998,-0.9235468451570564
2017-10-19,AEP,73.14,73.85,72.95,73.83,1686174,0.6662450300729993,0.6667506051352736,0.6284478907167275,2.0378734706831088,0.039653656355755,0.4088147269303215,-0.4507804664507591,-0.938547898208304,0.3217321175180642,-0.3593185450619302,-0.0012267681751335,1.3818845955425667,-0.1950964947145032,0.686436139338514,-0.5753849404126242
2017-10-20,AEP,73.71,73.99,73.58,73.98,1568281,0.0934932651534607,0.1008886590301319,0.6191969816399759,2.0317626932364656,0.0752592084696774,0.4176691119766672,-0.4031297989235952,-1.0457944559365082,0.5421891103344736,-0.4174457426885828,-0.0012279673749631,1.4353918568382926,0.6659678794811477,0.2504299149346807,-1.1294456567167015
2017-10-23,AEP,73.97,74.11,73.66,73.92,1787316,-0.083489179709106,-0.0750158826564499,0.5434594763089853,2.1210441236077355,0.0982864030380793,0.3923761442231598,-0.3601328897492248,-1.0518742419945764,0.427923706436067,-0.1277912303609586,-0.0012594203395949,1.3043711881327835,0.0930666990927535,-0.0773857580740551,-1.0839728880806123
2017-10-24,AEP,73.8,74.05,73.44,73.97,2107856,0.0091157247368393,0.0170873461898271,0.5098469612149656,1.9033859781374,0.1154761255652251,0.3571162174759958,-0.3242002457442547,-1.0509476446980006,0.4060391011508245,0.2117757892358891,-0.0012228808020109,1.340820547095967,-0.0839619157104367,0.1477187266153218,-0.9040462975414986
2017-10-25,AEP,73.83,73.83,72.53,73.6,2718066,-0.3444124804516489,-0.3352649513682723,0.3146600767133733,1.4513576765550682,0.1115554398504505,0.2745704486711172,-0.3665018488940894,-1.145092284684505,0.5197474552841427,0.8360083411015041,-0.0012680955044725,1.071095290768393,0.008667146854372,-0.2616803675538851,-0.1192706796570995
2017-10-26,AEP,73.84,74.9,73.67,73.76,2304127,0.1023475167278239,0.109675871636211,0.3125987003244088,1.491441354462083,0.1117607213282766,0.2191540021540306,-0.4083788149873495,-1.1451906135629424,0.5116457656032979,0.3667757771042743,-0.0012209896150603,0.7345484806630844,-0.3449532842961599,-0.1081711393274776,-0.2015563175409496
2017-10-27,AEP,73.59,74.51,73.41,74.02,1839315,0.1864601628814624,0.1930895327554329,0.3370878687656559,1.5074259019439398,0.1190869721251192,0.193150097382763,-0.4830659821982807,-1.168645968311008,0.6228869053458838,-0.130221724691031,-0.0012255056621105,0.8960974899593493,0.1019232605022519,0.4151465231908104,-0.3528080231737729
2017-10-30,AEP,73.86,74.27,73.57,74.17,1541411,0.0931685830599899,0.1005664115258679,0.3226027080017794,1.326791275776121,0.1276290552374187,0.1754765050156492,-0.5647371092448087,-1.168420594900854,0.612413653703192,-0.4441303692504448,-0.0012283807780196,0.989298841476432,0.1860578493738905,0.2907840908966331,-0.8047713643178844
2017-10-31,AEP,74.02,74.58,73.77,74.41,2314021,0.1684591140152812,0.175247523363968,0.3335557238232308,1.270941002171797,0.1405280098463794,0.1725521433524977,-0.6904529845738387,-1.1829156870174713,0.6933650479477148,0.3635860710790653,-0.0012213095400473,1.1028267786340449,0.0927419322984923,0.3717541896558506,-0.6841058369584118
2017-11-01,AEP,74.42,74.61,73.71,74.01,1615143,-0.367671691478398,-0.3585172494736337,0.1449104805652606,0.4377051881641631,0.1317929058173704,0.1145269595098382,-0.7447402900538452,-1.308778366692752,0.3438416786521722,-0.2984104890852196,-0.0012575308004107,0.6957773460505083,0.1680521045201613,-0.4425518628109595,-0.5778558093789754
2017-11-02,AEP,74.05,74.92,73.665,73.72,4226106,-0.2769472776765891,-0.2678691559978887,0.000910208472899,0.3171402861570597,0.1104873707555381,0.0357507393523575,-0.8304412619844201,-1.287604289528598,0.2906431429700106,2.3005970947673844,-0.0012816995688446,0.4406129620092182,-0.3682185630229733,-0.3630091788485878,-0.1725396032143865
2017-11-03,AEP,73.66,74.62,73.66,74.08,2312121,0.2710312697465666,0.2768447028656337,0.083710691942342,0.601107162531037,0.1048656421586573,0.0130996110764638,-0.930263133220242,-1.2804379271631183,0.356089403869795,0.303083655744196,-0.0012210728177503,0.6391042871808819,-0.2774704816715292,0.4044701687679596,-0.5113127643115264
2017-11-06,AEP,74.07,74.15,73.5619,73.73,2339837,-0.3271417385768356,-0.3180049900766037,-0.0768340098379856,0.2166182361905971,0.0839717967581327,-0.0443314572932153,-1.0517527819483228,-1.2519472735210069,0.2399140949135255,0.2880748933710338,-0.0012644347733146,0.3041982600925532,0.2706510185570143,-0.373118318838383,-0.9265638370767948
2017-11-07,AEP,73.9,75.19,73.56,75.19,2239030,1.199836382662724,1.1893102426273832,0.3928370749050893,1.0655343356007456,0.1217726354574195,0.0608027944775517,-1.0273261363332853,-1.07454054503249,0.4005896154391298,0.1834504693808651,-0.0012217548185368,1.442878752192886,-0.3276780369511713,1.2925170466691611,0.2153738060502821
2017-11-08,AEP,75.1,75.84,74.89,75.52,2491156,0.2402471059645407,0.2463706555040668,0.4600793740289885,0.8864797442577653,0.1611634983472067,0.1490028907888587,-0.962727377848174,-1.076912323858546,0.3896269077722786,0.4032087765905122,-0.0012195699975092,1.1224757124393865,1.1996984316456407,0.3962100772066217,-0.5429417979712436
2017-11-09,AEP,74.86,75.5,74.72,75.49,1728666,-0.0577277846427648,-0.0493802883268289,0.4104664093333236,0.7975003516573438,0.1873446399740942,0.1855613727074696,-0.8973292783084392,-1.0975976531699687,0.2630668390031344,-0.3420401134061019,-0.001258632550453,1.0924379274624951,0.2398588240179544,0.6095053119706202,-0.730204939850231
2017-11-10,AEP,74.98,75.12,74.64,74.78,2133726,-0.6185465348253152,-0.6098741439056523,0.1296312040946189,0.3020768464726864,0.1764210736509796,0.1193012787223243,-0.9044551034441602,-1.0403029951718057,0.1577309537823668,0.0471380107064725,-0.0012624772183467,0.3815436830094393,-0.0581938001917844,-0.2278417179937575,-1.056373210297446
2017-11-13,AEP,74.77,76.3,74.7,76.13,2280737,1.0909455271954334,1.083028222671632,0.5532521271404877,0.7961856497417773,0.2167000468856005,0.198087658923801,-0.8233107027638827,-0.9041592453665264,0.4370979142122473,0.1478565372553601,-0.0012214267802711,1.2933785243184868,-0.6191588528418851,1.3479034279903837,0.1602244350623135
2017-11-14,AEP,75.93,77.445,75.78,77.39,2050465,0.9974141401639725,0.991591806465954,0.9217545163886098,1.3303133876706212,0.2931343082809367,0.3541798524112882,-0.6345714730750142,-0.8145000772564153,0.6731875650664515,-0.0887408944246847,-0.0012237211009797,1.4056803830048263,1.0907791694946516,1.426411044750378,0.2017053103902119
2017-11-15,AEP,77.57,77.93,76.46,76.59,2187188,-0.6765731201787502,-0.6681578182483855,0.5748965863200259,0.8546053223246928,0.3168756220776751,0.3434228671713071,-0.5964032743577408,-0.7549763006759515,0.5526688834012079,-0.0104948601203105,-0.0012628249609686,0.6179892595682659,0.9972233826500394,-0.9808189288004512,0.0082460578192465
2017-11-16,AEP,76.57,76.79,76.31,76.76,1750115,0.1051925765429982,0.1124991256859179,0.5817847489622789,0.8329277150660813,0.3368026504918172,0.3249993740659742,-0.5298635804965695,-0.789036685226408,0.4153699971750836,-0.4192925459029024,-0.0012264950035368,0.7226394190803453,-0.6772005757644866,0.1611568614542731,-1.0701720946100703
2017-11-17,AEP,76.49,76.89,76.1,76.38,1720924,-0.3412041494803134,-0.3320582591692427,0.4054133366942287,0.6119390267844841,0.3321152667181525,0.2469035063379292,-0.5000726755936642,-0.7698496325227587,0.3089723452860067,-0.4519784205817383,-0.0012585595646826,0.4887155331121641,0.1047690625167039,-0.1349673073933823,-0.7293275803470651
2017-11-20,AEP,76.5,76.63,76.02,76.44,1614572,0.0159105064365795,0.0238399258957772,0.3814370441955864,0.5633621553526194,0.3253156432028517,0.1789899434219157,-0.4807118338460231,-0.772094606750091,0.3332008747760062,-0.5444481358547043,-0.0012277521883223,0.5256508835281932,-0.3417441163579119,-0.0855728529412428,-0.926254247186574
2017-11-21,AEP,76.49,77.06,76.46,76.77,2080853,0.2357788441085604,0.241946159671786,0.4468609667324572,0.8429996130472064,0.327443545579841,0.1476383910519365,-0.4543432680676579,-0.7699800664961332,0.3884557074637325,-0.1101184180664823,-0.0012235361118112,0.7287953108163445,0.015463701129171,0.2502490112441306,-0.9399690000230287
2017-11-22,AEP,76.68,76.89,76.35,76.59,1065307,-0.1789703396485963,-0.170123459527612,0.3308851543440933,0.8993218739584478,0.3166990607157696,0.0894238459906566,-0.4693229182245979,-0.7825423602149203,0.4291641244697121,-1.0149283676001488,-0.0012524570521558,0.4573913052519693,0.235389396513117,-0.1149923550335562,-1.0037267707929074
2017-11-24,AEP,76.59,76.99,76.41,76.47,732613,-0.1305409510009035,-0.1218653000439561,0.2411782770548938,0.7461902582347835,0.2983262444429084,0.023217016214198,-0.4945656948340579,-0.7774127517306882,0.3721183484799525,-1.3087491962958384,-0.001249436317593,0.3691386980632274,-0.1794679841061781,-0.144689892273278,-0.9592106727373116
2017-11-27,AEP,76.72,76.88,76.45,76.74,1629197,0.186824411042922,0.1934505097153383,0.2870674740884082,1.0014369670993324,0.289359974054544,-0.0055361604303422,-0.5078470742701009,-0.7774044472605479,0.3722071179699976,-0.4000780410313292,-0.0012277116951921,0.5376668461158601,-0.1310259615387763,-0.0066210906980658,-1.1243370661750682
2017-11-28,AEP,76.95,77.27,76.78,77.02,3039485,0.1941638539981011,0.2007235909852537,0.3339662096492529,0.6709653488293851,0.2882547556253806,-0.0083044893279763,-0.5141614405131792,-0.7760989661525697,0.3968572302422338,0.912563343203502,-0.0012148800713405,0.7506578828398651,0.1864221925578593,0.0424115188170385,-1.0611106933877208
2017-11-29,AEP,76.88,77.53,76.58,77.14,1568486,0.0640042750452898,0.071613945109527,0.3274397701953721,0.5986625509909169,0.287095934792309,-0.0106571241109983,-0.5162784492748945,-0.7768301203585946,0.371352242399339,-0.4905377404970237,-0.0012284907247528,0.8419397557215846,0.1937635501755108,0.2291915675340941,-0.5649586374911089
2017-11-30,AEP,77.03,77.73,76.9,77.63,3201762,0.3624724347069561,0.3672763551099376,0.4330432224479087,0.7780815404988269,0.3003039630311787,0.0244407902539818,-0.5337590187090973,-0.7931097982899739,0.5508761006369783,1.0086291716250004,-0.001213833266035,1.2146740699885874,0.0635700161033852,0.5621693779560166,-0.7002648601714172
2017-12-01,AEP,77.78,77.97,76.78,77.24,2082060,-0.3457699014111677,-0.3366217289742658,0.2368307075088364,0.9800676891439692,0.2903792734562459,-0.0070240956859246,-0.6199306457427112,-0.7866600157519164,0.5337798910977415,0.0467554840048772,-0.0012612927964891,0.892617409260225,0.3621160380480611,-0.5508468155325905,-0.3073308584519665
2017-12-04,AEP,77.58,78.07,77.17,77.39,2558318,0.0879090012878521,0.0953460344371751,0.2307307074252689,0.5535037309324683,0.2834536135270545,-0.024476553756853,-0.6966989336557492,-0.7894529413443069,0.4887390182367362,0.5094340013477258,-0.0012197199035025,0.9416717798068828,-0.3463110593701513,-0.2113492806881774,-0.6221189200708427
2017-12-05,AEP,77.47,77.59,75.855,76.27,2630366,-0.9340039510295768,-0.9273928760661256,-0.1976868644961748,-0.8679990770597712,0.229544486304519,-0.1593731562243508,-0.8735353572176202,-0.6974869181327487,0.3384749799844671,0.5626477647307379,-0.001266150943678,0.1161544135240409,0.0874809784435,-1.1966036580259447,0.3045249360345888
2017-12-06,AEP,76.51,76.955,76.24,76.73,3733359,0.3424949396327943,0.3475306847684752,-0.0663367438612494,-0.0977308376102105,0.2009125698800779,-0.2022273327415125,-0.9249997460228992,-0.829193061329712,0.1333248358735696,1.5250164122827456,-0.001209153223526,0.1442189095768759,-0.9346985633674096,0.190928158795165,-0.8147213395257152
2017-12-07,AEP,76.65,76.74,75.93,76.61,2041344,-0.1303629725425049,-0.1216880202037024,-0.1261416512298938,-0.2878640658372624,0.1698448883201554,-0.2427802914832116,-0.9615810584595076,-0.8319113146027058,0.0444978778161423,-0.0716327532176229,-0.0012608372978189,0.0279210132231979,0.3421333313849074,-0.0657434446108827,-0.7101583070312106
2017-12-08,AEP,76.43,76.94,76.19,76.93,1459555,0.2270558039597333,0.2333076493151284,-0.0412748788899361,0.1784746631577994,0.1543420300685547,-0.2351590712233949,-1.0057406093408876,-0.8277586038542727,0.1126744783757547,-0.6246955241305076,-0.0012296617602001,0.3380487368330008,-0.130847936650604,0.4679382258068578,-0.7788236460868667
2017-12-11,AEP,76.8,77.19,76.29,77.08,1670586,0.0883962047682123,0.0958296248227165,-0.029434284638573,0.2300535201951425,0.1445962920409884,-0.2142433666654871,-1.1652701756941928,-0.8788481302191592,0.2842355923061577,-0.4011410555855426,-0.0012278452181935,0.4663387753180902,0.2266640807586724,0.2491326658762841,-0.6182209758197525
2017-12-12,AEP,76.8,77.22,76.01,76.02,2106281,-0.889165214672009,-0.8821617521794934,-0.3897436771113871,-0.6115164500862591,0.0923945495370807,-0.3067918276774812,-1.1569259923860915,-0.9210176586215634,-0.1886974993912823,0.0362134139264002,-0.0012613490380294,-1.5329169472643749,0.0879683090220918,-0.7936393688906225,-0.264798778884627
2017-12-13,AEP,76.65,77.07,76.27,76.51,2301743,0.368298857952037,0.3730339809487095,-0.2073293472189486,-0.2315387067650908,0.0678305039341986,-0.3096916404361551,-1.1715637077118874,-1.0440638586213211,-0.334477383569178,0.2154027121413529,-0.001222201024751,-0.8983055360284576,-0.8898481297943532,-0.1643106790015752,-0.7198994131844361
2017-12-14,AEP,76.28,76.72,75.77,76.29,1943211,-0.2120153640514029,-0.2030732497731477,-0.2774474493674278,-0.2830256107143037,0.0375757920631524,-0.3266591676547185,-1.1615329314575191,-1.0973521951071563,-0.2250035831572119,-0.1251984222830292,-0.0012598951838117,-1.1297486985234633,0.3679439812496295,-0.0164120168797011,-0.5535231876201715
2017-12-15,AEP,76.33,76.9,75.81,76.54,3894801,0.1710216443863006,0.1777877276264936,-0.1882066484667102,-0.2938456930123073,0.0214937166725988,-0.3037530671052652,-1.1593420570194506,-1.0937302114388514,-0.2095697180041018,1.6105976029473603,-0.0012080472932026,-0.76842461836667,-0.2125216290635022,0.1815424152622546,-0.4044734085022692
2017-12-18,AEP,76.74,76.91,75.44,75.5,2489725,-0.8789374984805218,-0.8718491587853413,-0.5290784543991943,-0.8909570206923472,-0.0334913716933153,-0.38556387236388,-1.095332391855151,-1.007625057162762,-0.3366856899084655,0.251126854018938,-0.0012645926250426,-1.8054659440912213,0.1706153033861558,-1.2471168323112367,0.0313391869694874
2017-12-19,AEP,75.54,75.75,74.49,74.51,1684397,-0.8493597135628563,-0.8420355778274515,-0.8357360510376229,-1.2578264803346333,-0.1163840612709097,-0.5228462016710196,-0.9336456808365818,-0.9332151128179204,-0.5382911905605552,-0.4937991994731094,-0.0012576317419681,-1.862731938671708,-0.8796177454679013,-1.056477243405355,-0.1819898152229949
2017-12-20,AEP,74.54,74.86,74.3,74.5,3630878,-0.0413517050431933,-0.0330896944804998,-0.8012831002330197,-1.5512157408690468,-0.1820680439012133,-0.5883771496756737,-0.8188824738955517,-0.9483884264887064,-0.6017412118808111,1.1839236481660806,-0.0012750505199214,-1.704953632069632,-0.8500322445048705,-0.0668594996930636,-0.9648691174301384
2017-12-21,AEP,74.12,74.32,73.62,73.74,4431094,-0.6681115933727751,-0.6596553847070452,-1.0148399002200066,-1.6333093275628547,-0.262701235935687,-0.6792809157408424,-0.6564280870986069,-0.9131172374159112,-0.7139799674341206,1.6238258158375596,-0.0012826437519259,-1.7916619348017273,-0.0418134485152657,-0.413657057613628,-0.8001847411949093
2017-12-22,AEP,74.0,74.24,73.62,73.65,1801521,-0.1089822564348238,-0.1003949219911135,-0.9989304067255254,-1.7454275754389343,-0.3280600954324253,-0.7126880595826046,-0.5249314907139596,-0.9129624621254524,-0.7090758727116939,-0.5848774075901592,-0.0012591819358228,-1.858892572637635,-0.6687368415746633,-0.3836560752622202,-0.8897443637649597
2017-12-26,AEP,73.75,73.88,72.94,72.99,1077967,-0.5909092100450798,-0.582133647522437,-1.1642372113410515,-1.6488433826189213,-0.4028841209518655,-0.7637769490592574,-0.3690825556748164,-0.9063869177031088,-0.8851543108514786,-1.1612493520809108,-0.0012526246055176,-1.848903355060112,-0.1094616428914562,-0.8048840996269041,-0.518020601643457
2017-12-27,AEP,73.21,73.485,72.975,73.24,2156407,0.180245625322659,0.1869304817880081,-1.0148899992739684,-1.7931982638209971,-0.4488656880838677,-0.7304080692631384,-0.2779735518171664,-0.9076679145760306,-0.888265799093902,-0.2456982257778535,-0.0012228017262211,-1.6869062041126217,-0.591514318229934,0.004643066066782,-1.010987494431539
2017-12-28,AEP,73.43,73.68,73.07,73.65,1614971,0.3155265590020704,0.3208652612684156,-0.814175892430359,-1.490688310327176,-0.4655007397419498,-0.6281755397853459,-0.241433523314638,-0.8849767195454156,-0.831931938292183,-0.6985681963356056,-0.001227906223371,-1.4212308765587307,0.1798416906100557,0.2000404249768519,-0.9010601626894316
2017-12-29,AEP,73.87,74.0,73.42,73.57,1415904,-0.1006218814751495,-0.0920707988255021,-0.7732569680314527,-1.721488744761653,-0.4780184292767927,-0.5357914969766988,-0.2438034978389114,-0.9209732649444092,-0.9355742193826164,-0.8193461847528837,-0.0012556179143214,-1.473069964861936,0.3151579154319323,-0.333146597533112,-0.9342938812379922
2018-01-02,AEP,73.18,73.42,72.3,72.41,3016947,-1.0146369768338257,-1.0088147575558604,-1.0958898115092093,-2.030989828947129,-0.5291873175304138,-0.5613717828664012,-0.1734438807874868,-0.8463607981083925,-1.0858616490083712,0.5145006649717265,-0.0012703435186895,-1.8179301736172555,-0.1010990869357188,-0.8212724756094854,-0.3022510871349184
2018-01-03,AEP,72.21,72.82,71.61,71.8,2235678,-0.5574733648875384,-0.5485895896396359,-1.215297282742242,-1.9601942994244517,-0.588656439432457,-0.6032006701038731,-0.0997470182811518,-0.8483365897824032,-1.2283092511410043,-0.1351843422342827,-0.0012633931928123,-1.7756849772037775,-1.0153526241506732,-0.4552908191802097,-0.1868330964500773
2018-01-04,AEP,71.68,71.98,70.92,70.95,3392056,-0.7700340914331952,-0.7621483728973815,-1.4244910777721371,-2.408778948563389,-0.6632885945969276,-0.6756931664855547,0.057676310009375,-0.8710731587072765,-1.1918960324134242,0.8063770574536107,-0.0012743276049227,-1.865473349357024,-0.558069750563294,-0.7957473986105046,-0.3462032399497251
2018-01-05,AEP,71.12,71.31,70.305,70.8,2967908,-0.1646198009768217,-0.1558197374755997,-1.3779883813163607,-2.4018208801823198,-0.7217151169240144,-0.6919741436412085,0.1631198086355454,-0.9149792886738274,-1.302511990032943,0.4902675817527184,-0.0012706927615152,-1.643346189293859,-0.770685928462508,-0.3662570915091386,-0.4083074652431088
2018-01-08,AEP,70.83,71.53,70.8,71.42,5715506,0.5122014604669233,0.5150677605657582,-1.070906558494273,-2.15326382207987,-0.7368205964098996,-0.5934913068475633,0.1935753839185897,-0.8449322514765419,-1.1624278960669636,2.4850463639750098,-0.0011882692318211,-1.345299543854327,-0.1651137017663865,0.6030149929076163,-0.7394780958010214
2018-01-09,AEP,71.3,71.4,70.2626,70.58,4323683,-0.7652384331217937,-0.7573220663433934,-1.2608451816849071,-2.12700349407396,-0.7746173603201212,-0.5731120128991584,0.2268044217218778,-0.8460531720759189,-1.379742508551583,1.1999268035396606,-0.0012830991246124,-1.729651993289361,0.5118841240675602,-0.7892518287723863,-0.2482820563871219
2018-01-10,AEP,70.31,70.36,69.4,69.5,3978401,-0.985655160343634,-0.9795370761498146,-1.517359800700539,-2.13899235716358,-0.8390991757131157,-0.625495440884197,0.2848024497678049,-0.8159568210281263,-1.611743236026061,0.8182280910235046,-0.0012804224909676,-1.8387940699370464,-0.7658890190933553,-0.8967040630147582,-0.4401408076482744
2018-01-11,AEP,69.59,69.82,68.38,68.73,2794211,-0.7227613505899031,-0.714589935320109,-1.6700324430154958,-2.2299011058522185,-0.9116920358968208,-0.6882798729350023,0.4187171939485911,-0.8332012694137422,-1.5758556130738537,-0.0581160855709322,-0.0012695617404335,-1.747417452901518,-0.9863632470871851,-0.9599928727112464,0.1547962407549236
2018-01-12,AEP,68.47,68.5,67.23,67.46,6646960,-1.18340645514533,-1.1795827337316769,-1.9752602371586656,-2.282141431831949,-1.0092660008420813,-0.8028083521917824,0.5731365164744447,-0.8245254571483419,-1.9046782716444008,2.3450165241173817,-0.001307211553244,-1.8023191330169903,-0.7234008554376848,-1.140779863430545,-0.0223513054704379
2018-01-16,AEP,67.75,67.9334,67.1111,67.5,3999858,0.0039194846675986,0.0119228826877558,-1.8121430638229723,-2.25047184854816,-1.0743317577697251,-0.8107555677761552,0.6612993598327228,-0.8093637110926947,-1.8596354274453757,0.511174830890147,-0.0012029701937599,-1.749372242034409,-1.184166129861611,-0.3051054259854832,-0.5760470315933985
2018-01-17,AEP,68.18,68.55,67.74,68.25,2934657,0.6587599291547236,0.6593887967079335,-1.3958856856953656,-1.7617365262836484,-1.0855625661991344,-0.6785431095571237,0.606128982039567,-0.7241615243720104,-1.7581680328986904,-0.1404628909538257,-0.0012139645531396,-1.494942035268153,0.0034695512264166,0.0512520170719556,-0.6022235915317066
2018-01-18,AEP,68.58,68.59,67.56,67.8,2704764,-0.4434885979873875,-0.4343723027373878,-1.4266788649848106,-1.9542406137038015,-1.1011755697176904,-0.5840528377035588,0.6024215447751606,-0.7501641949259202,-1.6653104767489195,-0.2956333511249661,-0.001268929734206,-1.6162194226520383,0.6584808259021704,-0.8856106952868914,-0.3252312001620484
2018-01-19,AEP,68.09,68.22,67.56,67.76,3221568,-0.0697264486555737,-0.0613190386911442,-1.322940661512614,-2.181453726426055,-1.1040920663470044,-0.4757800300532795,0.6185118732509491,-0.7691640374837023,-1.4979588883626924,-0.0115016971938534,-0.0012742376985366,-1.6029327714868196,-0.4440552481155081,-0.3924802915353874,-0.7795622826786862
2018-01-22,AEP,68.37,68.78,68.04,68.13,4622542,0.3069607732776007,0.3123932981652711,-1.0727620281404855,-1.969931718827952,-1.081075996211,-0.3224118034982865,0.5724201661004018,-0.735942661779377,-1.4232262172541974,0.828014340146404,-0.0011969489769759,-1.4114656993557595,-0.0701955943320219,-0.2915268541822776,-0.6861098105080667
2018-01-23,AEP,68.35,69.46,68.13,68.77,3888455,0.5518438806102677,0.554138181877733,-0.745113362840028,-1.4537233674545245,-1.0274997534168848,-0.1210558639139279,0.5130423912734685,-0.6812375351258967,-1.1573352505828478,0.3922089419475092,-0.0012048402966859,-1.1077634239928416,0.3065898951252778,0.4379372862689951,0.0204740173407063
2018-01-24,AEP,68.76,68.88,68.39,68.48,3519613,-0.2955353897811915,-0.2864308244041385,-0.7591941755566589,-1.387775260707605,-0.986774544851088,0.0069505468754769,0.4415429035329322,-0.6830917124328124,-1.1984268615909457,0.1038883864718384,-0.0012765238667238,-1.2207514480832882,0.5515368858478145,-0.3339736166622137,-0.994988894912767
2018-01-25,AEP,68.47,69.8,68.33,69.7,3721267,1.076157078272274,1.0685799981979298,-0.2417863330674407,-0.6207627998789578,-0.8978321440498995,0.2334658982804856,0.3589677996690366,-0.539352648732781,-0.8294682898326134,0.1397944561274611,-0.0012065153360315,-0.6320505704860176,-0.2960634429126255,1.330901146638881,0.1663671050112276
2018-01-26,AEP,69.58,69.73,68.32,68.75,4900587,-0.8815632686420826,-0.8744965556679304,-0.5149694859690732,-0.836380145184161,-0.8565548086646927,0.2919891215595179,0.2549074888664432,-0.5111132091643944,-1.0678402394090565,0.7217310816139902,-0.0012897588781646,-1.0904651882871728,1.0759868626645162,-0.9275522749590815,0.1179213582076719
2018-01-29,AEP,68.52,68.62,67.67,67.9,5796088,-0.8027317793977531,-0.7950650570014751,-0.7289805178676265,-1.273861473845152,-0.8492015814048771,0.2514876298584561,0.1042293204326558,-0.513228354107296,-1.3140846853606325,1.0467067214267796,-0.0012993161769944,-1.500625635793465,-0.8822442006219908,-0.7099433284303519,-0.4252883135052943
2018-01-30,AEP,67.97,68.72,67.97,68.35,4215980,0.3796124528887891,0.384212457951474,-0.4618190305243481,-0.905511639369418,-0.817931595505694,0.2806477615175401,-0.1192581268569023,-0.4792264309884513,-1.209529260243485,0.1239701610050666,-0.0012006761867497,-1.228522030008995,-0.8033921463708862,0.3960709489391097,-0.6768301983391852
2018-01-31,AEP,68.46,68.85,67.8109,68.78,3754399,0.3586785161932005,0.363526946692469,-0.2303603857004763,-0.4379835803868195,-0.7690579041750405,0.3492875015843962,-0.2835326026447193,-0.5038009209975277,-0.9037312619843236,-0.1313600548378193,-0.0012058365154204,-0.9095347444995854,0.3792605275977879,0.3268323134654577,-0.3322444165820248
2018-02-01,AEP,68.74,68.98,67.66,67.84,2968573,-0.8838619233753946,-0.8768142358155327,-0.5134324105067007,-0.4907523728551046,-0.7602518737072197,0.3010658243263159,-0.402532128252726,-0.4744746531726837,-0.9774872016993358,-0.5455832989660117,-0.0012714811584521,-1.3836552832179658,0.3583211298034163,-1.015501983563681,0.030284799617037
2018-02-02,AEP,67.74,68.23,67.52,67.75,2800181,-0.1155907272331876,-0.1069755295102366,-0.4876115051316014,-0.0752151816910477,-0.749867175542362,0.2665519459958673,-0.4711756873089878,-0.5029387703733712,-0.8298724177705108,-0.6200660111287501,-0.0012701333696656,-1.4006810051070322,-0.8845434550122497,-0.0151633496203917,-0.7179362964042734
2018-02-05,AEP,67.82,68.42,66.3,66.48,4146484,-1.2000470780803962,-1.1964459449544609,-0.8926244437087761,-0.5328513534058291,-0.7842743909023466,0.1236472289941225,-0.4743387527307985,-0.4186773143091707,-1.063605394899746,0.0338420695706623,-0.0012837241671023,-1.766895007670321,-0.1160718376613958,-1.5190825802711274,1.0663569279361778
2018-02-06,AEP,65.45,65.87,63.94,64.91,7872392,-1.5032896482377518,-1.5045519191554302,-1.3754366153692177,-1.218385157484554,-0.8650550207769809,-0.1100409152674932,-0.4244813087780827,-0.3478331238712057,-1.5061697159463705,1.7983733932564367,-0.0013217474554622,-1.449070065233628,-1.200811093885837,-0.6496620663115003,0.8866896296814412
2018-02-07,AEP,64.92,65.44,64.36,64.45,5927662,-0.4742022863015175,-0.4651279128167486,-1.4404699390900866,-1.2203883078837332,-0.9380606029765002,-0.2769785918054939,-0.3019850008751373,-0.3615691256919356,-1.443030202014188,0.7941520281479593,-0.0013039670079513,-1.6172322892845474,-1.504132771840972,-0.5732872690527003,-0.1947664447138835
